Material,Mode_index,Frequency_THz,Qpoint_weight,Group_velocity_km_s,Scattering_rate_ps_inverse,Relaxation_time_ps
Ge,0,0.0,0.0,0.0,0.0,
Ge,1,0.3860937757522457,0.04761904762,2.606778081375914,0.0006771389517,1476.80176644607
Ge,2,0.7481392240061215,0.09523809524,2.358673782055057,0.001674026013,597.3622824462047
Ge,3,1.062909136448475,0.1428571429,1.9596181943207962,0.002873660433,347.9882273202458
Ge,4,1.3116350363856057,0.1904761905,1.4602732405119823,0.006005172488,166.5231102017931
Ge,5,1.4861437416671608,0.2380952381,0.9543468722607129,0.007242194022,138.07970305162308
Ge,6,1.5933113875474407,0.2857142857,0.5471130593623285,0.01230336875,81.27855226642703
Ge,7,1.6525950504969273,0.3333333333,0.2971887281542868,0.0109489693,91.33279787349481
Ge,8,1.6860799772839172,0.380952381,0.18095312702744512,0.0115843774,86.32315449253232
Ge,9,1.7076655828914782,0.4285714286,0.11868571345117729,0.01540664358,64.90706394338487
Ge,10,1.7198249950789082,0.4761904762,0.04473598949949897,0.02295325206,43.56681124687654
Ge,11,0.5162099916572293,0.04761904762,3.031859708,0.001260255927,793.4896226835996
Ge,12,0.775094622537257,0.09523809524,2.923917629063196,0.002623257233,381.20546754630834
Ge,13,1.0694653616727938,0.1428571429,2.649112423558732,0.003512403901,284.70529819059095
Ge,14,1.3320496213021815,0.1904761905,1.7418877843332428,0.006751791259,148.10884425181544
Ge,15,1.4998257665951489,0.2380952381,1.1966876279562377,0.01042086274,95.96134455946208
Ge,16,1.6040246908655975,0.2857142857,0.7871283943977538,0.01423114566,70.26841154544124
Ge,17,1.6643596390592819,0.3333333333,0.5728100133042607,0.01373425406,72.81065252116066
Ge,18,1.7023367873263147,0.380952381,0.5059713700766975,0.01731691956,57.74699111670412
Ge,19,1.7300021276754802,0.4285714286,0.49158908970047327,0.01995186605,50.12062518332715
Ge,20,1.748267140465866,0.4761904762,0.4776027434353533,0.02450090047,40.81482642747947
Ge,21,1.7545159757429565,0.5238095238,0.47650427970071624,0.02089178962,47.86569356617904
Ge,22,1.7499091993095248,0.5714285714,0.5092074694790991,0.01643248514,60.85506796326243
Ge,23,1.7374481630401448,0.619047619,0.5671667273969319,0.01503166609,66.52622497151279
Ge,24,1.7133270393440443,0.6666666667,0.6364594200097613,0.01326443454,75.38956877388307
Ge,25,1.6622302016249426,0.7142857143,0.7609432498373131,0.009295273807,107.58155389106764
Ge,26,1.5624506953156787,0.7619047619,1.0390306181269449,0.007365957079,135.75968326654433
Ge,27,1.397007138396836,0.8095238095,1.4570928441124478,0.005178484144,193.10670308002008
Ge,28,1.1628876343422416,0.8571428571,1.888868996929535,0.002763488997,361.86140096290745
Ge,29,0.8749806985189504,0.9047619048,2.211769257997575,0.002037695189,490.75053295422
Ge,30,0.5740590594834906,0.9523809524,2.3621111272575313,0.001368716838,730.6113085166853
Ge,31,1.0053831738468328,0.09523809524,2.774623665,0.002570921321,388.96561782413255
Ge,32,1.2412330634413185,0.1428571429,2.451521324739162,0.00657025805,152.20102351992097
Ge,33,1.447692723881017,0.1904761905,1.962553205942778,0.01095940901,91.24579610885422
Ge,34,1.597202487173623,0.2380952381,1.4748502708787232,0.01071805176,93.3005384180007
Ge,35,1.6908725273246734,0.2857142857,1.1299504206469393,0.01417791496,70.53223290034461
Ge,36,1.7470555241235468,0.3333333333,0.9667999711846386,0.0148426172,67.37356266252019
Ge,37,1.7855253190098765,0.380952381,0.9190779174311839,0.01785468453,56.007710375379
Ge,38,1.8157375045048818,0.4285714286,0.9014454426376061,0.02047398166,48.8424780585644
Ge,39,1.836808387110989,0.4761904762,0.8747513278511254,0.02097313483,47.68004440469236
Ge,40,1.846425617392412,0.5238095238,0.8561843890199586,0.02081720684,48.037184223894656
Ge,41,1.8473974206580301,0.5714285714,0.8711695782335447,0.02187127217,45.72207744603271
Ge,42,1.843522457751528,0.619047619,0.9140987942859636,0.01717445634,58.226006122299175
Ge,43,1.8299551625290567,0.6666666667,0.9582121806738476,0.01334513993,74.93364664929369
Ge,44,1.7900829595377277,0.7142857143,1.0219463563581759,0.009392676896,106.46592138454838
Ge,45,1.7028379041716832,0.7619047619,1.1975626466059197,0.009068426677,110.27271164206161
Ge,46,1.554522466787534,0.8095238095,1.5082380486338716,0.005957784988,167.84761484581458
Ge,47,1.3475594247276268,0.8571428571,1.8453996104584824,0.003169924287,315.464947885678
Ge,48,1.104539015436942,0.9047619048,2.0899148577251894,0.002310557636,432.7959555820403
Ge,49,1.4324054181110848,0.1428571429,2.28511007,0.0126803463,78.86219952841508
Ge,50,1.6081770051336786,0.1904761905,1.9027890250842023,0.01159653237,86.23267439730347
Ge,51,1.7375304461457233,0.2380952381,1.4921261708256799,0.01574435171,63.51484128526242
Ge,52,1.8193999700975652,0.2857142857,1.2105408829506668,0.01506977611,66.35798652220322
Ge,53,1.8710042701696166,0.3333333333,1.0923226335211058,0.01925673958,51.929870882119495
Ge,54,1.9098243571279443,0.380952381,1.068646195572202,0.01906641998,52.448231028633835
Ge,55,1.941994313944121,0.4285714286,1.05793185451161,0.02035090575,49.137862082625
Ge,56,1.9644653048662997,0.4761904762,1.029135879643947,0.02125282955,47.05255823218137
Ge,57,1.9753561041431902,0.5238095238,1.0071177286688489,0.02236468021,44.713360111130335
Ge,58,1.9796040657574212,0.5714285714,1.0199268673402677,0.01666361968,60.01097115773829
Ge,59,1.982253769559882,0.619047619,1.0585785697280992,0.01416834562,70.57987056642679
Ge,60,1.9774608184486697,0.6666666667,1.0847010291970947,0.01370867943,72.9464865748925
Ge,61,1.9470536872469701,0.7142857143,1.1066985209706126,0.009809309762,101.94397202888536
Ge,62,1.870404935625767,0.7619047619,1.2168550245664431,0.007772682986,128.65570380281557
Ge,63,1.7370485870484689,0.8095238095,1.4475951186545288,0.007046771428,141.9089593322907
Ge,64,1.5541113223005096,0.8571428571,1.6942324453312592,0.005101445376,196.02287710548643
Ge,65,1.7597014140846798,0.1904761905,1.603530699,0.01680269668,59.514256493738
Ge,66,1.8716372739416771,0.2380952381,1.248637212584805,0.01280789068,78.07686878226853
Ge,67,1.9429048664298898,0.2857142857,1.0058048193006115,0.01910281198,52.348314009841395
Ge,68,1.990714460658592,0.3333333333,0.9116539003270956,0.02161972495,46.254057455064896
Ge,69,2.030683038334161,0.380952381,0.8972468599120544,0.02299587969,43.48605113092762
Ge,70,2.0655164037849474,0.4285714286,0.882389672701581,0.02105142856,47.502714466613845
Ge,71,2.0897682955484904,0.4761904762,0.8469062474358562,0.02395093034,41.75203158308714
Ge,72,2.1019821212194136,0.5238095238,0.8278753347882983,0.02854797983,35.02874830215263
Ge,73,2.1094572946710595,0.5714285714,0.8547780208077297,0.02292625257,43.61811844071471
Ge,74,2.118581289459896,0.619047619,0.9103465795078644,0.02214789158,45.15102470986541
Ge,75,2.1220310667528293,0.6666666667,0.9395299292504946,0.02002675174,49.93320998745251
Ge,76,2.0991788710940558,0.7142857143,0.9511609353172092,0.01418278818,70.50799795558957
Ge,77,2.029154604979024,0.7619047619,1.0537978842512492,0.01190430837,84.00320026320017
Ge,78,1.904562194962805,0.8095238095,1.2626550840055581,0.01009584781,99.05062148515094
Ge,79,1.969388610242102,0.2380952381,0.9208200166,0.0160825815,62.179072433116545
Ge,80,2.0301351792735556,0.2857142857,0.6852005913299202,0.0216834082,46.118211250572685
Ge,81,2.07211689031725,0.3333333333,0.5849988573838116,0.02360372661,42.36619142912535
Ge,82,2.110615858304649,0.380952381,0.5522629891800676,0.0271865263,36.782926548435135
Ge,83,2.1460123839722693,0.4285714286,0.5031706504683765,0.02699721779,37.04085390496826
Ge,84,2.170789711456485,0.4761904762,0.431469562384078,0.03863744548,25.88162823853437
Ge,85,2.183950582250079,0.5238095238,0.3988455136597308,0.03129988009,31.94900418546619
Ge,86,2.195313758172715,0.5714285714,0.44002047516789083,0.02941910479,33.99151697980678
Ge,87,2.2126966260431242,0.619047619,0.5227762764169764,0.02671945851,37.42590814951362
Ge,88,2.2267097604161292,0.6666666667,0.5612239272430762,0.02271877693,44.016454014278665
Ge,89,2.212904299370617,0.7142857143,0.5951029999786867,0.02024057392,49.40571368936756
Ge,90,2.1487399193165504,0.7619047619,0.7845971858296115,0.01554529281,64.32815465249509
Ge,91,2.079591373036443,0.2857142857,0.4356217821,0.0242326947,41.26656207161311
Ge,92,2.110848768831468,0.3333333333,0.31360494296862135,0.02266838736,44.114298212698266
Ge,93,2.1410982666113316,0.380952381,0.2659648870054277,0.02746831085,36.40558771381459
Ge,94,2.170794720062544,0.4285714286,0.1965591621008183,0.02829470626,35.3423001041609
Ge,95,2.191344780849779,0.4761904762,0.10036039506439026,0.03414280071,29.288751338642015
Ge,96,2.20218314016447,0.5238095238,0.08654135397917948,0.0403123178,24.806313667233493
Ge,97,2.21572504539887,0.5714285714,0.13818783397319231,0.03341740312,29.92452754060681
Ge,98,2.2417401861290376,0.619047619,0.2167437378617936,0.03400227368,29.40979798619161
Ge,99,2.2689272069868833,0.6666666667,0.1765014432518559,0.02503519126,39.943773131773554
Ge,100,2.2680064335706684,0.7142857143,0.21170038540545097,0.02903441785,34.4418822228943
Ge,101,2.127162242808254,0.3333333333,0.1591522235,0.02426557934,41.21063775104576
Ge,102,2.142069990299478,0.380952381,0.11715899450518454,0.02916811286,34.28401435498285
Ge,103,2.158997283511485,0.4285714286,0.14779309612831826,0.030586449,32.694216971705345
Ge,104,2.1695603923098457,0.4761904762,0.21763103078768023,0.04318402666,23.156710416869682
Ge,105,2.173097733469369,0.5238095238,0.2866510834920296,0.03713179026,26.931101166895367
Ge,106,2.1841177426868086,0.5714285714,0.3163492676868132,0.03438976297,29.07842083332626
Ge,107,2.215237988301174,0.619047619,0.35177436384402117,0.03823057793,26.15707253578523
Ge,108,2.254765038333617,0.6666666667,0.2803837653307628,0.03155686033,31.68883055990634
Ge,109,2.1391893256182506,0.380952381,0.00118334024,0.04137361761,24.169991839396225
Ge,110,2.1410212324357762,0.4285714286,0.09843132093665884,0.03905714842,25.603507692024177
Ge,111,2.1402927452471574,0.4761904762,0.18421085035582985,0.04072736646,24.553514919314527
Ge,112,2.1347633348762263,0.5238095238,0.23912028768939794,0.03944471669,25.351937696982354
Ge,113,2.139093359962214,0.5714285714,0.2652737414869098,0.03684731035,27.139022916498977
Ge,114,2.1690537846189404,0.619047619,0.35830621165144627,0.03572187672,27.994049916199366
Ge,115,2.1317272410691244,0.4285714286,0.07117677073,0.03525939325,28.361236760646754
Ge,116,2.1253539577673823,0.4761904762,0.09277468718076697,0.04285482143,23.334597289908714
Ge,117,2.1159518078845045,0.5238095238,0.09219706916705005,0.04571572841,21.874309669344715
Ge,118,2.1147675916571873,0.5714285714,0.08170617855347354,0.04083750352,24.487295103880534
Ge,119,2.121140601212428,0.4761904762,0.04013995157,0.04768519618,20.97086895113619
Ge,120,2.1165925402206014,0.5238095238,0.04181505374674027,0.04389773375,22.78021926359695
Ge,121,0.9721543903886352,0.1428571429,2.6932642806206823,0.002708581892,369.1968859991182
Ge,122,1.2172829907245313,0.1904761905,2.3805226785722824,0.003873934597,258.1354885997318
Ge,123,1.4435382664324723,0.2380952381,1.924755041329619,0.006486469034,154.16708146733134
Ge,124,1.6100233823186305,0.2857142857,1.4056052645062496,0.00960473705,104.11529173513398
Ge,125,1.7104881210043896,0.3333333333,1.1006027534634528,0.01160460643,86.1726768617348
Ge,126,1.7655631336105888,0.380952381,1.0269545227233754,0.01438773267,69.5036544628821
Ge,127,1.79729880433355,0.4285714286,0.9899082986506887,0.01453866023,68.78212876428161
Ge,128,1.816152346638699,0.4761904762,0.9481660174905533,0.01867369932,53.551253175045765
Ge,129,1.8255372982384266,0.5238095238,0.9222287812491357,0.02316532974,43.167958808429205
Ge,130,1.4102247267600352,0.1904761905,2.445627360196809,0.008370149918,119.47217311478508
Ge,131,1.5985205479334317,0.2380952381,2.090979194323335,0.00933614967,107.11053650021444
Ge,132,1.7412400120522655,0.2857142857,1.6221293630820448,0.01323057227,75.58252051330203
Ge,133,1.8268633167453898,0.3333333333,1.39344269851414,0.01257258896,79.53811288840544
Ge,134,1.8786736906377566,0.380952381,1.3532671570294112,0.01903814461,52.5261269144231
Ge,135,1.915151438594371,0.4285714286,1.3535868149866166,0.02198001372,45.49587696981656
Ge,136,1.9407086650884728,0.4761904762,1.3371967163045995,0.02101516526,47.58468409017879
Ge,137,1.9548213795262717,0.5238095238,1.3129997231182866,0.01921348915,52.046767361877116
Ge,138,1.9590394088703555,0.5714285714,1.2999396663424896,0.01606877888,62.23248247224621
Ge,139,1.9570615760686079,0.619047619,1.2999356100640977,0.01622940324,61.616560092322906
Ge,140,1.9491136344500568,0.6666666667,1.3051987730193952,0.01641128266,60.933689384154455
Ge,141,1.9265344181665756,0.7142857143,1.3131045716766243,0.01444928082,69.20759672798718
Ge,142,1.8745235742994395,0.7619047619,1.3612633102450966,0.01145885879,87.26872530034905
Ge,143,1.7762780746331097,0.8095238095,1.5554085987688882,0.009502485249,105.23562771173317
Ge,144,1.6210813547646459,0.8571428571,1.8838113560968095,0.005822577528,171.7452442996479
Ge,145,1.4207965095027946,0.9047619048,2.1760451406439723,0.006253183573,159.9185420235863
Ge,146,1.7683138005342989,0.2380952381,1.800337292790715,0.01137716097,87.89538995157595
Ge,147,1.8933283531215745,0.2857142857,1.5348321560491147,0.01259824508,79.37613482273993
Ge,148,1.9644550664288105,0.3333333333,1.407594760928536,0.01806167988,55.36583566112899
Ge,149,2.0119614370683845,0.380952381,1.3939367178369828,0.01866771439,53.56842188113207
Ge,150,2.0512350630933933,0.4285714286,1.4122398198925987,0.01966454981,50.85293127287718
Ge,151,2.0816706496073683,0.4761904762,1.413603221854744,0.02081976092,48.03129122579761
Ge,152,2.0991891620526757,0.5238095238,1.4008479737237058,0.01994517958,50.1374277423277
Ge,153,2.1057997055858326,0.5714285714,1.389005186234226,0.02310841611,43.2742770097193
Ge,154,2.1081636673781143,0.619047619,1.3773717653815052,0.02153582501,46.434255457390535
Ge,155,2.10779966092467,0.6666666667,1.3610226733101192,0.0184129675,54.309551135633086
Ge,156,2.0935049241615555,0.7142857143,1.341303105727302,0.01433085011,69.77953103439444
Ge,157,2.046408210387753,0.7619047619,1.3671729596164208,0.01180171511,84.73344684898092
Ge,158,1.9511541870317783,0.8095238095,1.5117792732563835,0.009420388903,106.15273003023707
Ge,159,1.8039359872210814,0.8571428571,1.7329192937966058,0.00799587332,125.06451265288432
Ge,160,2.0083622705796675,0.2857142857,1.1511123155929992,0.01931683786,51.76830738279023
Ge,161,2.0756977905931486,0.3333333333,1.251389865748998,0.01948057452,51.33318829859645
Ge,162,2.118766299123493,0.380952381,1.2417811104264163,0.02408316764,41.52277702618691
Ge,163,2.159000199230042,0.4285714286,1.2532782212637255,0.02551130315,39.19831120034336
Ge,164,2.192218008318294,0.4761904762,1.2548275418232886,0.02699990702,37.03716458205788
Ge,165,2.212052177439106,0.5238095238,1.2502581772413948,0.03138187447,31.865528012227752
Ge,166,2.221104627306374,0.5714285714,1.2406259407228672,0.02791576792,35.82204877421835
Ge,167,2.2282986519594985,0.619047619,1.216057698417931,0.02556642473,39.11379907674717
Ge,168,2.235723740942103,0.6666666667,1.1807765426987955,0.02221733553,45.00989772827183
Ge,169,2.229712382347149,0.7142857143,1.1460481399566216,0.02111235621,47.365627505202085
Ge,170,2.188000615593982,0.7619047619,1.1762417185381124,0.01924561489,51.959888302638696
Ge,171,2.095017263768847,0.8095238095,1.3303196221855629,0.01277666437,78.26768951902898
Ge,172,2.138662266517158,0.3333333333,0.8257020848161182,0.02276448083,43.92808285274653
Ge,173,2.1773052092491763,0.380952381,1.114842806145111,0.02568027014,38.94040033645845
Ge,174,2.213915783146647,0.4285714286,1.1176052940227117,0.03118964743,32.06192061786958
Ge,175,2.245453154768263,0.4761904762,1.1222359555310093,0.03152826635,31.717570160656802
Ge,176,2.2646402635524403,0.5238095238,1.1326067660996841,0.03254219018,30.729339189179306
Ge,177,2.275148245853163,0.5714285714,1.1241231116283394,0.03141773501,31.82915635648809
Ge,178,2.2880500060332056,0.619047619,1.0717917566096493,0.02664559487,37.52965564772921
Ge,179,2.305520986854759,0.6666666667,0.993979052579783,0.03304392044,30.26275292654106
Ge,180,2.3106422380079326,0.7142857143,0.9260175756896848,0.03172163753,31.52422377483739
Ge,181,2.2770666151850727,0.7619047619,0.9717053804297151,0.0222377626,44.968552726612884
Ge,182,2.193381287712847,0.380952381,0.7661794340606145,0.03292441871,30.372593934248382
Ge,183,2.2232502301082833,0.4285714286,1.0990191740187285,0.03693929947,27.07143920831913
Ge,184,2.2469329360488466,0.4761904762,1.1385168660219922,0.0388057154,25.76939993741231
Ge,185,2.2606286040568664,0.5238095238,1.1856156859449525,0.03900411585,25.63831991079475
Ge,186,2.2689969741477367,0.5714285714,1.195165112263852,0.03639504816,27.476265331585704
Ge,187,2.2855530384549816,0.619047619,1.1325638210529294,0.03322218861,30.100364901877544
Ge,188,2.3132301578614856,0.6666666667,1.0213185222640884,0.03075286081,32.51729997343294
Ge,189,2.3320017528779857,0.7142857143,0.9054676868326587,0.02687628247,37.20752678932534
Ge,190,2.2057461864388523,0.4285714286,0.765333574117288,0.03321905165,30.103207356312353
Ge,191,2.2262827540700116,0.4761904762,1.1861283071589235,0.03957921743,25.265785049151237
Ge,192,2.2314512583257895,0.5238095238,1.2784702464332613,0.04323450631,23.129673155738182
Ge,193,2.2335471904615094,0.5714285714,1.310191270184368,0.04041886089,24.740924854896377
Ge,194,2.2487020578328716,0.619047619,1.2597569190023283,0.04246601761,23.548240599903053
Ge,195,2.2823508266760277,0.6666666667,1.1543158049333468,0.04240192124,23.583837023324463
Ge,196,2.2017553157619445,0.4761904762,0.8100551509337734,0.04371268025,22.876657168602698
Ge,197,2.2106682472229995,0.5238095238,1.3559970942757773,0.04245338224,23.55524924602568
Ge,198,2.206298269471647,0.5714285714,1.3986831937174766,0.04622581609,21.63293338192312
Ge,199,2.2158378703380275,0.619047619,1.3520252549988867,0.0470174348,21.268706050292646
Ge,200,2.202383676984315,0.5238095238,0.9336122067769924,0.03348574352,29.863455156751435
Ge,201,2.2020332050672313,0.5714285714,1.4574120874592704,0.04541659813,22.01838185100545
Ge,202,1.7780276617394202,0.2857142857,2.022632748788269,0.008522980606,117.32984576968543
Ge,203,1.9276381752039613,0.3333333333,1.763213557190008,0.0113581583,88.04244258508001
Ge,204,2.0225167361336878,0.380952381,1.603487734329063,0.0167417146,59.7310385401027
Ge,205,2.079765590403349,0.4285714286,1.5895221647404512,0.01501648873,66.59346389027657
Ge,206,2.114458146701334,0.4761904762,1.5978593335129918,0.01879874614,53.19503718773023
Ge,207,2.1328235337396797,0.5238095238,1.6027659218625596,0.02332093222,42.87993252441261
Ge,208,2.1405652264674777,0.5714285714,1.6067074405383093,0.0243169265,41.12361815133175
Ge,209,2.07328054213437,0.3333333333,1.4875867261139848,0.01511384563,66.16449740726907
Ge,210,2.1722969772041907,0.380952381,1.5240372332505472,0.02117743914,47.22006251035317
Ge,211,2.227673857399403,0.4285714286,1.5903150435021738,0.0256235658,39.02657451368459
Ge,212,2.269491780499612,0.4761904762,1.6114037090523963,0.02538349584,39.39567687222077
Ge,213,2.297279724267639,0.5238095238,1.6122030716175755,0.03023783992,33.07114538094294
Ge,214,2.31069350977285,0.5714285714,1.615484288461228,0.02899736608,34.48589079577534
Ge,215,2.313157045263728,0.619047619,1.6082411265309366,0.03371157448,29.663402419642786
Ge,216,2.3089604922876648,0.6666666667,1.5715863864274757,0.02667612518,37.48670368175263
Ge,217,2.2970907102656737,0.7142857143,1.5200555647479048,0.02599777919,38.46482396406568
Ge,218,2.26669788231871,0.7619047619,1.4903671068105269,0.02493025559,40.11190324102088
Ge,219,2.2039154207622684,0.8095238095,1.530617452654738,0.01982740116,50.43525331082775
Ge,220,2.093702012093784,0.8571428571,1.6711687329367861,0.01324627656,75.4929127042173
Ge,221,2.261745130095336,0.380952381,1.0655027905372774,0.02272798947,43.998612429839355
Ge,222,2.325405808627759,0.4285714286,1.5185650768287016,0.02939957634,34.014095592236
Ge,223,2.367774969648015,0.4761904762,1.5700916578983055,0.03251920283,30.751061310687113
Ge,224,2.3994289031668528,0.5238095238,1.5913162344329828,0.03478668542,28.746630727429622
Ge,225,2.4161982446471373,0.5714285714,1.611366032503269,0.03728116465,26.823196361704866
Ge,226,2.4211924933388227,0.619047619,1.5942466168889384,0.03923724034,25.48599216802106
Ge,227,2.4212039461285277,0.6666666667,1.513168592679888,0.03507512413,28.510234099063183
Ge,228,2.4159579620633536,0.7142857143,1.4065722444322335,0.03191364234,31.33456185747302
Ge,229,2.3908979117382296,0.7619047619,1.3428078443919857,0.02638298856,37.90321167466708
Ge,230,2.3258562425814997,0.8095238095,1.3903789123002697,0.02484445179,40.25043532667138
Ge,231,2.3505330207473185,0.4285714286,1.0661528028691976,0.03617754715,27.641453851301247
Ge,232,2.403423084266577,0.4761904762,1.5731818711210308,0.03924171275,25.48308750871227
Ge,233,2.434133174860199,0.5238095238,1.6702734627989566,0.04487254044,22.285344003135297
Ge,234,2.4512006469714325,0.5714285714,1.7288971408785534,0.04976078268,20.09614692820985
Ge,235,2.4585572054270908,0.619047619,1.7089793599764704,0.05272114231,18.96772255274755
Ge,236,2.4646870660180222,0.6666666667,1.586996641546403,0.0469440706,21.301944787037705
Ge,237,2.468719972698499,0.7142857143,1.4229211291024548,0.04216437153,23.716705922878486
Ge,238,2.452336047194604,0.7619047619,1.311191646504788,0.0322086435,31.04756647078291
Ge,239,2.376830301811303,0.4761904762,1.1999960839304855,0.03637505319,27.491368734957994
Ge,240,2.426097570698993,0.5238095238,1.7536949061760247,0.04744447348,21.077270473273256
Ge,241,2.4422368989285976,0.5714285714,1.9092223267975796,0.05387944989,18.559951930496595
Ge,242,2.449504683940098,0.619047619,1.9123427774517727,0.04930986634,20.279917067810086
Ge,243,2.460224219765826,0.6666666667,1.7800545244796904,0.05794345033,17.258205962965476
Ge,244,2.4738508925144664,0.7142857143,1.5835051040210226,0.05657224896,17.676511335214204
Ge,245,2.3863590069302796,0.5238095238,1.3291547362258411,0.04282135785,23.352832563201872
Ge,246,2.4266498638163125,0.5714285714,2.0575523004336076,0.0550478952,18.165998833684743
Ge,247,2.430889722852391,0.619047619,2.110043877477795,0.05389005075,18.556300951340262
Ge,248,2.4411298075951535,0.6666666667,1.983558702925913,0.06254878608,15.987520504730472
Ge,249,2.4119068241841455,0.5714285714,1.5040633544421924,0.0526938354,18.97755197375517
Ge,250,2.4261555046898278,0.619047619,2.244525997117674,0.05443783775,18.369576039966795
Ge,251,2.340015638755657,0.4285714286,1.2357117432245301,0.02690616801,37.16619920117714
Ge,252,2.422904564441948,0.4761904762,1.2499372358664766,0.03194480447,31.303995018630335
Ge,253,2.468483915678455,0.5238095238,1.291655255561225,0.04281741828,23.354981224243957
Ge,254,2.4941414113782536,0.5714285714,1.3294337274734191,0.04861989104,20.56771371982902
Ge,255,2.506368754078494,0.619047619,1.356331240108215,0.04593157611,21.771515038045578
Ge,256,2.497039212272204,0.4761904762,0.9046026455369018,0.04160365727,24.036348379426983
Ge,257,2.5676485988031175,0.5238095238,1.1210844950557461,0.04948732064,20.20719624880463
Ge,258,2.605243883432091,0.5714285714,1.253332340119636,0.04921642548,20.318419922762747
Ge,259,2.623556491508208,0.619047619,1.3324418971393766,0.05065942552,19.739663245987792
Ge,260,2.6245344906757606,0.6666666667,1.3548058116568864,0.05087714851,19.655189594665433
Ge,261,2.6123341899919015,0.7142857143,1.2866651863501926,0.04478253581,22.330133430646384
Ge,262,2.5866724241649797,0.7619047619,1.1707575619115733,0.03863101338,25.885937553937392
Ge,263,2.5335171798626397,0.8095238095,1.1002286552400145,0.03769920023,26.525761658047777
Ge,264,2.5737033303031622,0.5238095238,1.0806362497802051,0.05796564072,17.251599181495255
Ge,265,2.6432297406576093,0.5714285714,1.4466592133552552,0.0541664419,18.461615068720253
Ge,266,2.6689048166124225,0.619047619,1.6608724452665748,0.05318312988,18.802955039621672
Ge,267,2.6720152707920355,0.6666666667,1.684637791878833,0.05802668902,17.23344924359429
Ge,268,2.662888915735393,0.7142857143,1.5462226320430943,0.04625461997,21.619462026681525
Ge,269,2.6408626689777397,0.7619047619,1.3310730128441148,0.04218511346,23.705044694219012
Ge,270,2.6175431705328065,0.5714285714,1.3602128901036785,0.05507803978,18.156056460875014
Ge,271,2.6806030120987168,0.619047619,1.9491135476496662,0.06309633968,15.848779898669392
Ge,272,2.685926254747916,0.6666666667,2.01837714092317,0.05588075974,17.895247034091238
Ge,273,2.6795519592207357,0.7142857143,1.8350617129009974,0.05443121073,18.371812542630906
Ge,274,2.671579399515587,0.619047619,1.5691011325159339,0.06467476589,15.461980978807375
Ge,275,2.694603975893224,0.6666666667,2.2422122983388784,0.05195574765,19.2471486838473
Ge,276,2.6862706915095576,0.5714285714,0.7869578149622042,0.04423712399,22.60544786379093
Ge,277,2.745797848789579,0.619047619,0.9027973141927979,0.05957846749,16.784587488220403
Ge,278,2.7735478388783275,0.6666666667,0.9788773031706061,0.06759187229,14.794678207899663
Ge,279,2.7960463508732656,0.619047619,0.9064639030531569,0.05757262834,17.369365075612247
Ge,280,2.859811700837111,0.6666666667,1.1480554077249872,0.06930249549,14.429494824530451
Ge,281,2.8606026993127287,0.7142857143,1.2729128436976995,0.07093134691,14.098139166436985
Ge,282,2.8229230291413785,0.7619047619,1.1119354281367724,0.05174623798,19.32507635408204
Ge,283,2.8913764041371044,0.6666666667,1.1545578547224078,0.06113007549,16.35855987391322
Ge,284,2.908519653099843,0.7142857143,1.6178541931413757,0.07057293168,14.16973868301683
Ge,285,2.985148903465869,0.7142857143,0.8800962931985135,0.05816817795,17.191530407907507
Ge,286,0.0,0.0,0.0,0.0,
Ge,287,0.38609383861844815,0.04761904762,2.6067784052694147,0.0006858317272,1458.0836090547082
Ge,288,0.7481393056526073,0.09523809524,2.3586736937204664,0.001651274875,605.5926939480623
Ge,289,1.0629091748048163,0.1428571429,1.9596177145427225,0.002856118262,350.1255579311162
Ge,290,1.3116350761743416,0.1904761905,1.4602737580487635,0.005814083376,171.99615749026026
Ge,291,1.4861438314305488,0.2380952381,0.9543469877885018,0.00739399245,135.2449311738207
Ge,292,1.5933114559840662,0.2857142857,0.5471126822948676,0.01239082601,80.7048698119844
Ge,293,1.6525950504969273,0.3333333333,0.2971892077591554,0.0108043479,92.5553313587764
Ge,294,1.6860800250304002,0.380952381,0.18095325866330653,0.0110183151,90.75797805056419
Ge,295,1.7076656210886645,0.4285714286,0.11868549691018533,0.01505982488,66.40183454776003
Ge,296,1.7198249998535566,0.4761904762,0.044735833770810855,0.02271056991,44.03236043670029
Ge,297,0.5162100430642759,0.04761904762,3.031859693,0.001233438727,810.7415294412107
Ge,298,0.8064344868533695,0.09523809524,2.763579131843921,0.002602901029,384.1867166129581
Ge,299,1.0954197550301976,0.1428571429,2.300145141614605,0.004283560895,233.45063243229558
Ge,300,1.3375026344356398,0.1904761905,2.3134428586155242,0.004486600136,222.88592022634398
Ge,301,1.5447491193534177,0.2380952381,1.9966178764577978,0.007125438829,140.3422335098963
Ge,302,1.6830670246055413,0.2857142857,1.7934689195923197,0.008061627784,124.04442710499619
Ge,303,1.7628461231826944,0.3333333333,1.7196789495740057,0.01119785977,89.30277932923248
Ge,304,1.805102553165209,0.380952381,1.7153460423090663,0.01217180955,82.15705281060694
Ge,305,1.8295102671673351,0.4285714286,1.734174515386773,0.01660717425,60.21493993778021
Ge,306,1.844693581893226,0.4761904762,1.7593203657035235,0.01973292378,50.67672744033677
Ge,307,1.8482396431520816,0.5238095238,1.7727556780648996,0.01917581374,52.149025515096604
Ge,308,1.8357254507232583,0.5714285714,1.7499499766036717,0.01807887535,55.313175219165394
Ge,309,1.808812609268976,0.619047619,1.6819392265045927,0.01958161724,51.068304918005836
Ge,310,1.7731062057440563,0.6666666667,1.6137580498181054,0.01303965296,76.68915753107589
Ge,311,1.7276586475328248,0.7142857143,1.6422269490551547,0.01081231691,92.48711523384307
Ge,312,1.657462177360917,0.7619047619,1.8535766521331558,0.01042026275,95.96686993329416
Ge,313,1.5379072261259685,0.8095238095,2.2554968738080308,0.01030489289,97.04128035822797
Ge,314,1.3483161054186399,0.8571428571,2.739096915596555,0.008477657891,117.9571071229017
Ge,315,1.082321965298298,0.9047619048,3.1051365110341784,0.004585330438,218.08679080414836
Ge,316,0.7431260401733915,0.9523809524,3.176037883884355,0.00162008533,617.2514382313431
Ge,317,1.0053831967651448,0.09523809524,2.774624478,0.002645003941,378.07127032934727
Ge,318,1.2529591713623776,0.1428571429,2.714594371119896,0.005448337711,183.5422202226994
Ge,319,1.5198412916595294,0.1904761905,2.6510426155113005,0.009957272755,100.42910590129758
Ge,320,1.753784103328698,0.2380952381,2.5286159838512443,0.008231780891,121.48039570554211
Ge,321,1.9246597846130273,0.2857142857,2.452704264626699,0.008657867895,115.50187784425647
Ge,322,2.0313743437449747,0.3333333333,2.4604355350716878,0.01356008472,73.74585193594572
Ge,323,2.0912913271848583,0.380952381,2.5172855686192497,0.01197215658,83.52714010360863
Ge,324,2.1271883251203283,0.4285714286,2.5903018991373483,0.01829952101,54.64623907115042
Ge,325,2.1530786692765194,0.4761904762,2.6697331708194714,0.01838157022,54.402316452375416
Ge,326,2.1677304781122073,0.5238095238,2.738481201594624,0.02167505476,46.135984940874955
Ge,327,2.1616262780727507,0.5714285714,2.76712896615659,0.02457006694,40.69992981468043
Ge,328,2.1308707264611835,0.619047619,2.7295510775180203,0.01780514669,56.16353616236341
Ge,329,2.08434107379187,0.6666666667,2.632891530932422,0.01565477527,63.878272460183325
Ge,330,2.0356613858554824,0.7142857143,2.550104594396948,0.0176263323,56.733300097831474
Ge,331,1.9848680200072195,0.7619047619,2.5677271707793308,0.01647250972,60.70720351652644
Ge,332,1.9063431387760035,0.8095238095,2.6798510633938077,0.01502194539,66.56927408787499
Ge,333,1.7544523105826209,0.8571428571,2.7862348164052584,0.01149396634,87.00216882660543
Ge,334,1.4790548737088811,0.9047619048,2.935472674320733,0.01295327607,77.20054715084908
Ge,335,1.4324055879294089,0.1428571429,2.285110803,0.01249749808,80.01601549355868
Ge,336,1.6549836112772134,0.1904761905,2.164367176942418,0.01251107872,79.92915897822758
Ge,337,1.9117396659102985,0.2380952381,2.105903057822192,0.01285761333,77.77493181154796
Ge,338,2.1401969021404272,0.2857142857,2.0091076810548603,0.01343433296,74.43614826113406
Ge,339,2.3051598165424,0.3333333333,2.0784871409578494,0.01915152901,52.215152089310905
Ge,340,2.407878440687151,0.380952381,2.2863452120310033,0.02062926826,48.47481681834506
Ge,341,2.4706413500588336,0.4285714286,2.492643796985108,0.03036179222,32.93613212138634
Ge,342,2.515818800049946,0.4761904762,2.652416246367899,0.03921864758,25.49807455650157
Ge,343,2.549318553711435,0.5238095238,2.7733342188400676,0.03921629417,25.499604722084836
Ge,344,2.560211975861787,0.5714285714,2.854635732665739,0.04500778745,22.218377233293655
Ge,345,2.536527347329512,0.619047619,2.8809722594005085,0.03985131651,25.093273888431447
Ge,346,2.4819464344272406,0.6666666667,2.8242683142374703,0.03611270006,27.691089238371394
Ge,347,2.4163973363400992,0.7142857143,2.6814441961695845,0.03389838379,29.499931506911526
Ge,348,2.3537929691649775,0.7619047619,2.481828712186627,0.02529381531,39.53535628152731
Ge,349,2.2692072751233408,0.8095238095,2.2028365735807665,0.02528774074,39.54485338495289
Ge,350,2.0885067968639066,0.8571428571,2.1674196440716544,0.02074696829,48.19981339066287
Ge,351,1.759701619394556,0.1904761905,1.603530291,0.01708095721,58.544728360688865
Ge,352,1.9366600880122988,0.2380952381,1.5792085965174922,0.01341096152,74.56586901011404
Ge,353,2.171071043283191,0.2857142857,1.6865803436092393,0.01812238049,55.1803887216585
Ge,354,2.403008385372208,0.3333333333,1.5172544763052564,0.02784429424,35.91400059849389
Ge,355,2.588992105868994,0.380952381,1.3750488757124237,0.03787230976,26.40451576196656
Ge,356,2.718673355134226,0.4285714286,1.5570690197960961,0.04154050658,24.072888906016804
Ge,357,2.807258043121066,0.4761904762,1.8412631287304948,0.03504773091,28.532517627686843
Ge,358,2.8709866569409472,0.5238095238,2.041694124681752,0.04403770058,22.707815958359923
Ge,359,2.908093044641083,0.5714285714,2.157517280556314,0.0338453407,29.54616438533887
Ge,360,2.9042918818816923,0.619047619,2.232815357750717,0.04368120101,22.8931434319095
Ge,361,2.8538441926120783,0.6666666667,2.260049417987466,0.0347883806,28.745229951865017
Ge,362,2.7706069993046665,0.7142857143,2.155539747433501,0.05065971245,19.73955144311128
Ge,363,2.669327780422986,0.7619047619,1.8524437423123805,0.04010014718,24.937564331403536
Ge,364,2.5237675692742014,0.8095238095,1.6077883372752877,0.04810710789,20.786949036441026
Ge,365,1.9693886484392882,0.2380952381,0.9208185594,0.01597423744,62.60079729978021
Ge,366,2.0977533011701883,0.2857142857,1.2102379694348473,0.01736975878,57.57132339404888
Ge,367,2.3050026765008877,0.3333333333,1.6557284694347496,0.02989807317,33.44697145913099
Ge,368,2.5400253024152684,0.380952381,1.6607188135407542,0.04935566723,20.261097785183363
Ge,369,2.7557816495105802,0.4285714286,1.344497969720763,0.0501807835,19.92794711943866
Ge,370,2.924995017893193,0.4761904762,1.094742990522331,0.04732264846,21.131530726672267
Ge,371,3.044284085994297,0.5238095238,1.0970449843252068,0.04620116722,21.644474808141005
Ge,372,3.1185786399789763,0.5714285714,1.147895911375886,0.03965108559,25.219990452221058
Ge,373,3.1439199712012247,0.619047619,1.1983410633728768,0.04089060791,24.455493598945615
Ge,374,3.11258641817438,0.6666666667,1.3100387314606663,0.04731991053,21.13275339702972
Ge,375,3.0262371616308803,0.7142857143,1.406199324381555,0.04319679148,23.149867518817857
Ge,376,2.88649544670856,0.7619047619,1.4534826427139813,0.04785037089,20.898479602150477
Ge,377,2.079591581529418,0.2857142857,0.435623031,0.02448519783,40.84100144679125
Ge,378,2.174267663948994,0.3333333333,1.0975500316943414,0.02954675526,33.84466386242372
Ge,379,2.367044704698682,0.380952381,1.760062509971742,0.02927016898,34.16447649083575
Ge,380,2.612454160988004,0.4285714286,1.9227639479378853,0.0548961785,18.216204248170026
Ge,381,2.8562710317477276,0.4761904762,1.6323569318750648,0.07240578805,13.811050565590799
Ge,382,3.05341586345985,0.5238095238,1.1365858605333716,0.05184475339,19.288354840412524
Ge,383,3.183170285801718,0.5714285714,0.7059946187900595,0.05279030791,18.942871136589286
Ge,384,3.2451680991647716,0.619047619,0.4601582920215733,0.0451409023,22.152858030044296
Ge,385,3.2427836095679297,0.6666666667,0.543103277272435,0.03553478794,28.14143710913616
Ge,386,3.1745835248894863,0.7142857143,0.8797016387768084,0.04854971074,20.597445067290632
Ge,387,2.127162569075888,0.3333333333,0.1591523428,0.02427974033,41.18660193265749
Ge,388,2.205915555946192,0.380952381,1.134713236697659,0.04103863522,24.36728206577041
Ge,389,2.4023095423832896,0.4285714286,1.9240396262736896,0.04153846169,24.074073986248287
Ge,390,2.6674380446568873,0.4761904762,2.1419998281271,0.05494761114,18.19915332537603
Ge,391,2.931548065111608,0.5238095238,1.8060034486353254,0.07025163456,14.234544238909166
Ge,392,3.1339888221184973,0.5714285714,1.156145142386905,0.06583886267,15.188597728551862
Ge,393,3.248503931067748,0.619047619,0.5035978081836863,0.04007399394,24.953839178027287
Ge,394,3.2817101473099446,0.6666666667,0.02330821164286347,0.03411403552,29.313447815745253
Ge,395,2.1391895898154565,0.380952381,0.001184093397,0.04181331411,23.91582732163394
Ge,396,2.2148090736872885,0.4285714286,1.2645850543639268,0.0434954035,22.99093512260439
Ge,397,2.4271544788873305,0.4761904762,2.1345634917960608,0.04619654179,21.64664196176837
Ge,398,2.710813935495023,0.5238095238,2.3142393873065266,0.06686331126,14.955885090875471
Ge,399,2.9781387791663883,0.5714285714,1.8724075442552046,0.05892488133,16.97075967619942
Ge,400,3.163559248728022,0.619047619,1.1338789959765323,0.04734895847,21.11978874115243
Ge,401,2.1317273620268815,0.4285714286,0.07117761391,0.03516580111,28.436718869903203
Ge,402,2.212975349320313,0.4761904762,1.4118288891238062,0.04223350239,23.67788469839951
Ge,403,2.4412040358690623,0.5238095238,2.2915049164713026,0.05354833858,18.67471571514815
Ge,404,2.7280781199328192,0.5714285714,2.3822085430624726,0.06239953969,16.025759243865988
Ge,405,2.1211406155363726,0.4761904762,0.04014029905,0.04848620677,20.62442221441692
Ge,406,2.2107601114561524,0.5238095238,1.476572583914379,0.04898141721,20.415905805923494
Ge,407,1.1550191022867717,0.1428571429,2.9782841487181764,0.006085905333,164.31409055570336
Ge,408,1.4571811492712212,0.1904761905,2.8781225984673564,0.01270051309,78.73697644446898
Ge,409,1.6718821276839597,0.2380952381,2.6465643866272135,0.01280000358,78.12497814942017
Ge,410,1.814724418038575,0.2857142857,2.392513855703151,0.01152555311,86.76373189694148
Ge,411,1.9077207043859354,0.3333333333,2.278402874857685,0.01224267331,81.68150653690847
Ge,412,1.967749290455014,0.380952381,2.2860340270752446,0.01503778311,66.49916365232109
Ge,413,2.0093140155478078,0.4285714286,2.345010299369642,0.01604341137,62.330883185475535
Ge,414,2.040907018188232,0.4761904762,2.410290093744233,0.01929023686,51.83969524363839
Ge,415,2.0596457986385657,0.5238095238,2.4475573287629,0.01915120998,52.21602191424565
Ge,416,1.5461849743471727,0.1904761905,2.4568146498186,0.01323935684,75.53237004525062
Ge,417,1.8032816519119983,0.2380952381,2.2552280579948607,0.01152657877,86.75601147173698
Ge,418,2.0068857026373856,0.2857142857,2.122515360226556,0.01441958969,69.35010090429279
Ge,419,2.154873147626078,0.3333333333,2.18625377476648,0.01486499474,67.27213951237496
Ge,420,2.2510223252270776,0.380952381,2.34027268597895,0.01861183643,53.729249328030974
Ge,421,2.311392104480057,0.4285714286,2.480423267511259,0.02012841052,49.681021708414555
Ge,422,2.3538600402410954,0.4761904762,2.583119807020185,0.02509924581,39.841834594152694
Ge,423,2.3843258216308736,0.5238095238,2.658737676279309,0.02872011589,34.81880100449692
Ge,424,2.3965140599615964,0.5714285714,2.714543764377761,0.02657789317,37.62525470336218
Ge,425,2.382284678584313,0.619047619,2.73389823620709,0.02910606216,34.35710383984145
Ge,426,2.34221182418158,0.6666666667,2.6845847766715103,0.02730234182,36.62689474012306
Ge,427,2.287561892146688,0.7142857143,2.568441938126612,0.02580090467,38.75833087212442
Ge,428,2.2277863385638836,0.7619047619,2.4425381353866715,0.02154694247,46.41029702438334
Ge,429,2.155057458599475,0.8095238095,2.361462022159973,0.01868950782,53.50595690539699
Ge,430,2.0346007709485203,0.8571428571,2.32408070484975,0.01760107927,56.8146978182435
Ge,431,1.8087114328801033,0.9047619048,2.4840531453177754,0.01278811034,78.19763619587286
Ge,432,1.8471053124501275,0.2380952381,1.7683400226478108,0.01619521995,61.746614315046706
Ge,433,2.0722361323837135,0.2857142857,1.7195545558378278,0.01549922761,64.51934413523979
Ge,434,2.295329192904829,0.3333333333,1.6014484210791848,0.02235590454,44.73091205997787
Ge,435,2.46799984751059,0.380952381,1.6141458113193243,0.03135485454,31.8929880132048
Ge,436,2.582948594792437,0.4285714286,1.8504576792189371,0.03443174473,29.042966246456604
Ge,437,2.65785947788579,0.4761904762,2.095570820724764,0.03796152974,26.342457926459737
Ge,438,2.710878993261111,0.5238095238,2.264062428238244,0.04457957234,22.431798860096468
Ge,439,2.7446942891043227,0.5714285714,2.38016036633465,0.03904597098,25.610837044165628
Ge,440,2.748484572031803,0.619047619,2.4609239912304113,0.03999776008,25.00140002839879
Ge,441,2.713294249100002,0.6666666667,2.485557708613047,0.04549173711,21.982013955237157
Ge,442,2.6459457675079556,0.7142857143,2.4047544705795776,0.04103274474,24.370780125395044
Ge,443,2.5634323472197478,0.7619047619,2.1937227816489213,0.03551912876,28.153843714943644
Ge,444,2.4653617158640415,0.8095238095,1.8897502473038041,0.03660882363,27.315818997814652
Ge,445,2.3080603501267234,0.8571428571,1.7882505652652327,0.02855984062,35.01420100011749
Ge,446,2.0390522869603176,0.2857142857,1.170203851326421,0.0212495347,47.059853974120195
Ge,447,2.24737002167751,0.3333333333,1.63728738847865,0.02402838159,41.61745127337974
Ge,448,2.4814679748795703,0.380952381,1.5486432314015526,0.03652015311,27.382141498365694
Ge,449,2.683508414232749,0.4285714286,1.2644949411164508,0.04550825728,21.9740341592795
Ge,450,2.8327996756138436,0.4761904762,1.2174248014534808,0.05208678295,19.198728417532262
Ge,451,2.9350688525655007,0.5238095238,1.3963950444475361,0.04329790135,23.095807621631987
Ge,452,3.002627041485213,0.5714285714,1.5536106185132494,0.04171489712,23.972251378765957
Ge,453,3.0343477150378866,0.619047619,1.64944645779369,0.04388117847,22.78881367517658
Ge,454,3.0186389120701915,0.6666666667,1.7299077451326976,0.03737289853,26.757357318627008
Ge,455,2.95191385789728,0.7142857143,1.7716984282536115,0.04677321645,21.37975696131541
Ge,456,2.843261625530375,0.7619047619,1.6843241392601684,0.0429973468,23.25724897983705
Ge,457,2.691048360563135,0.8095238095,1.571377730020145,0.03647549181,27.41566872378245
Ge,458,2.1452014131428436,0.3333333333,0.891458628769858,0.0220401104,45.37182354585665
Ge,459,2.342326799304019,0.380952381,1.7003052245200432,0.03511221078,28.480120669861165
Ge,460,2.582683305783995,0.4285714286,1.7889921520766299,0.0515428852,19.401319815911275
Ge,461,2.8121970061601695,0.4761904762,1.4737340042014224,0.05432628005,18.407297519352237
Ge,462,2.994173762232203,0.5238095238,1.0694271213391988,0.04922776536,20.313739465666455
Ge,463,3.1176970839322893,0.5714285714,0.8658298682741302,0.04383959053,22.810432029826718
Ge,464,3.1864721126595534,0.619047619,0.8084006301745836,0.04711869774,21.222997407907563
Ge,465,3.199428684210447,0.6666666667,0.8487527939276155,0.04247594134,23.54273898241522
Ge,466,3.150704459946334,0.7142857143,1.031069748690953,0.03396684801,29.440470888131724
Ge,467,3.035724301844919,0.7619047619,1.2899969789635342,0.04624382163,21.62451036164504
Ge,468,2.202514920925037,0.380952381,0.9087854852678915,0.03646733485,27.421801020372623
Ge,469,2.392829021423334,0.4285714286,1.8287512181646617,0.03805095602,26.280548627329864
Ge,470,2.6466626045547406,0.4761904762,2.0197742464302237,0.05764661787,17.34707146662306
Ge,471,2.8988116424304295,0.5238095238,1.705752473033909,0.07249571678,13.793918377752744
Ge,472,3.097580645562157,0.5714285714,1.133799222640714,0.04940768101,20.239767978537635
Ge,473,3.2202404068649715,0.619047619,0.5909124992396264,0.04700006204,21.27656765961154
Ge,474,3.2687545991253346,0.6666666667,0.24912853957504766,0.03699458826,27.03098066592727
Ge,475,3.248275624893432,0.7142857143,0.4824006730164455,0.03698183068,27.04030551253392
Ge,476,2.229653738525268,0.4285714286,1.0409167885014208,0.04241558213,23.576241319406833
Ge,477,2.422787719248927,0.4761904762,2.0130149066720375,0.04231815426,23.63052022203201
Ge,478,2.694146655305095,0.5238095238,2.2217159704698135,0.0627017916,15.948507602133652
Ge,479,2.9588514234582055,0.5714285714,1.8395471468326285,0.05713055212,17.50376922490698
Ge,480,3.1536560520279506,0.619047619,1.1409184848545268,0.05500195667,18.18117137177113
Ge,481,3.254256264992819,0.6666666667,0.4680107451710492,0.03713564155,26.928308176757483
Ge,482,2.2307212273342225,0.4761904762,1.127984093328887,0.04293079952,23.293300175649744
Ge,483,2.4365716450390895,0.5238095238,2.215040713598504,0.04559219008,21.93358112969159
Ge,484,2.721047318223132,0.5714285714,2.3638241036833523,0.06315604068,15.833798148728409
Ge,485,2.98152392841158,0.619047619,1.8850120601698475,0.06190590161,16.153548756948634
Ge,486,2.215601192613705,0.5238095238,1.080466482430415,0.03629610488,27.551165705139432
Ge,487,2.4396061775361995,0.5714285714,2.3124768216905665,0.05288958376,18.907314614873044
Ge,488,2.0606839615577055,0.2857142857,1.9027136816387733,0.01785287377,56.0133910586654
Ge,489,2.253789628616989,0.3333333333,1.6904953864195718,0.02685974236,37.23043901899884
Ge,490,2.396019772454836,0.380952381,1.7142027417631918,0.03298347608,30.318211384832306
Ge,491,2.499532794624788,0.4285714286,1.93661614541338,0.03375480727,29.625409856472867
Ge,492,2.5747564919841395,0.4761904762,2.12489422065655,0.0297848192,33.57415041821036
Ge,493,2.6271650083498326,0.5238095238,2.205066573000498,0.03674651129,27.213467752301554
Ge,494,2.6545698136487057,0.5714285714,2.2131086087695797,0.04356236706,22.95559372663713
Ge,495,2.2214366802218937,0.3333333333,1.5087373879362982,0.02949440717,33.90473299687616
Ge,496,2.419690346014087,0.380952381,1.4832604373119735,0.03379980172,29.58597237593499
Ge,497,2.6073048651423076,0.4285714286,1.3161047893649105,0.0372472156,26.847644418285054
Ge,498,2.743725166007946,0.4761904762,1.35743566603573,0.03915796508,25.53758853293303
Ge,499,2.8314971579257775,0.5238095238,1.4880044444790395,0.04309209545,23.20611215484533
Ge,500,2.883409924150782,0.5714285714,1.5815483028599642,0.04365198066,22.908467952207694
Ge,501,2.9068940413280036,0.619047619,1.6752132330792782,0.03630836712,27.541860990194817
Ge,502,2.897829595952674,0.6666666667,1.7679099830443104,0.04917440041,20.33578430366875
Ge,503,2.8475871306159797,0.7142857143,1.8011845277499967,0.03870679352,25.835258079006078
Ge,504,2.7549642138073653,0.7619047619,1.7323047410703756,0.04871204802,20.528802229572115
Ge,505,2.6241195594151754,0.8095238095,1.6383926978941943,0.0460333428,21.723384381288078
Ge,506,2.4577771536284594,0.8571428571,1.6313153294612786,0.03524261916,28.374735585344617
Ge,507,2.324636654168081,0.380952381,1.4317149144084405,0.03141613085,31.83078160625881
Ge,508,2.5468194168513363,0.4285714286,1.6783639126067171,0.04219397168,23.700068047256178
Ge,509,2.7645693881018496,0.4761904762,1.3449008212368558,0.04857531119,20.586589679035672
Ge,510,2.926090150324213,0.5238095238,1.019659260058289,0.04974774899,20.101412029738555
Ge,511,3.0284670210596625,0.5714285714,0.9899928163602075,0.04391535023,22.771081063059988
Ge,512,3.087229481809962,0.619047619,1.104726187768107,0.0450271133,22.208841000695465
Ge,513,3.106999568784487,0.6666666667,1.208834611874141,0.0419837578,23.818734968026135
Ge,514,3.0756268747824884,0.7142857143,1.3228253315970313,0.04548329815,21.98609249272307
Ge,515,2.98197215488626,0.7619047619,1.4712200751574724,0.0530690554,18.843372893349066
Ge,516,2.8268455809674147,0.8095238095,1.6124935318600275,0.04892907013,20.437747893902188
Ge,517,2.4051263859323373,0.4285714286,1.544429004239304,0.04409696133,22.67729951994858
Ge,518,2.6365650589790106,0.4761904762,1.8692283731763701,0.0489978049,20.4090775503292
Ge,519,2.8706762395483914,0.5238095238,1.523210996256144,0.06396367003,15.633874659333708
Ge,520,3.049813281506054,0.5714285714,1.0047935521564544,0.04449316803,22.475360696404877
Ge,521,3.163819615074075,0.619047619,0.6941581669679552,0.04907273962,20.37791261999242
Ge,522,3.21991792234463,0.6666666667,0.6028137465163973,0.04099025395,24.396043050130945
Ge,523,3.21605358143903,0.7142857143,0.6887673564413586,0.04178430182,23.932432910039704
Ge,524,3.13973581002903,0.7619047619,1.0324076901342505,0.04470645473,22.368134669577277
Ge,525,2.462649831816864,0.4761904762,1.6719530606632278,0.04939221428,20.246105880799156
Ge,526,2.692255576271277,0.5238095238,2.0361576213392345,0.0604652453,16.53842624864039
Ge,527,2.9370841042859186,0.5714285714,1.7089818986699128,0.06697741144,14.930406811792428
Ge,528,3.125820223312196,0.619047619,1.0968383084250866,0.05263543768,18.99860709964177
Ge,529,3.23556649789876,0.6666666667,0.5007399773931368,0.04120910911,24.266479465272766
Ge,530,3.2659850373267805,0.7142857143,0.17808235526285698,0.03918581615,25.519437854046075
Ge,531,2.4785959761849945,0.5238095238,1.7270217008534139,0.05386540485,18.564791312433623
Ge,532,2.713349528386386,0.5714285714,2.2466146292916065,0.06005898296,16.650298601726437
Ge,533,2.9686533339524934,0.619047619,1.8653930900109723,0.07079532696,14.125226098115332
Ge,534,3.1524264830080506,0.6666666667,1.143072953885375,0.05169164657,19.345485515649344
Ge,535,2.4526179647115005,0.5714285714,1.6696957209458274,0.06231776163,16.046789452055613
Ge,536,2.7155369252763513,0.619047619,2.380831539300482,0.06726430159,14.866726872381102
Ge,537,2.5719764020861002,0.4285714286,1.6897720646366279,0.04267167154,23.434751063421782
Ge,538,2.761512604152146,0.4761904762,1.5479105537159459,0.05202844116,19.220256800021335
Ge,539,2.9105895283882797,0.5238095238,1.2836069694465448,0.04891623823,20.443109204311355
Ge,540,2.995454144650784,0.5714285714,1.1137274180543149,0.04540418646,22.02440078694012
Ge,541,3.0285195215007397,0.619047619,1.012298559504232,0.04666826673,21.42783673080288
Ge,542,2.6758456082440443,0.4761904762,1.7699049039254477,0.05568870933,17.95696133078256
Ge,543,2.8737402793719506,0.5238095238,1.48196680785418,0.06125853907,16.324254792581687
Ge,544,3.023098078660104,0.5714285714,0.9254517948924504,0.04912046452,20.358113665493487
Ge,545,3.10519719953285,0.619047619,0.6206843919397846,0.04949504689,20.20404187559302
Ge,546,3.142417524665195,0.6666666667,0.7088493029435018,0.04856103827,20.592640429967478
Ge,547,3.1407346425786336,0.7142857143,0.891452332208086,0.04094886024,24.42070412067713
Ge,548,3.0786631006881926,0.7619047619,1.1825279592204678,0.04979754115,20.08131278987858
Ge,549,2.9413110542645633,0.8095238095,1.5497122642485313,0.05838737877,17.126989103915893
Ge,550,2.753424545704796,0.5238095238,1.7582886476575947,0.05750522622,17.389723782222173
Ge,551,2.9411863500004527,0.5714285714,1.462035442878731,0.06090015682,16.42031896495205
Ge,552,3.0947681167036163,0.619047619,0.8826024137676719,0.04727803856,21.15146969836559
Ge,553,3.188885746709574,0.6666666667,0.5070947436939571,0.04699570543,21.27854004637717
Ge,554,3.225087477023033,0.7142857143,0.4576079302412133,0.0448982978,22.272559295109847
Ge,555,3.1920754536846494,0.7619047619,0.7502163818692421,0.04062336586,24.61637480868258
Ge,556,2.7744526968002323,0.5714285714,1.7165987551070758,0.06506440002,15.369387863295632
Ge,557,2.9596792535707532,0.619047619,1.6623850877347413,0.0604461334,16.543655379617714
Ge,558,3.1299965779344308,0.6666666667,1.0872632160712992,0.05078643942,19.690295508414675
Ge,559,3.2225515944696737,0.7142857143,0.4842785644841939,0.03871115624,25.832346463645695
Ge,560,2.7361956029460486,0.619047619,1.680951019531039,0.07833328457,12.765965393757778
Ge,561,2.9576010019576615,0.6666666667,1.8674588370927647,0.06555791531,15.25368821249664
Ge,562,3.016259833741415,0.5714285714,1.3758842377469234,0.05717037375,17.49157709503342
Ge,563,3.1228925999650086,0.619047619,0.8724280596032864,0.05042015467,19.833338603282787
Ge,564,3.166814892004471,0.6666666667,0.33523149599297236,0.04814062379,20.772476990788903
Ge,565,3.027951024818664,0.619047619,1.2628003308007136,0.0589661633,16.95887851668993
Ge,566,3.1184353496006114,0.6666666667,0.786140510230749,0.0510355753,19.594175124347036
Ge,567,3.178140324332352,0.7142857143,0.44225740527505786,0.05590073786,17.888851530089624
Ge,568,3.1830516501155883,0.7619047619,0.6312870003292226,0.05396831486,18.52939085821217
Ge,569,2.9772495120627083,0.6666666667,1.2504084525902448,0.0685078332,14.596870945846815
Ge,570,3.1027906144552584,0.7142857143,1.0723164956037625,0.05073604047,19.70985498151547
Ge,571,3.1108860481426714,0.7142857143,0.720605227312971,0.04541008492,22.02153996764646
Ge,572,0.0,0.0,0.0,0.0,
Ge,573,0.7534742113351912,0.04761904762,5.202391274911648,0.001058992894,944.2933995740296
Ge,574,1.508930188190774,0.09523809524,5.210097049443015,0.006951478344,143.85429264310744
Ge,575,2.261651529481755,0.1428571429,5.153853479927446,0.0196227038,50.96137668856827
Ge,576,2.9981290872441204,0.1904761905,4.979778137170498,0.03936759269,25.40160400140535
Ge,577,3.6997126224237875,0.2380952381,4.674895118328107,0.07137434237,14.010636971141036
Ge,578,4.349615713031981,0.2857142857,4.277038244852647,0.1391766456,7.185113534594341
Ge,579,4.9391812612209165,0.3333333333,3.854663215319393,0.1142917401,8.749538672917625
Ge,580,5.469154104166518,0.380952381,3.4587550600831727,0.276900692,3.6114030368692616
Ge,581,5.941572596520744,0.4285714286,3.0332094647812924,0.4673705742,2.1396297824519737
Ge,582,6.320296298538719,0.4761904762,1.893698209467546,0.09548224902,10.47315087635333
Ge,583,0.7863984089971029,0.04761904762,4.683175314,0.0006353296242,1573.986104078161
Ge,584,1.3654326316298133,0.09523809524,4.89166448536511,0.00418991903,238.66809664815884
Ge,585,2.05867004514726,0.1428571429,4.9345140116101245,0.008407554383,118.9406519953045
Ge,586,2.766863385381148,0.1904761905,4.86002105028819,0.0338626449,29.53106595639846
Ge,587,3.4581676439133164,0.2380952381,4.653722499594498,0.06516475718,15.345718196075996
Ge,588,4.109755583763168,0.2857142857,4.3361293148135704,0.08452685493,11.83055965856223
Ge,589,4.707474802024744,0.3333333333,3.965497528006853,0.1079323506,9.265062740141971
Ge,590,5.2471477902024715,0.380952381,3.6008909852079984,0.155286698,6.439701615652875
Ge,591,5.729226807757289,0.4285714286,3.2373706580408013,0.4570595735,2.1878985978618823
Ge,592,6.134718412005971,0.4761904762,2.5960514641296086,0.4667772881,2.1423493076761804
Ge,593,6.294252952369536,0.5238095238,1.4707681189222923,0.1436020841,6.963687235232821
Ge,594,6.013846816967672,0.5714285714,2.8790114978207533,0.4083301471,2.4489987014235814
Ge,595,5.576577714485435,0.619047619,3.3610702497790035,0.3787721457,2.6401096578839587
Ge,596,5.0743040482299,0.6666666667,3.724272612116627,0.1349145501,7.412098986052951
Ge,597,4.5140342220356136,0.7142857143,4.103384207569352,0.1304951349,7.663120933713828
Ge,598,3.8957076328833455,0.7619047619,4.467809020696559,0.06889906631,14.513984783199595
Ge,599,3.2271885243986236,0.8095238095,4.746877621083908,0.034611624,28.892027718780255
Ge,600,2.5272968731090986,0.8571428571,4.88113283954664,0.03443398407,29.041077499691138
Ge,601,1.8263639346889011,0.9047619048,4.855096521938545,0.007690923622,130.02339499764182
Ge,602,1.183203463775784,0.9523809524,4.843079276164565,0.003459061775,289.0957331919867
Ge,603,1.566538509337438,0.09523809524,4.627545126,0.002805652602,356.4233145925313
Ge,604,2.0548847119385094,0.1428571429,4.532488178489075,0.005194007482,192.52956478509745
Ge,605,2.639867721400297,0.1904761905,4.378299091209814,0.02003927357,49.902008498804086
Ge,606,3.250541327606948,0.2380952381,4.234418845809429,0.03231015117,30.950025418899948
Ge,607,3.851927993010926,0.2857142857,4.062295060840658,0.06594970197,15.163070796815612
Ge,608,4.4208043885416615,0.3333333333,3.8483946678783623,0.1544366647,6.475146312843157
Ge,609,4.9440022347429595,0.380952381,3.6126527380656466,0.1416710796,7.058603653077547
Ge,610,5.413985198101642,0.4285714286,3.3598565286526414,0.3287774979,3.0415706865199064
Ge,611,5.812037052014363,0.4761904762,2.9842528426588095,0.6321912023,1.5817999307201052
Ge,612,6.04545096841186,0.5238095238,2.2472239558682268,0.6851575949,1.459518229738009
Ge,613,5.925805248407232,0.5714285714,2.7070699582816453,0.7634426872,1.3098560203223597
Ge,614,5.565715327548984,0.619047619,3.2403635100878736,0.4134614851,2.4186049633090723
Ge,615,5.111824498204632,0.6666666667,3.564730146827077,0.1975800227,5.061240434810417
Ge,616,4.59683011051682,0.7142857143,3.860435354329038,0.1382079984,7.235471257646113
Ge,617,4.029774918633688,0.7619047619,4.11149344170592,0.06475412808,15.443030886997004
Ge,618,3.425384978763423,0.8095238095,4.236605165196126,0.04199224032,23.81392353395638
Ge,619,2.816234978742486,0.8571428571,4.176898810874472,0.03380845992,29.578395536687317
Ge,620,2.2629412367884516,0.9047619048,4.224930004188222,0.01316991479,75.93063553906258
Ge,621,2.334314898088488,0.1428571429,4.535204909,0.007728901464,129.38449334072143
Ge,622,2.760406351565252,0.1904761905,4.305019299460666,0.01655126949,60.418326256133
Ge,623,3.229840239919565,0.2380952381,3.870785927408298,0.02320048856,43.102540595808904
Ge,624,3.7112579607280884,0.2857142857,3.4788034094588,0.04951515167,20.19583837013419
Ge,625,4.189723250708446,0.3333333333,3.2574621298858104,0.1026579142,9.741090180848424
Ge,626,4.650858318090469,0.380952381,3.1522054269686177,0.1381262464,7.239753675084303
Ge,627,5.079021555123439,0.4285714286,3.0430686118366643,0.2147103787,4.657436711046143
Ge,628,5.449846682203111,0.4761904762,2.809909609305183,0.3940597214,2.537686410697442
Ge,629,5.702206702237561,0.5238095238,2.320605781046246,0.8277454308,1.208100900096204
Ge,630,5.7124662484467645,0.5714285714,2.2542543245349806,0.5778248563,1.7306282156211215
Ge,631,5.46727975231722,0.619047619,2.807677024868529,0.3729976505,2.6809820347648543
Ge,632,5.086784475937546,0.6666666667,3.1769558633559143,0.194529301,5.1406137525780755
Ge,633,4.633953562809954,0.7142857143,3.4238509827269543,0.1867977421,5.353383765552485
Ge,634,4.136869277164083,0.7619047619,3.5342352629128833,0.08841924431,11.309755108220285
Ge,635,3.6299267847374526,0.8095238095,3.444489395600188,0.04580452249,21.831905358653593
Ge,636,3.172503452543846,0.8571428571,3.458455728421071,0.02810852493,35.5763955060021
Ge,637,3.0832776056856614,0.1904761905,4.401732655,0.01232233121,81.15347517914996
Ge,638,3.461935845683993,0.2380952381,4.157616466843224,0.02258121166,44.28460328244406
Ge,639,3.8328452468975818,0.2857142857,3.667078160816783,0.03431337712,29.14315301880143
Ge,640,4.186825879532842,0.3333333333,3.0685028302993556,0.08532358431,11.720088977588803
Ge,641,4.532115932894942,0.380952381,2.5718611290495597,0.1294655423,7.724062960959767
Ge,642,4.8715094881929675,0.4285714286,2.3010770932685896,0.1711615381,5.842434060248726
Ge,643,5.187665968207989,0.4761904762,2.0667706691397885,0.272059089,3.675672089014457
Ge,644,5.432177386364717,0.5238095238,1.5419705233574925,0.5041416489,1.9835695030988343
Ge,645,5.515296496253653,0.5714285714,1.0610588981399305,0.5692602543,1.7566657648172994
Ge,646,5.3772591095464755,0.619047619,1.8277172406850837,0.4447920238,2.2482417545545923
Ge,647,5.08056186302888,0.6666666667,2.462518815757359,0.2348837178,4.257425799311833
Ge,648,4.701316379487725,0.7142857143,2.7833959291060086,0.1156392462,8.647583176653395
Ge,649,4.291936675683537,0.7619047619,2.8404009040274114,0.09833627526,10.1691872847127
Ge,650,3.9142593489797664,0.8095238095,2.851865849194836,0.06908941116,14.473998015182968
Ge,651,3.8058785919739413,0.2380952381,4.218818197,0.02978122216,33.57820557623482
Ge,652,4.145534673350597,0.2857142857,4.003004785929466,0.04861979847,20.567752879869143
Ge,653,4.441850520962569,0.3333333333,3.624077514541895,0.1232839234,8.11135768899451
Ge,654,4.6962319265489425,0.380952381,3.1139809431726517,0.1159164078,8.626906397283992
Ge,655,4.9289058997850175,0.4285714286,2.533652842193084,0.1532826898,6.523893867629663
Ge,656,5.156280667542948,0.4761904762,2.0038192537629165,0.2778209773,3.599440221247829
Ge,657,5.362269518217317,0.5238095238,1.4422161173173575,0.4171185806,2.3973997959083007
Ge,658,5.478657853790419,0.5714285714,0.6062787465321291,0.5048362627,1.980840272154245
Ge,659,5.416683079696926,0.619047619,1.2124215165338905,0.4673830223,2.139572796373695
Ge,660,5.186946035597561,0.6666666667,2.0582210053235954,0.3346837238,2.9878955231105864
Ge,661,4.871998445600684,0.7142857143,2.445376424059975,0.1223718448,8.17181437147052
Ge,662,4.54817305600489,0.7619047619,2.550090349825519,0.1214931943,8.230913721230557
Ge,663,4.493088126454187,0.2857142857,3.97802288,0.09709494003,10.299197874688671
Ge,664,4.797415092239368,0.3333333333,3.7885562848065044,0.121029653,8.262437966338712
Ge,665,5.03586490340251,0.380952381,3.527188389965458,0.1678661581,5.957126864154997
Ge,666,5.2164294872137855,0.4285714286,3.176726130097811,0.2581973272,3.8730067845566762
Ge,667,5.365777966388471,0.4761904762,2.72111378938045,0.270473534,3.6972194107538816
Ge,668,5.50795049295382,0.5238095238,2.2462706997933464,0.3787553683,2.6402266045452643
Ge,669,5.623174560780171,0.5714285714,1.8111075200900215,0.5346738912,1.87029891763677
Ge,670,5.612833213704867,0.619047619,1.7625297030981626,0.6528290515,1.5317945757810687
Ge,671,5.419271720522371,0.6666666667,2.2423590231093287,0.3879488069,2.5776596865724244
Ge,672,5.137914406743964,0.7142857143,2.442654586202206,0.2596819465,3.850864542098617
Ge,673,5.1350204430756925,0.3333333333,3.679456654,0.1969836777,5.0765627471072445
Ge,674,5.4045527673992915,0.380952381,3.509412355937588,0.2113575993,4.731317933738472
Ge,675,5.593448380368689,0.4285714286,3.335967666375255,0.2647589591,3.7770204392679223
Ge,676,5.71452429693138,0.4761904762,3.1013163601569436,0.3868799458,2.5847811727024905
Ge,677,5.80026554976128,0.5238095238,2.746489193280726,0.426069468,2.34703510836876
Ge,678,5.8800547164801324,0.5714285714,2.3798482236047436,0.4682859829,2.1354472192552145
Ge,679,5.89946466924098,0.619047619,2.139798568650525,0.55067008,1.8159693731680502
Ge,680,5.701717606365044,0.6666666667,2.296454598094997,0.6029550951,1.6584982996688171
Ge,681,5.723248956052505,0.380952381,3.341245002,0.2594474107,3.8543456544891237
Ge,682,5.957779958713871,0.4285714286,3.195214220976093,0.2275604703,4.394436338972533
Ge,683,6.10086527389194,0.4761904762,3.097696680805163,0.3023556707,3.307363138534315
Ge,684,6.168786687814326,0.5238095238,2.9376940559154208,0.3056826671,3.271366379673936
Ge,685,6.2001377128708235,0.5714285714,2.5816091572261763,0.3785037343,2.6419818600981237
Ge,686,6.2132533581957885,0.619047619,1.997122633487292,0.3830436156,2.610668757482353
Ge,687,6.253664719246983,0.4285714286,2.994193747,0.3858529469,2.5916609113242464
Ge,688,6.453788243944432,0.4761904762,2.8831105343521823,0.2052532489,4.872030067047577
Ge,689,6.55180732978872,0.5238095238,2.8486311131062094,0.1270674016,7.869839057132338
Ge,690,6.522737055545608,0.5714285714,1.7107149304524494,0.1166843302,8.570131038897628
Ge,691,6.726971977366818,0.4761904762,2.661503323,0.02222907624,44.986124893510194
Ge,692,6.884067597143003,0.5238095238,0.9698516763609945,0.02376641181,42.07618752020606
Ge,693,1.8028834160049432,0.1428571429,4.54402485999462,0.005685425266,175.8883378487452
Ge,694,2.38028250144247,0.1904761905,4.447694271998039,0.01536290806,65.0918430348271
Ge,695,3.0142340252736215,0.2380952381,4.439200027294216,0.03001770178,33.31367628771213
Ge,696,3.6497894632832204,0.2857142857,4.313135342328244,0.06731575289,14.85536382002724
Ge,697,4.254601190809019,0.3333333333,4.074641919066031,0.09351121453,10.693904522854666
Ge,698,4.811545173664558,0.380952381,3.7823924042539443,0.0882548143,11.3308266289106
Ge,699,5.3137148305732325,0.4285714286,3.48212324747903,0.2556108413,3.912197131053377
Ge,700,5.752753810825475,0.4761904762,3.129418511885179,0.5977597203,1.6729129883460967
Ge,701,6.075302610664982,0.5238095238,2.390581405251792,0.6279675155,1.5924390598513372
Ge,702,2.4648081463240783,0.1904761905,4.258960822567552,0.01532300723,65.26134100114237
Ge,703,2.9530188499770245,0.2380952381,3.9535198357047903,0.02160088309,46.29440360532964
Ge,704,3.479600102676888,0.2857142857,3.757759890873671,0.03862329107,25.8911131676382
Ge,705,4.011572275482401,0.3333333333,3.6287213548013892,0.08417434174,11.880104784054351
Ge,706,4.523133979118166,0.380952381,3.4997695535641533,0.1397983489,7.153160304599276
Ge,707,4.996726193022761,0.4285714286,3.338890740697557,0.143826655,6.952814135877665
Ge,708,5.415779417028644,0.4761904762,3.1076772697911372,0.3425639991,2.9191625583168292
Ge,709,5.73998853714998,0.5238095238,2.669467360619115,0.6017819809,1.6617313773743139
Ge,710,5.849106140162036,0.5714285714,2.283332333010887,0.7533303725,1.3274388455644008
Ge,711,5.655786495647962,0.619047619,2.822006454632094,0.5692563433,1.7566778337558142
Ge,712,5.290422157693958,0.6666666667,3.2174624603183,0.2890945222,3.4590762647110442
Ge,713,4.843585735920451,0.7142857143,3.4775010772422648,0.1114903996,8.969382149384636
Ge,714,4.343237133053732,0.7619047619,3.669858718514071,0.1240389627,8.061982930465122
Ge,715,3.8080753774139993,0.8095238095,3.755317185404856,0.07008692579,14.267996330674842
Ge,716,3.26940674605395,0.8571428571,3.715594430632215,0.03622682676,27.60385298510755
Ge,717,2.7793614554142363,0.9047619048,3.8336836890838155,0.02134816933,46.84242402905842
Ge,718,3.1379031153945363,0.2380952381,4.077749554253977,0.01764563564,56.67123703569796
Ge,719,3.5365673131761546,0.2857142857,3.6407552557005523,0.02377260455,42.065226714924684
Ge,720,3.940968760177338,0.3333333333,3.1605403044192504,0.04238717841,23.592039798621737
Ge,721,4.3465558860397655,0.380952381,2.8396379989166585,0.1184185776,8.444620939273975
Ge,722,4.744314382378279,0.4285714286,2.698734811155434,0.1486254158,6.728324322036985
Ge,723,5.115095452186605,0.4761904762,2.5563688689841264,0.2309992169,4.329019004566158
Ge,724,5.421116948608634,0.5238095238,2.197620553942441,0.359613848,2.780760545127839
Ge,725,5.582964739224963,0.5714285714,1.6415458474739053,0.5698804133,1.7547541144804597
Ge,726,5.508169760718918,0.619047619,1.9791013975679892,0.4801972367,2.082477622887162
Ge,727,5.236334695143447,0.6666666667,2.577974730184217,0.3080634376,3.246084662920739
Ge,728,4.860351666710304,0.7142857143,2.9185048931218476,0.1474340139,6.782695346531565
Ge,729,4.431214073566431,0.7619047619,3.066105234235212,0.1518704956,6.584557428678069
Ge,730,3.9888546007646273,0.8095238095,3.0374270633182654,0.08862349265,11.283689799377367
Ge,731,3.5864940644437873,0.8571428571,3.097684584289456,0.03721953194,26.867613531842817
Ge,732,3.807822703026347,0.2857142857,3.964833540003584,0.02786802207,35.883422134809585
Ge,733,4.131204618514062,0.3333333333,3.566949940581393,0.06431087963,15.549468546431077
Ge,734,4.428530582761101,0.380952381,3.0227293533104964,0.1029139476,9.716855910403345
Ge,735,4.713391781738443,0.4285714286,2.466904373931055,0.1284524539,7.784981677177597
Ge,736,4.9946300635349115,0.4761904762,2.047087320025052,0.2122275056,4.71192457911073
Ge,737,5.254300592133785,0.5238095238,1.6198243841288682,0.3298527083,3.031656175126818
Ge,738,5.432894299805875,0.5714285714,0.7668803885089817,0.5030846993,1.987736859004887
Ge,739,5.438671247042896,0.619047619,0.7350011020204069,0.4870165742,2.053318209226564
Ge,740,5.250520413953641,0.6666666667,1.8090668851121947,0.3314602346,3.016953153390425
Ge,741,4.944251706933157,0.7142857143,2.3544812873699335,0.1461154445,6.843903486191701
Ge,742,4.590542823405479,0.7619047619,2.550892214166097,0.08993800369,11.118770252526604
Ge,743,4.252076845397484,0.8095238095,2.616551119545037,0.09578315408,10.440249223415424
Ge,744,4.460635230346379,0.3333333333,3.8313991632973496,0.1146677118,8.7208507460598
Ge,745,4.723907642208849,0.380952381,3.5341785701167603,0.1216385297,8.221079311516867
Ge,746,4.939254415198959,0.4285714286,3.11675866789864,0.1760258894,5.680982515745778
Ge,747,5.129189278115758,0.4761904762,2.601681773459279,0.221904225,4.506448671718621
Ge,748,5.313305476101854,0.5238095238,2.086515657551397,0.341654525,2.9269332815071016
Ge,749,5.473672239254395,0.5714285714,1.5486556661367958,0.4981090269,2.0075926072320693
Ge,750,5.528764330777537,0.619047619,1.1721506964419899,0.5548523878,1.8022811507850196
Ge,751,5.399817745504266,0.6666666667,1.8054966883478216,0.3852462951,2.595742029758977
Ge,752,5.140298818354885,0.7142857143,2.2865309161275764,0.2944277848,3.3964185842015007
Ge,753,4.844023354718174,0.7619047619,2.426601112931855,0.1361916951,7.342591626205554
Ge,754,5.0807326840293,0.380952381,3.6272399577537073,0.1479739811,6.757944826288112
Ge,755,5.293073807961373,0.4285714286,3.4176606034147596,0.236252227,4.232764332841612
Ge,756,5.444176381510356,0.4761904762,3.12915158419167,0.3204562719,3.120550563953559
Ge,757,5.562771753693402,0.5238095238,2.7300344126302973,0.3536288625,2.8278234783508376
Ge,758,5.674515468970703,0.5714285714,2.3094125344768397,0.5547668739,1.8025589613345512
Ge,759,5.748337095633534,0.619047619,1.9699595908245568,0.6473250255,1.5448190022123591
Ge,760,5.655784006464653,0.6666666667,2.1203539445446746,0.5883482749,1.699673548239718
Ge,761,5.408194453722605,0.7142857143,2.3443576994123383,0.368482026,2.713836576658423
Ge,762,5.654363421273604,0.4285714286,3.361131963538796,0.3129595686,3.195300928082887
Ge,763,5.820338433789686,0.4761904762,3.2257566757613474,0.2809426704,3.559445058937548
Ge,764,5.916869901563992,0.5238095238,3.0306626640500465,0.368295953,2.7152076797325004
Ge,765,5.978591197537368,0.5714285714,2.702316680998731,0.3907256194,2.559340750513377
Ge,766,6.034359479526379,0.619047619,2.3918188711312274,0.4070949626,2.4564293147065337
Ge,767,5.938176534021104,0.6666666667,2.1669897303344974,0.7032750659,1.421918746287803
Ge,768,6.173479377677589,0.4761904762,3.0729224530910404,0.2932275214,3.410321088639806
Ge,769,6.29587245418311,0.5238095238,3.008324884393701,0.3563773958,2.8060141069137923
Ge,770,6.3413191083942655,0.5714285714,2.844945332251293,0.2861209512,3.495025428253225
Ge,771,6.323439985861999,0.619047619,1.212285708338318,0.2962768031,3.3752220542979123
Ge,772,6.6362301382953985,0.5238095238,2.7971275868604404,0.04606028429,21.710677982443688
Ge,773,6.694006411356323,0.5714285714,1.6608165663159433,0.03382901793,29.56042064446652
Ge,774,3.3107970564277083,0.2857142857,3.4861652780895587,0.02647201884,37.775736185597246
Ge,775,3.718452111113618,0.3333333333,3.199042402493306,0.04693543476,21.305864217800632
Ge,776,4.157319062379423,0.380952381,3.084574752601654,0.09334461889,10.71299033507683
Ge,777,4.5968797668590655,0.4285714286,3.0072281550180118,0.1194932883,8.36867086199351
Ge,778,5.008539885659708,0.4761904762,2.8542767095614594,0.1750843845,5.711531630052365
Ge,779,5.3599268227085295,0.5238095238,2.526813975777699,0.3344315549,2.9901484634098443
Ge,780,5.5878819330509515,0.5714285714,1.9453510919422234,0.5621565849,1.7788638021164271
Ge,781,3.85267959427193,0.3333333333,3.3170811270788914,0.03614058308,27.669725133831463
Ge,782,4.175819306175699,0.380952381,2.899799619303147,0.09705407674,10.303534210921597
Ge,783,4.507083663065134,0.4285714286,2.525183171363798,0.1366702001,7.3168839971574755
Ge,784,4.840107727723712,0.4761904762,2.2844419869761055,0.1591513172,6.283328454915232
Ge,785,5.1508334543339265,0.5238095238,1.9969676909225937,0.2998386479,3.3351270992040787
Ge,786,5.387371055461456,0.5714285714,1.3495050210844581,0.4512132565,2.2162469422039246
Ge,787,5.461694602702119,0.619047619,0.7778407744252028,0.5247794674,1.9055623592791502
Ge,788,5.324759935342099,0.6666666667,1.6637128731513757,0.4285715941,2.33333243212257
Ge,789,5.044652131106413,0.7142857143,2.2475959414645197,0.2493653563,4.010180142252583
Ge,790,4.699109841032754,0.7619047619,2.491027541158328,0.1099016603,9.099043611081825
Ge,791,4.338206835767436,0.8095238095,2.597299948106802,0.1068710683,9.357069372534756
Ge,792,4.002319619837569,0.8571428571,2.7818766898244367,0.06738290228,14.840559936772138
Ge,793,4.405048638048853,0.380952381,3.3167106125078556,0.08662382767,11.54416777574844
Ge,794,4.652804588875453,0.4285714286,2.9042455229247905,0.1317750851,7.588687946899304
Ge,795,4.888414019065013,0.4761904762,2.40935301492089,0.2326126985,4.29899144134644
Ge,796,5.122523308873671,0.5238095238,1.9585629935363784,0.2595481031,3.852850350498285
Ge,797,5.334300473631094,0.5714285714,1.4309867610833074,0.3375734078,2.962318645052941
Ge,798,5.451156481229823,0.619047619,0.5864449133665607,0.5222098659,1.9149389264727028
Ge,799,5.3857501132956465,0.6666666667,1.2149666822736622,0.373703782,2.675916188613794
Ge,800,5.163111413080718,0.7142857143,1.946468025141402,0.2481830994,4.029283228461447
Ge,801,4.872834971939322,0.7619047619,2.2308110921286874,0.1305763199,7.658356436801372
Ge,802,4.58210696525254,0.8095238095,2.3494998079584954,0.1198281427,8.345284984543117
Ge,803,4.954646119449587,0.4285714286,3.3263020774561944,0.1608154924,6.218306365114858
Ge,804,5.1379443915352425,0.4761904762,2.993947321756567,0.2646880085,3.7780328835713006
Ge,805,5.296457025065555,0.5238095238,2.5510266383995477,0.2862339705,3.4936454197004547
Ge,806,5.4499812636229885,0.5714285714,2.0883384893502175,0.4099136422,2.4395382272056523
Ge,807,5.572417136892708,0.619047619,1.6131599850023486,0.5196606968,1.9243325619156193
Ge,808,5.5597544035639475,0.6666666667,1.5832954804177024,0.5718331775,1.7487617706476992
Ge,809,5.371742683035802,0.7142857143,2.0580259163176016,0.4059581575,2.463308056569845
Ge,810,5.113737309845929,0.7619047619,2.201746557769592,0.2188249812,4.56986215429411
Ge,811,5.480430039307097,0.4761904762,3.257421824065385,0.2809077036,3.5598881311704975
Ge,812,5.608113402247752,0.5238095238,3.015764186386483,0.3071440139,3.2558016915334713
Ge,813,5.705325389502379,0.5714285714,2.6585827855872206,0.5280817231,1.8936462980193605
Ge,814,5.795098807350722,0.619047619,2.2797270824217377,0.5840645567,1.7121395032940543
Ge,815,5.811040347366348,0.6666666667,2.0063286896091856,0.6816427605,1.4670441145248547
Ge,816,5.623676880836911,0.7142857143,2.152348020962989,0.491425178,2.0348977723725827
Ge,817,5.965842514173141,0.5238095238,3.124776892176511,0.3459840142,2.890306947597696
Ge,818,6.045285902454181,0.5714285714,2.959324454636051,0.3639851598,2.747364756710062
Ge,819,6.092669884534067,0.619047619,2.655829342871933,0.3875650141,2.5802122576058393
Ge,820,6.088057838480469,0.6666666667,2.033848415745386,0.4289080171,2.331502233885383
Ge,821,6.403109980542562,0.5714285714,2.9658851268515094,0.2406715444,4.155040441083404
Ge,822,6.41936687493708,0.619047619,1.7603098543115672,0.2635408065,3.7944787878608848
Ge,823,4.424420618031827,0.4285714286,2.607396467389461,0.1146462318,8.722484675680374
Ge,824,4.6905814422381535,0.4761904762,2.2914116542207026,0.1562313267,6.400764949786476
Ge,825,4.968049187460931,0.5238095238,2.0230567941295754,0.1991896723,5.020340605279463
Ge,826,5.227320915152701,0.5714285714,1.6233437387150857,0.3431580845,2.9141088179724934
Ge,827,5.402138604954859,0.619047619,0.7031333157766412,0.4104077487,2.4366011683930955
Ge,828,4.858033705471224,0.4761904762,2.623811224291078,0.1859515907,5.377743724781162
Ge,829,5.056039368073344,0.5238095238,2.22879629834812,0.222821929,4.4878886224883185
Ge,830,5.256238045734921,0.5714285714,1.8318396677101711,0.3266905531,3.0610006641174587
Ge,831,5.430987607672139,0.619047619,1.3018573302963183,0.4286427973,2.332944834951039
Ge,832,5.488327909189003,0.6666666667,0.8472255515476224,0.5344249925,1.8711699752701967
Ge,833,5.363837603434975,0.7142857143,1.5323384060187897,0.373428216,2.6778908426137784
Ge,834,5.140623545368373,0.7619047619,1.8921638272606973,0.2450135476,4.081406966248915
Ge,835,4.904154971331213,0.8095238095,2.0770933235838096,0.1379015926,7.251547869360865
Ge,836,5.294616092571207,0.5238095238,2.7323576884080345,0.2184743201,4.577196988379597
Ge,837,5.4305596623118575,0.5714285714,2.3494386106740626,0.3219402843,3.106166108333775
Ge,838,5.562737349169353,0.619047619,1.928019021426367,0.4402348621,2.271514789241858
Ge,839,5.645926281923371,0.6666666667,1.477075191474419,0.6099832505,1.6393892769683518
Ge,840,5.557680269289234,0.7142857143,1.684572295744988,0.5657883798,1.7674452776027127
Ge,841,5.351085178338035,0.7619047619,1.8584173484835864,0.3548740796,2.81790093299336
Ge,842,5.71803555737038,0.5714285714,2.814988389862405,0.4923187304,2.031204458110944
Ge,843,5.801542096545733,0.619047619,2.4963367889519126,0.5543426985,1.8039382546318503
Ge,844,5.870280804523434,0.6666666667,2.1128561883867696,0.5740577218,1.7419851036310892
Ge,845,5.778056722044461,0.7142857143,1.8311675452880853,0.6761218501,1.4790233444638679
Ge,846,6.115154258795411,0.619047619,2.8273368295790138,0.345570781,2.893763173802591
Ge,847,6.150159233063587,0.6666666667,1.8108885846048401,0.3536626216,2.8275535465860493
Ge,848,5.225262908048371,0.5714285714,1.9333610493790547,0.3316703011,3.0150423377777673
Ge,849,5.402678829352845,0.619047619,1.6265756872280357,0.39739037,2.5164172951649535
Ge,850,5.549328994030801,0.6666666667,1.1265446186509154,0.5267118971,1.8985711268453518
Ge,851,5.550244434164872,0.619047619,2.0189887777111726,0.4030238008,2.481243038289564
Ge,852,5.668313815176492,0.6666666667,1.627712595939404,0.5876895161,1.7015787632833017
Ge,853,5.704525115476679,0.7142857143,1.2316971609989766,0.6471991441,1.5451194722925778
Ge,854,5.568312774417431,0.7619047619,1.4795035502118266,0.5113696704,1.9555324804808758
Ge,855,5.876719670802576,0.6666666667,2.210572787578688,0.5698427783,1.754870006395938
Ge,856,5.893425216615471,0.7142857143,1.3357104474193555,0.6283009235,1.5915940317728978
Ge,857,5.7875645555842,0.7142857143,1.3537213164062352,0.6272311636,1.594308538913292
Ge,858,8.628648026352156,0.0,0.0,0.6562391414,1.523834737846681
Ge,859,8.61645685957048,0.04761904762,0.16778099664864693,0.5178697859,1.9309873393407406
Ge,860,8.580510515644905,0.09523809524,0.32334576471581294,0.5126699759,1.9505725847207742
Ge,861,8.525252008530167,0.1428571429,0.4250005930445127,0.6486854071,1.5415793064785903
Ge,862,8.414793591967639,0.1904761905,0.9373957475756292,0.3794785244,2.6351952368875606
Ge,863,8.259131794299119,0.2380952381,1.1963788219403007,0.2038946012,4.904494744415038
Ge,864,8.070454535545446,0.2857142857,1.4021167804013313,0.1090266896,9.172066066289148
Ge,865,7.8513966814937355,0.3333333333,1.6277144547261715,0.05409350163,18.48650891266031
Ge,866,7.595423688279255,0.380952381,1.9085323984461384,0.04131853165,24.202215327271922
Ge,867,7.299655994164535,0.4285714286,2.139994947493827,0.02752572591,36.329650424830525
Ge,868,7.006006550483204,0.4761904762,1.6052663546877122,0.02625662359,38.08562805390013
Ge,869,8.60022435885409,0.04761904762,0.3493211125,0.5981812213,1.6717341908974435
Ge,870,8.558737646739752,0.09523809524,0.5412335831339865,0.4694482113,2.1301604222344177
Ge,871,8.49742301233612,0.1428571429,0.6833646463608755,0.4467705822,2.2382852404376594
Ge,872,8.420423986149961,0.1904761905,0.9613894029635558,0.3501869884,2.855617236291353
Ge,873,8.276637830588438,0.2380952381,1.27519694028465,0.2445520983,4.089108238904855
Ge,874,8.091672736741527,0.2857142857,1.497017768738745,0.1609414945,6.213438014271701
Ge,875,7.879459481073834,0.3333333333,1.6856828749630692,0.1062642458,9.410502963358914
Ge,876,7.6373586045865824,0.380952381,1.9040513821223621,0.05902904641,16.94081237657588
Ge,877,7.3595341565306995,0.4285714286,2.104939832202791,0.05175065034,19.323428660896706
Ge,878,7.066727528991358,0.4761904762,1.9018487616146178,0.04576953778,21.848592939843318
Ge,879,6.9340798814601525,0.5238095238,0.5894151731410335,0.0332312072,30.09219598859472
Ge,880,7.15752529351823,0.5714285714,2.083194917678388,0.04043344913,24.731998420041787
Ge,881,7.4492390406689974,0.619047619,2.076561021001652,0.07210249222,13.869146117013376
Ge,882,7.711648484190584,0.6666666667,1.888836657038899,0.08973831573,11.143512020091263
Ge,883,7.93880464467643,0.7142857143,1.7306532102298606,0.1313021839,7.616019553502643
Ge,884,8.13958083037296,0.7619047619,1.5843913430201226,0.1708764026,5.852183126425439
Ge,885,8.317003205410376,0.8095238095,1.3591243760350704,0.2638172149,3.7905032102588545
Ge,886,8.461792049845775,0.8571428571,0.9793890080070579,0.411282229,2.431420395749703
Ge,887,8.527936737560953,0.9047619048,0.4638561387694106,0.4932337315,2.02743635752333
Ge,888,8.57857364455086,0.9523809524,0.38355660943442216,0.5505953083,1.8162159846359154
Ge,889,8.507894775746442,0.09523809524,0.7567349667,0.5869477983,1.7037290247894947
Ge,890,8.43594411252417,0.1428571429,0.913898588929392,0.3257186464,3.0701343354225608
Ge,891,8.354825484776935,0.1904761905,1.1079478352035375,0.3475087683,2.8776252319961966
Ge,892,8.23246622710527,0.2380952381,1.3417646043459301,0.2716126421,3.6817137533378457
Ge,893,8.057158402148817,0.2857142857,1.5923140412239802,0.153558148,6.512191069144699
Ge,894,7.845702878390535,0.3333333333,1.772346811637323,0.1859864442,5.376735946006113
Ge,895,7.610472326092301,0.380952381,1.9299843396061407,0.1073486457,9.31544122871035
Ge,896,7.351372282020743,0.4285714286,2.0474583357149574,0.07011398215,14.262490438221386
Ge,897,7.082103766564616,0.4761904762,1.883322512153584,0.03221671727,31.03978569943231
Ge,898,6.895974487731526,0.5238095238,0.6070114868931369,0.04306160684,23.222542617037185
Ge,899,6.981878872786547,0.5714285714,1.5835167648799073,0.03624276026,27.59171743063038
Ge,900,7.223148371597569,0.619047619,2.1008049848200754,0.05180183051,19.304337127757613
Ge,901,7.468966798794859,0.6666666667,2.155775018238151,0.106004503,9.43356151577825
Ge,902,7.691864509355724,0.7142857143,2.1455515662897495,0.1824711184,5.4803193446092235
Ge,903,7.901436251334329,0.7619047619,2.097340786086464,0.2101852669,4.757707401422055
Ge,904,8.108241127599115,0.8095238095,1.9401087595877098,0.3077360419,3.249538123080669
Ge,905,8.304703970830792,0.8571428571,1.6093359999666947,0.2578142974,3.878760837101659
Ge,906,8.46485372462688,0.9047619048,1.114805873983035,0.3960495852,2.52493636496302
Ge,907,8.352184303721677,0.1428571429,1.063672453,0.3806964624,2.6267646242252027
Ge,908,8.261467211652358,0.1904761905,1.1284988316833886,0.4828729159,2.070938267755514
Ge,909,8.155691053938122,0.2380952381,1.21865573147707,0.2941333597,3.399818371571132
Ge,910,8.00740461410714,0.2857142857,1.435912975808783,0.2675596781,3.7374839404099287
Ge,911,7.807439201887904,0.3333333333,1.680957889782341,0.1772433126,5.641961805672097
Ge,912,7.573951991456015,0.380952381,1.8505189507364521,0.1343031561,7.445841401191019
Ge,913,7.322175328400677,0.4285714286,1.9417249309708156,0.07755738969,12.893677881592458
Ge,914,7.068561326569607,0.4761904762,1.8185687624380187,0.05036214069,19.856185346755165
Ge,915,6.867621604394402,0.5238095238,1.094316011602706,0.06326391333,15.806799601279106
Ge,916,6.8380953846618695,0.5714285714,0.8900621385609411,0.05310986556,18.828893454272944
Ge,917,6.987079933777483,0.619047619,1.7551765689469108,0.04935258788,20.262361974441614
Ge,918,7.190761083931953,0.6666666667,2.060871061271687,0.07040294211,14.203951852432036
Ge,919,7.396214020124195,0.7142857143,2.1797261225067213,0.1470929243,6.7984235459244315
Ge,920,7.606840168375431,0.7619047619,2.236495055897814,0.2200752566,4.543900188732076
Ge,921,7.837007024722561,0.8095238095,2.2197922607327776,0.339771179,2.94315722405637
Ge,922,8.081239956742966,0.8571428571,2.039870492515426,0.3073215271,3.253921095070597
Ge,923,8.170676512013408,0.1904761905,1.039161747,0.2792044637,3.5816046303417317
Ge,924,8.08255638138996,0.2380952381,0.9584893658447677,0.329900083,3.0312208196686026
Ge,925,7.971008517410979,0.2857142857,1.069433839614806,0.2611684753,3.828946042784514
Ge,926,7.8025425836129605,0.3333333333,1.4352768010463341,0.2182616057,4.581657854082213
Ge,927,7.576009268039157,0.380952381,1.7450967572020755,0.176126723,5.6777301193527565
Ge,928,7.318449525506841,0.4285714286,1.8861814355952398,0.1004858356,9.951651335026565
Ge,929,7.057981503319123,0.4761904762,1.8299058511480097,0.05580443943,17.919721266161638
Ge,930,6.835949186620473,0.5238095238,1.4005912250913413,0.0527299494,18.96455451557858
Ge,931,6.729600879618216,0.5714285714,0.785937617994824,0.105243271,9.501795131396097
Ge,932,6.786236046751261,0.619047619,1.3290541687882926,0.07791173697,12.835036656736982
Ge,933,6.936944165914638,0.6666666667,1.747981880715398,0.06098637407,16.397105341140673
Ge,934,7.118209023517769,0.7142857143,1.9301549322932048,0.1045984763,9.560368710648225
Ge,935,7.322337761935597,0.7619047619,2.064348206356004,0.1487348291,6.723374787539928
Ge,936,7.562676529005616,0.8095238095,2.199380550969021,0.2133017484,4.688194107648487
Ge,937,8.022291816286758,0.2380952381,0.699840183,0.4262195355,2.3462087415277564
Ge,938,7.954246592551043,0.2857142857,0.6546233728592149,0.2388275918,4.187120895300172
Ge,939,7.835321768044249,0.3333333333,1.1051328778015088,0.2503728024,3.9940440431799873
Ge,940,7.631664438610112,0.380952381,1.6710076937610072,0.1615777856,6.188969580729296
Ge,941,7.365271730426349,0.4285714286,1.9577987205139051,0.1271238688,7.866343350305587
Ge,942,7.079369489416945,0.4761904762,1.9805597832192605,0.0621486284,16.090459689050835
Ge,943,6.816798037304138,0.5238095238,1.7162715804161635,0.05576247905,17.933205571856654
Ge,944,6.639480072684038,0.5714285714,1.1276803918594989,0.1362348582,7.3402652831476285
Ge,945,6.616013718790016,0.619047619,1.107899938206332,0.09876299404,10.125249945288111
Ge,946,6.721527458650982,0.6666666667,1.4874404275044282,0.06735351894,14.84703421198857
Ge,947,6.884465349219032,0.7142857143,1.6682359792677128,0.08461518849,11.818209210964318
Ge,948,7.081930037803385,0.7619047619,1.8316819488375182,0.1515267169,6.5994962502879915
Ge,949,7.938137998732499,0.2857142857,0.3239407,0.2818677404,3.547763211855655
Ge,950,7.881365232601856,0.3333333333,0.6858375357949084,0.2924128772,3.4198220323793596
Ge,951,7.720554505144009,0.380952381,1.5367643219447673,0.202670205,4.9341243820225085
Ge,952,7.45512642392948,0.4285714286,2.0564472533922764,0.133491058,7.491138470113856
Ge,953,7.1423299912420255,0.4761904762,2.211927763899295,0.08994428271,11.117994049985569
Ge,954,6.831083014686142,0.5238095238,2.0870639990831013,0.08007315714,12.48857964038559
Ge,955,6.574645292220932,0.5714285714,1.620085548488017,0.1095297188,9.129942183326413
Ge,956,6.463169146642408,0.619047619,1.0810131491994543,0.1696412934,5.894791179421649
Ge,957,6.53237285761734,0.6666666667,1.3294060836761283,0.1008235815,9.918314595876561
Ge,958,6.689554624781123,0.7142857143,1.5064961337415979,0.06983440085,14.31959017086634
Ge,959,7.903310310338532,0.3333333333,0.1265275028,0.1740521861,5.745403274771048
Ge,960,7.806806893622946,0.380952381,1.3421968194054013,0.2023885297,4.940991475565821
Ge,961,7.55203493135552,0.4285714286,2.0686714164790443,0.2020498602,4.949273407119141
Ge,962,7.226865067645562,0.4761904762,2.378251413457178,0.08276597239,12.082260029374375
Ge,963,6.879615519314257,0.5238095238,2.411495383761837,0.09154355448,10.923761980626121
Ge,964,6.552663311227601,0.5714285714,2.17842931886755,0.1029472154,9.713715869968057
Ge,965,6.333985874095516,0.619047619,1.2298123520505395,0.2187004648,4.572463990483481
Ge,966,6.37292701589511,0.6666666667,1.0869424179616707,0.2274451712,4.396664016756229
Ge,967,7.828232500766217,0.380952381,1.722326762,0.06902650571,14.487188504098478
Ge,968,7.599822446018968,0.4285714286,2.026512312482072,0.1280183174,7.8113821545978235
Ge,969,7.290351570191364,0.4761904762,2.4012730968927642,0.09480613172,10.54784096616657
Ge,970,6.935027959498404,0.5238095238,2.5817750599300324,0.05064362364,19.74582243775635
Ge,971,6.571506911123455,0.5714285714,2.5411045018535527,0.09857324457,10.14474063791081
Ge,972,6.2557525710862425,0.619047619,0.2974948077106661,0.3356151634,2.9796031557971014
Ge,973,7.513248500893008,0.4285714286,2.037693129,0.056611103,17.664379370951313
Ge,974,7.278510940580298,0.4761904762,2.319076019706953,0.06334610364,15.786290593073643
Ge,975,6.954810234558472,0.5238095238,2.591682259482343,0.04236828151,23.60256220833442
Ge,976,6.6344487345244145,0.5714285714,1.5220053811307939,0.06243385427,16.016951246921632
Ge,977,7.14612417983181,0.4761904762,2.346439141,0.06302751075,15.866087492595446
Ge,978,6.90356461243237,0.5238095238,0.6524254366870392,0.04109975025,24.331048094385928
Ge,979,8.503847298430925,0.1428571429,0.6358173302577439,0.4208806063,2.3759707266891947
Ge,980,8.418861097341194,0.1904761905,1.106544615456658,0.4057810169,2.4643833948655076
Ge,981,8.287996913045937,0.2380952381,1.4588253043881094,0.3412447256,2.9304482237541722
Ge,982,8.115723275220367,0.2857142857,1.7462844521630225,0.2280326278,4.385337351271799
Ge,983,7.91685202299545,0.3333333333,1.8907269424426445,0.1389838481,7.195080677867632
Ge,984,7.69841842078548,0.380952381,1.9841480080900766,0.1371242804,7.292654496220059
Ge,985,7.454641871930589,0.4285714286,2.0813784029226134,0.07171742555,13.943612620378005
Ge,986,7.185956664115541,0.4761904762,2.060751903565984,0.05165518925,19.35913921755693
Ge,987,6.946537591391222,0.5238095238,1.24005976852825,0.03686356557,27.12705579445662
Ge,988,8.339746007510564,0.1904761905,1.1625469046326948,0.3241786594,3.084718783928687
Ge,989,8.216439230434501,0.2380952381,1.3816293302280915,0.3329548201,3.003410491848891
Ge,990,8.062707339239717,0.2857142857,1.6542518227850735,0.2729299858,3.6639433262301515
Ge,991,7.872861020583957,0.3333333333,1.855827385865097,0.1992263914,5.019415314270456
Ge,992,7.656532570355559,0.380952381,1.9544610766748218,0.1728032427,5.786928441707998
Ge,993,7.4211776305115515,0.4285714286,2.013732846688632,0.1019375486,9.809927879705752
Ge,994,7.171774056784483,0.4761904762,1.9682551958580778,0.07441489506,13.438169860935902
Ge,995,6.942071585913406,0.5238095238,1.4637655563598462,0.04465709984,22.392855863521298
Ge,996,6.851138359839819,0.5714285714,0.5730400094031562,0.08343658798,11.985149731191104
Ge,997,6.9846779291791545,0.619047619,1.683143686464287,0.06156369786,16.243338765550885
Ge,998,7.208728400584384,0.6666666667,2.0548052099229803,0.0659077724,15.172717322790295
Ge,999,7.4344118271705275,0.7142857143,2.1416577421044036,0.1483952822,6.738758706979971
Ge,1000,7.649074256187035,0.7619047619,2.161405656785634,0.1987083841,5.032500286936811
Ge,1001,7.8623158931110675,0.8095238095,2.1069167118051935,0.2619250807,3.817885623352602
Ge,1002,8.075974812014193,0.8571428571,1.909200326100955,0.3004368141,3.3284868999680954
Ge,1003,8.271327675250209,0.9047619048,1.5510838651636703,0.3381988839,2.956840035863879
Ge,1004,8.1435139978337,0.2380952381,1.1807548801654586,0.3690635948,2.7095601248394927
Ge,1005,8.011786191070744,0.2857142857,1.3285565611327061,0.3290769659,3.038802783613485
Ge,1006,7.8476004302558895,0.3333333333,1.5935446629848662,0.2466921655,4.053635015012262
Ge,1007,7.639889782519824,0.380952381,1.8039111832267565,0.1946187161,5.1382519628080106
Ge,1008,7.402680883349377,0.4285714286,1.9093333420554637,0.1366028966,7.320488985882895
Ge,1009,7.1541319159624805,0.4761904762,1.8975564131372717,0.06146667431,16.26897845418831
Ge,1010,6.922822112264778,0.5238095238,1.593203253731026,0.0539084992,18.54995065416327
Ge,1011,6.779256422905074,0.5714285714,0.8135011337261986,0.1023615047,9.76929757852612
Ge,1012,6.808489485598629,0.619047619,1.1844967572408434,0.0919214828,10.878849748059112
Ge,1013,6.964994567324669,0.6666666667,1.7688712480118882,0.06060623009,16.499953858126535
Ge,1014,7.158894217014752,0.7142857143,1.9932463774647942,0.1032250566,9.687570372327604
Ge,1015,7.3624435088904185,0.7619047619,2.099379314802756,0.1765637476,5.663676794318338
Ge,1016,7.583035729593545,0.8095238095,2.158075127201706,0.2678608674,3.733281422204489
Ge,1017,7.826966965912276,0.8571428571,2.128276436861961,0.2681663773,3.7290282624853135
Ge,1018,7.980192874895082,0.2857142857,0.9487218716982405,0.3095480638,3.2305160876280046
Ge,1019,7.854267755498093,0.3333333333,1.2246913448555163,0.2717324998,3.68008979689959
Ge,1020,7.672115741185825,0.380952381,1.6313261832944264,0.2243625034,4.457072749884462
Ge,1021,7.432984466753551,0.4285714286,1.8896345742942788,0.1451026417,6.8916732892258565
Ge,1022,7.167661902083193,0.4761904762,1.9499673287675703,0.0705770897,14.168903878732761
Ge,1023,6.911483511456906,0.5238095238,1.7757668896494574,0.05429600735,18.417560494897053
Ge,1024,6.717226520722394,0.5714285714,1.2358619073452408,0.09502984069,10.523010380098743
Ge,1025,6.661157507510664,0.619047619,0.9722307932476667,0.1280925724,7.806853912475569
Ge,1026,6.751488351223242,0.6666666667,1.472258904227279,0.08409634778,11.891122818033038
Ge,1027,6.913239052549636,0.7142857143,1.7436224303603094,0.06978639841,14.329439873439657
Ge,1028,7.104491142254342,0.7619047619,1.8882443771371022,0.1242274364,8.049751560356597
Ge,1029,7.32533394127452,0.8095238095,2.0336442163070103,0.1391436656,7.186816558899107
Ge,1030,7.877622008607948,0.3333333333,0.8642225827973935,0.3395815872,2.9448004182012375
Ge,1031,7.739065103560882,0.380952381,1.4269610739942646,0.2511861648,3.981110985138143
Ge,1032,7.5112010298459095,0.4285714286,1.921977015257922,0.1907941645,5.241250447154006
Ge,1033,7.226310123006891,0.4761904762,2.1207915509134745,0.08761121512,11.41406381169708
Ge,1034,6.9314136414591045,0.5238095238,2.0550541137033354,0.06369301556,15.700308600681366
Ge,1035,6.675242610157387,0.5714285714,1.6822630624674793,0.08827193042,11.328629556892837
Ge,1036,6.532557512365415,0.619047619,1.1049740370935333,0.1478877397,6.761885752183147
Ge,1037,6.561356432205203,0.6666666667,1.2921480951105273,0.1074431864,9.307244447098787
Ge,1038,6.700995597231491,0.7142857143,1.5587353487080102,0.0760773134,13.14452305567352
Ge,1039,6.886043914789694,0.7619047619,1.7049028101062602,0.07796766114,12.825830419670838
Ge,1040,7.802670408905504,0.380952381,1.2081434419276962,0.2576817035,3.8807567103808744
Ge,1041,7.604272182678502,0.4285714286,1.895546089905358,0.1729642087,5.781542941837539
Ge,1042,7.313376081315473,0.4761904762,2.2721713062361992,0.1045638463,9.56353496342263
Ge,1043,6.986220029169254,0.5238095238,2.3491285521152996,0.0686042449,14.576357504665138
Ge,1044,6.67028936455369,0.5714285714,2.1546268003624407,0.07190579465,13.9070850251705
Ge,1045,6.430733611155793,0.619047619,1.5241469027198726,0.1742306861,5.739517087283053
Ge,1046,6.388155952385437,0.6666666667,1.1283031128869483,0.1898789115,5.266514285868971
Ge,1047,6.516457621139159,0.7142857143,1.4113705408054347,0.1225550234,8.159600253480919
Ge,1048,7.659466200210298,0.4285714286,1.8894838041359072,0.160614416,6.22609118723191
Ge,1049,7.386874879683287,0.4761904762,2.3138763182495,0.08542932707,11.705582079332185
Ge,1050,7.051467840582926,0.5238095238,2.5359174645107583,0.07239336437,13.813420728577197
Ge,1051,6.698841676992256,0.5714285714,2.521344766133458,0.07394786799,13.523040314498727
Ge,1052,6.374136049152702,0.619047619,2.1841520569483945,0.2380441073,4.200902140962176
Ge,1053,6.2590390776892555,0.6666666667,0.6285451741927967,0.3408607433,2.933749396655734
Ge,1054,7.391627309945988,0.4761904762,2.2821411322993104,0.1115935037,8.961095107187678
Ge,1055,7.085447408200649,0.5238095238,2.577960826272482,0.07599874164,13.158112600560157
Ge,1056,6.730768123562402,0.5714285714,2.677553079710041,0.04982073852,20.07196259442362
Ge,1057,6.398130162429568,0.619047619,1.8579950358583106,0.2114859915,4.728445571772067
Ge,1058,7.04336821634586,0.5238095238,2.541875858330441,0.04862308484,20.56636273265298
Ge,1059,6.7429657695418115,0.5714285714,1.3997811280213572,0.04716206294,21.203483004384456
Ge,1060,8.038558753358185,0.2857142857,1.644137998710701,0.3040012259,3.289460419244974
Ge,1061,7.837437890576049,0.3333333333,1.8824058063065636,0.2761855513,3.6207542186512636
Ge,1062,7.625106635841997,0.380952381,2.013524673172277,0.2334980171,4.282691615200016
Ge,1063,7.407224518242235,0.4285714286,2.031382740976473,0.1446757207,6.912009804835207
Ge,1064,7.184265544169125,0.4761904762,1.9715018455038626,0.09824584439,10.178547563094542
Ge,1065,6.966537798906415,0.5238095238,1.726087593073978,0.05540960146,18.047413690962866
Ge,1066,6.806518485318587,0.5714285714,1.0002435731262043,0.08305833506,12.039730862382639
Ge,1067,7.8395990507736455,0.3333333333,1.5410795270479944,0.2568095126,3.8939367544284647
Ge,1068,7.645168350376498,0.380952381,1.8066004794376158,0.277384131,3.6051089022104157
Ge,1069,7.425249657477041,0.4285714286,1.9542444333144298,0.152052497,6.576675948965178
Ge,1070,7.188745595070669,0.4761904762,1.965962244993084,0.1002679433,9.973277271759898
Ge,1071,6.954149515544621,0.5238095238,1.8251495892571439,0.06140561467,16.28515576912798
Ge,1072,6.760581059333365,0.5714285714,1.3675528853619463,0.09141789957,10.938776811802438
Ge,1073,6.684909628879657,0.619047619,0.9000527052149877,0.1131481271,8.837972184163533
Ge,1074,6.769730997969475,0.6666666667,1.4482792373320925,0.07902785224,12.65376663613603
Ge,1075,6.947457218891847,0.7142857143,1.8191329306741895,0.0666102759,15.012698663810818
Ge,1076,7.154368727376955,0.7619047619,1.9647409829528324,0.1072309604,9.32566486646892
Ge,1077,7.37200601533621,0.8095238095,2.0240177714718692,0.1916899981,5.21675627268943
Ge,1078,7.600756661661675,0.8571428571,2.0028741587945955,0.2591577448,3.858653735282852
Ge,1079,7.696584952657963,0.380952381,1.5893731101972413,0.3353243605,2.9821871530863624
Ge,1080,7.489909190840758,0.4285714286,1.9316730284693684,0.2006193934,4.98456297296331
Ge,1081,7.2387011597491995,0.4761904762,2.0835978903199326,0.1176646194,8.498731437701824
Ge,1082,6.971934817829484,0.5238095238,2.0362639567217795,0.07357208707,13.592111353977932
Ge,1083,6.729466793170212,0.5714285714,1.738369107344811,0.06886676916,14.520791554438592
Ge,1084,6.576734401384242,0.619047619,1.1666397117856693,0.1222766622,8.178175475254346
Ge,1085,6.585963430477771,0.6666666667,1.2670435674506737,0.1037445992,9.639055986636844
Ge,1086,6.725604096335174,0.7142857143,1.6641726040750564,0.07202133799,13.884773983771971
Ge,1087,6.91921853081794,0.7619047619,1.8489844799288173,0.07802472063,12.816450887944692
Ge,1088,7.135818563041229,0.8095238095,1.957489945464908,0.1305203868,7.661638342616373
Ge,1089,7.567116519016435,0.4285714286,1.8850269482409254,0.2371386843,4.216941672556964
Ge,1090,7.31807133198177,0.4761904762,2.2132902933657688,0.118681922,8.425883092793189
Ge,1091,7.024103355597335,0.5238095238,2.3022729387492693,0.07865865953,12.713158423690215
Ge,1092,6.730411162898289,0.5714285714,2.142373315662907,0.0704009354,14.204356722226164
Ge,1093,6.494709325757219,0.619047619,1.6330850771463699,0.1667638252,5.996504330604669
Ge,1094,6.415541272344629,0.6666666667,1.1852050932229048,0.189517222,5.276565313942814
Ge,1095,6.518727769050235,0.7142857143,1.5287824810684143,0.1300115044,7.691627018816344
Ge,1096,6.704265029692209,0.7619047619,1.725938988273372,0.07661879181,13.051628410949228
Ge,1097,7.384169247242274,0.4761904762,2.2716028524407723,0.1548630732,6.457317288986875
Ge,1098,7.087221150252672,0.5238095238,2.499612704126404,0.07921139203,12.624446741464494
Ge,1099,6.760266156954512,0.5714285714,2.4949111728578104,0.07653696766,13.065581647319734
Ge,1100,6.453843605991387,0.619047619,2.1913105610475836,0.190593081,5.246780180860815
Ge,1101,6.270785388897946,0.6666666667,1.2080172254432007,0.259206331,3.8579304608111595
Ge,1102,6.339463159631036,0.7142857143,1.2899565306028016,0.2080345887,4.806892960680052
Ge,1103,7.120950040877281,0.5238095238,2.5764570809157012,0.09507724861,10.517763341069404
Ge,1104,6.792154828098917,0.5714285714,2.711918791959848,0.08097583881,12.34936265799455
Ge,1105,6.4480754759382135,0.619047619,2.628796352642984,0.2123457939,4.709299777658559
Ge,1106,6.186442428426217,0.6666666667,0.5793697870069617,0.3888100498,2.5719499804966204
Ge,1107,6.789674665691134,0.5714285714,2.7916472791928495,0.07065585761,14.153108232295647
Ge,1108,6.464503942544482,0.619047619,1.8570455119227578,0.2412481321,4.145109814095841
Ge,1109,7.426344334724924,0.4285714286,1.9895637047540433,0.1659430119,6.026165178938759
Ge,1110,7.194916331425635,0.4761904762,2.050034013589668,0.128376883,7.789564418696783
Ge,1111,6.95960727913482,0.5238095238,1.979731501341768,0.09451134632,10.580740185566325
Ge,1112,6.742006926263209,0.5714285714,1.7390115551804508,0.08677291283,11.524333658812822
Ge,1113,6.593261658646787,0.619047619,1.2291284719648068,0.1189248917,8.408668578169493
Ge,1114,7.263865943576174,0.4761904762,2.1586481088925384,0.1420297906,7.040776415817654
Ge,1115,7.005302148212123,0.5238095238,2.2156095447919406,0.08014146997,12.477934337545069
Ge,1116,6.7429505782024926,0.5714285714,2.0812814299563085,0.06436627293,15.536086749772293
Ge,1117,6.523276227929419,0.619047619,1.6690429904227315,0.1321467334,7.567345588279219
Ge,1118,6.432594380722248,0.6666666667,1.216439315739009,0.1517220865,6.590998206447682
Ge,1119,6.526565386053784,0.7142857143,1.6283003702357468,0.1391399923,7.187006291073369
Ge,1120,6.725732158768583,0.7619047619,1.9310689409844501,0.08180513247,12.22417188025122
Ge,1121,6.95794125633138,0.8095238095,2.046352206241841,0.08069674686,12.392073273224883
Ge,1122,7.060779518838403,0.5238095238,2.40674802568014,0.09039888811,11.062082962604261
Ge,1123,6.769349080218735,0.5714285714,2.4057017869623856,0.07650409847,13.071195138547196
Ge,1124,6.489190849330879,0.619047619,2.1458071212111807,0.1584635904,6.3105978949218615
Ge,1125,6.298808167376054,0.6666666667,1.4513100669894614,0.2727900708,3.665822575826686
Ge,1126,6.321806871526142,0.7142857143,1.4409799937197496,0.2482673416,4.027916010037141
Ge,1127,6.500665678812291,0.7619047619,1.7925148520808574,0.1386142318,7.21426643580764
Ge,1128,6.796431494898683,0.5714285714,2.6240384925206004,0.09774192107,10.231024611065587
Ge,1129,6.482850197567119,0.619047619,2.5317535544840384,0.1711063779,5.844317507465629
Ge,1130,6.208748340658322,0.6666666667,1.96174264685192,0.3564143818,2.8057229199049116
Ge,1131,6.163153610279663,0.7142857143,1.0304375477191243,0.4337716339,2.3053605211781463
Ge,1132,6.477421743951239,0.619047619,2.76448326207525,0.1873942755,5.336342304650603
Ge,1133,6.162226833538995,0.6666666667,1.2939377116753272,0.3679448902,2.717798307938019
Ge,1134,6.748190118084021,0.5714285714,2.2088213373318544,0.09160680632,10.916219440145198
Ge,1135,6.497751058423955,0.619047619,2.0132401172195995,0.1605060781,6.230293655153487
Ge,1136,6.313798382592591,0.6666666667,1.4994954611677198,0.2949339755,3.3905893626012578
Ge,1137,6.491061602686915,0.619047619,2.3308751661526133,0.1572826943,6.357978571327157
Ge,1138,6.238158016000675,0.6666666667,1.9600944278311845,0.3668468062,2.7259335043926027
Ge,1139,6.13035402218467,0.7142857143,1.2912486142365116,0.4215289578,2.3723162584584836
Ge,1140,6.2678564779872685,0.7619047619,1.7611765471864718,0.2905242205,3.442053809761448
Ge,1141,6.195180335604803,0.6666666667,2.3369251878288737,0.4236443006,2.360470797279032
Ge,1142,6.011962470187947,0.7142857143,0.9100185510364595,0.4620555374,2.1642419991913293
Ge,1143,6.022964198868624,0.7142857143,1.5611963461210474,0.4875814317,2.0509394636161655
Ge,1144,8.628648026352156,0.0,0.0,0.6562390305,1.5238349953645436
Ge,1145,8.61645686116203,0.04761904762,0.16778096304686127,0.4908321567,2.037356327106349
Ge,1146,8.580510522011103,0.09523809524,0.32334574964697094,0.5237108981,1.9094504308158484
Ge,1147,8.525252013304815,0.1428571429,0.42500064379360136,0.6471075896,1.5453380798981746
Ge,1148,8.46225606608236,0.1904761905,0.4245742213718268,0.4109042201,2.4336571665207876
Ge,1149,8.407073703467043,0.2380952381,0.32377484600878215,0.4712997929,2.1217917237917803
Ge,1150,8.369927511115641,0.2857142857,0.1904953891411059,0.3691735701,2.7087529579355443
Ge,1151,8.349548104216137,0.3333333333,0.10181766388107935,0.3206391146,3.1187710870756002
Ge,1152,8.337294785837635,0.380952381,0.0748672352931791,0.2704269318,3.697856546106034
Ge,1153,8.327011592386986,0.4285714286,0.06495804065812652,0.3194643626,3.1302396043845926
Ge,1154,8.319855007342674,0.4761904762,0.028108504535346295,0.3493076196,2.8628061453257803
Ge,1155,8.60022436203719,0.04761904762,0.3493210951,0.6166017494,1.621792349718559
Ge,1156,8.563143596691344,0.09523809524,0.530969645036477,0.4618947035,2.1649955983961613
Ge,1157,8.508580891114562,0.1428571429,0.7019979626178369,0.411600057,2.4295429094170413
Ge,1158,8.429225768573408,0.1904761905,0.7149324073139596,0.3457462345,2.892294695403255
Ge,1159,8.371161778389462,0.2380952381,0.63705225286556,0.3727111619,2.6830428015684284
Ge,1160,8.334285495314498,0.2857142857,0.5241542441470934,0.337078072,2.966671768550996
Ge,1161,8.316810411478514,0.3333333333,0.44540195792280163,0.2834950682,3.527398223712733
Ge,1162,8.308327731532867,0.380952381,0.40692604694181217,0.2420234744,4.131830610559981
Ge,1163,8.300757786087257,0.4285714286,0.3893042758616926,0.2985686941,3.3493129713896552
Ge,1164,8.294536661277307,0.4761904762,0.37153739728082963,0.3395261204,2.9452814965219387
Ge,1165,8.294633070975635,0.5238095238,0.3520849863989445,0.3402784894,2.9387693643617077
Ge,1166,8.302707951393696,0.5714285714,0.3374823586189663,0.3021620882,3.3094820265410116
Ge,1167,8.315618506475895,0.619047619,0.31928330621834305,0.2761109921,3.6217319433549635
Ge,1168,8.331631965427206,0.6666666667,0.296796765962006,0.2647332303,3.777387519000859
Ge,1169,8.345193543804122,0.7142857143,0.14703953019029523,0.259131919,3.8590382993304657
Ge,1170,8.370693756222959,0.7619047619,0.25389375834378003,0.3183514963,3.1411820318810295
Ge,1171,8.413926816640517,0.8095238095,0.3813037418972557,0.4256613077,2.3492856454427513
Ge,1172,8.470713531110372,0.8571428571,0.4874174192669816,0.5055421465,1.9780744432947097
Ge,1173,8.562633298197307,0.9047619048,0.5826863548048918,0.4979197297,2.0083558460366833
Ge,1174,8.606367153967248,0.9523809524,0.1956570513548797,0.7476382098,1.337545335286581
Ge,1175,8.50789477892954,0.09523809524,0.7567348629,0.5508168577,1.8154854667586184
Ge,1176,8.439203425913608,0.1428571429,0.9375821491149524,0.4925379558,2.030300382385272
Ge,1177,8.358612770816837,0.1904761905,0.9483750005562693,0.3965169884,2.5219600401867677
Ge,1178,8.295046851545981,0.2380952381,0.8687717590006703,0.3482989001,2.8710972090721225
Ge,1179,8.256994224047189,0.2857142857,0.7585968151709714,0.3228974086,3.0969588896229996
Ge,1180,8.241626614263394,0.3333333333,0.6863926263615578,0.3263132639,3.064539847532689
Ge,1181,8.236355082646755,0.380952381,0.6552821683506848,0.2622841871,3.8126583651752295
Ge,1182,8.23105076352029,0.4285714286,0.6462946333271588,0.23790632,4.203335161503906
Ge,1183,8.225443228762444,0.4761904762,0.6365256751711563,0.2427259042,4.119873415636863
Ge,1184,8.225376114714491,0.5238095238,0.6190274337467079,0.2927241451,3.41618556835611
Ge,1185,8.233964265049377,0.5714285714,0.6027799556231452,0.2966282969,3.371222538276995
Ge,1186,8.248802775365707,0.619047619,0.5868172160438366,0.2765103787,3.616500779108007
Ge,1187,8.267805695725793,0.6666666667,0.5658517495968203,0.3070886171,3.2563890170971757
Ge,1188,8.295083059295536,0.7142857143,0.5466577238507956,0.3134284381,3.1905209561135863
Ge,1189,8.338339010968557,0.7619047619,0.5545867316757245,0.3169048189,3.1555215962668974
Ge,1190,8.385980300436488,0.8095238095,0.2640292104207774,0.419139011,2.3858432972253207
Ge,1191,8.427297789466035,0.8571428571,0.3532477234494524,0.3910595009,2.5571556187704427
Ge,1192,8.475326618037297,0.9047619048,0.42761472361022307,0.468839403,2.132926527935196
Ge,1193,8.352184333961116,0.1428571429,1.063672277,0.3509580252,2.8493435915310137
Ge,1194,8.265146471274637,0.1904761905,1.072734431602942,0.417443804,2.395532022317428
Ge,1195,8.195941571412279,0.2380952381,0.9648585801884393,0.3187742578,3.1370161659270592
Ge,1196,8.15648436652661,0.2857142857,0.839616245188123,0.272359469,3.6716182612325476
Ge,1197,8.142594664769721,0.3333333333,0.7684228587226479,0.2845411018,3.5144307577148775
Ge,1198,8.139684374987386,0.380952381,0.7453510017103934,0.2757850312,3.6260126071701024
Ge,1199,8.1359754934471,0.4285714286,0.7446986390624684,0.3411911118,2.930908706045607
Ge,1200,8.130667058573806,0.4761904762,0.7397723101164883,0.3476684132,2.87630386320065
Ge,1201,8.130263403440939,0.5238095238,0.7224775259778382,0.3550046165,2.8168647773063538
Ge,1202,8.138920617471829,0.5714285714,0.7063947517170606,0.2874130487,3.479313150614097
Ge,1203,8.154737897265637,0.619047619,0.6951250778416955,0.3209925983,3.1153366317356608
Ge,1204,8.175487180252885,0.6666666667,0.6818763160794381,0.3017441624,3.3140657703076744
Ge,1205,8.205217839284469,0.7142857143,0.6670912714678144,0.3796993704,2.633662518182569
Ge,1206,8.25232906798908,0.7619047619,0.6713956563353844,0.3361455338,2.9749019381437933
Ge,1207,8.319857052483693,0.8095238095,0.6899854285570763,0.36683766,2.7260014688786316
Ge,1208,8.39358109011007,0.8571428571,0.2551083977688656,0.4439730906,2.2523887622300864
Ge,1209,8.170676556576794,0.1904761905,1.039161789,0.2775281159,3.603238528669736
Ge,1210,8.097500403475813,0.2380952381,0.889947320619819,0.3995229281,2.5029852598339524
Ge,1211,8.057066607943838,0.2857142857,0.7432929615141345,0.2761723441,3.6209273714891133
Ge,1212,8.04390259702322,0.3333333333,0.6744468775466386,0.2469832216,4.048858029795818
Ge,1213,8.042169178467576,0.380952381,0.6620102561127786,0.2491177195,4.014166483247692
Ge,1214,8.039258988952856,0.4285714286,0.6695079360469963,0.2792041984,3.5816080335846414
Ge,1215,8.034100110388037,0.4761904762,0.6670913836859621,0.2538848054,3.938794204026831
Ge,1216,8.033484368561103,0.5238095238,0.6484075859939123,0.2648351883,3.7759332754045505
Ge,1217,8.04204566149934,0.5714285714,0.6326175145627262,0.2807357251,3.5620689160376475
Ge,1218,8.05811634938509,0.619047619,0.6256390056147954,0.2951136368,3.388525216398946
Ge,1219,8.079475763987528,0.6666666667,0.6200214249819301,0.273969627,3.6500396447230994
Ge,1220,8.11044267654662,0.7142857143,0.6178073510442125,0.3498459893,2.8584006408102045
Ge,1221,8.160342290304905,0.7619047619,0.6458709439088169,0.3441679571,2.905558113039106
Ge,1222,8.233295916147554,0.8095238095,0.6969406662640779,0.3822073148,2.6163811138027966
Ge,1223,8.022291825836055,0.2380952381,0.6998405356,0.4102485034,2.4375469787515134
Ge,1224,7.980959209129168,0.2857142857,0.527768028196073,0.3488750667,2.8663555967440533
Ge,1225,7.9672282023575836,0.3333333333,0.4606023654563,0.2835486731,3.526731368788056
Ge,1226,7.965050189243064,0.380952381,0.4600256539175948,0.2642162146,3.7847790738880716
Ge,1227,7.96190724039872,0.4285714286,0.47558302931792695,0.2688008705,3.7202260474078335
Ge,1228,7.956674558503689,0.4761904762,0.47547454068796075,0.3743176208,2.671527987014818
Ge,1229,7.955979368120714,0.5238095238,0.4571044585254309,0.3546920901,2.8193467740373497
Ge,1230,7.9643818435243405,0.5714285714,0.44512050528056585,0.2751317552,3.634622253156767
Ge,1231,7.980257179858289,0.619047619,0.4441787339164187,0.2839346582,3.5219370764368345
Ge,1232,8.00150600246542,0.6666666667,0.4468688954738677,0.3121222454,3.2038728887088803
Ge,1233,8.032761412006757,0.7142857143,0.4655850287754281,0.3206535965,3.1186302318614407
Ge,1234,8.084051118460545,0.7619047619,0.5404146193574504,0.3183672088,3.141027003909204
Ge,1235,7.938138054436728,0.2857142857,0.3239403592,0.2767548839,3.61330570181132
Ge,1236,7.922275342272867,0.3333333333,0.2422409369603418,0.2728023739,3.665657251085966
Ge,1237,7.918024162545686,0.380952381,0.2471549155809651,0.2609622956,3.831971196071897
Ge,1238,7.9135776503652995,0.4285714286,0.2679364140602405,0.2553424558,3.9163091655359574
Ge,1239,7.907802985410163,0.4761904762,0.26946220129371934,0.2989950632,3.344536827121766
Ge,1240,7.906750084743292,0.5238095238,0.25427342608744613,0.2819579552,3.5466280754188135
Ge,1241,7.914547211137768,0.5714285714,0.25312973335652084,0.2650304502,3.7731513463655584
Ge,1242,7.929630508122772,0.619047619,0.2642645815427509,0.2147180676,4.657269931577942
Ge,1243,7.950205287264218,0.6666666667,0.2810815381858005,0.255427918,3.9149988295328004
Ge,1244,7.981151334610271,0.7142857143,0.3339158579469327,0.3382327208,2.95654423272463
Ge,1245,7.903310397873751,0.3333333333,0.1265274627,0.1723798585,5.80114178478688
Ge,1246,7.896179774183756,0.380952381,0.11853269387254399,0.1820187439,5.493939682109849
Ge,1247,7.889945874006526,0.4285714286,0.13665742204690676,0.2390757963,4.182773896296753
Ge,1248,7.8833009148084745,0.4761904762,0.13450598494911983,0.3022491187,3.30852908455478
Ge,1249,7.881384706800692,0.5238095238,0.11984122102306406,0.2303039576,4.342087780084245
Ge,1250,7.887731490804409,0.5714285714,0.13293008794605712,0.2056675833,4.862214958500949
Ge,1251,7.901033205764893,0.619047619,0.15962488518945075,0.202980713,4.926576447684465
Ge,1252,7.920125892695982,0.6666666667,0.1949088422949804,0.2820113493,3.545956581116929
Ge,1253,7.886612440568541,0.380952381,0.08940429635,0.2907252478,3.4396737385806095
Ge,1254,7.879132355595352,0.4285714286,0.09477985561910414,0.2031614933,4.922192605285403
Ge,1255,7.872028867823155,0.4761904762,0.0832339012287334,0.3276672101,3.051876932375419
Ge,1256,7.8692746628850605,0.5238095238,0.061512240370873036,0.2565302463,3.8981758074271964
Ge,1257,7.873673608427604,0.5714285714,0.07893209937591793,0.2515571064,3.975240510239865
Ge,1258,7.884316507965136,0.619047619,0.11239713017125286,0.3396003307,2.944637886361163
Ge,1259,7.871591331786002,0.4285714286,0.08618595665,0.2237981945,4.468311293726724
Ge,1260,7.865170550283044,0.4761904762,0.06562937121985064,0.2525870544,3.9590310848488204
Ge,1261,7.862560022469825,0.5238095238,0.03654796062327774,0.2586856979,3.8656949654270005
Ge,1262,7.865609375475236,0.5714285714,0.04834291323389494,0.2739494109,3.6503089994416187
Ge,1263,7.860424689936393,0.4761904762,0.03848311886,0.2203808414,4.537599519301954
Ge,1264,7.859337134872214,0.5238095238,0.009858432612260487,0.243392635,4.108587755747005
Ge,1265,8.50844419134239,0.1428571429,0.8235539300979295,0.4875060905,2.051256424251791
Ge,1266,8.445133405403059,0.1904761905,0.6823040889463269,0.4250842508,2.3524748285028676
Ge,1267,8.386535685934353,0.2380952381,0.686831106362348,0.4003221195,2.4979883730856396
Ge,1268,8.336859723068297,0.2857142857,0.6545537458888515,0.3016084474,3.315557003195528
Ge,1269,8.303889266226403,0.3333333333,0.5733566994400204,0.3155510289,3.169059544777799
Ge,1270,8.284938938617259,0.380952381,0.5138182748288134,0.3135343499,3.1894431991867696
Ge,1271,8.271816247502963,0.4285714286,0.5035825153165803,0.3446059915,2.9018648098577824
Ge,1272,8.26033851503539,0.4761904762,0.5070639703246387,0.3068364891,3.2590647968015745
Ge,1273,8.252633577550148,0.5238095238,0.5045950954106769,0.3221768323,3.1038855055500525
Ge,1274,8.369179874404269,0.1904761905,0.9633683539784408,0.3647572515,2.741549334215224
Ge,1275,8.309077004357052,0.2380952381,0.9701473447205305,0.3537658747,2.8267282728952265
Ge,1276,8.259598992043017,0.2857142857,0.9379408914076023,0.3313271057,3.0181653803641697
Ge,1277,8.225963729088331,0.3333333333,0.8345742985409439,0.2819612421,3.5465867313967263
Ge,1278,8.207192568564826,0.380952381,0.7292195782103622,0.2656427723,3.7644540122125507
Ge,1279,8.19499424458536,0.4285714286,0.6832893624615792,0.2860038131,3.496456879931018
Ge,1280,8.184261070772557,0.4761904762,0.6698825886798915,0.3002621996,3.330422548466537
Ge,1281,8.177157315620056,0.5238095238,0.6529937936160183,0.3357938458,2.978017651328856
Ge,1282,8.178271502080863,0.5714285714,0.6343122063996599,0.2927061697,3.416395359977955
Ge,1283,8.188318697398795,0.619047619,0.6230527571294314,0.3280388076,3.0484198114125816
Ge,1284,8.204598080386772,0.6666666667,0.6099503896643707,0.2864248677,3.4913169657021372
Ge,1285,8.227299140920037,0.7142857143,0.5836740797691664,0.251652741,3.973729815245684
Ge,1286,8.262628132370654,0.7619047619,0.5547507853239354,0.3019255208,3.3120751016685834
Ge,1287,8.313705766454323,0.8095238095,0.555629550614855,0.301138951,3.3207261853017482
Ge,1288,8.35753262123216,0.8571428571,0.608559234820923,0.3726790477,2.683274002580854
Ge,1289,8.39739637627911,0.9047619048,0.6340243565076029,0.3395411323,2.9451512788042855
Ge,1290,8.20258082013097,0.2380952381,1.046990888856987,0.2544268671,3.9304025215503664
Ge,1291,8.157558383871331,0.2857142857,0.9966420300899824,0.3127064245,3.1978876084779637
Ge,1292,8.128246062016117,0.3333333333,0.9142013207722806,0.2908544793,3.438145434124658
Ge,1293,8.112179636299745,0.380952381,0.8102761401444101,0.2735022129,3.6562775467035356
Ge,1294,8.101516243971743,0.4285714286,0.7481209504092275,0.2888047037,3.462547483432833
Ge,1295,8.09136719267333,0.4761904762,0.7225236266538645,0.2549802286,3.9218727094670114
Ge,1296,8.084392158855701,0.5238095238,0.6975654998864083,0.2675602485,3.7374759726312634
Ge,1297,8.085631757820115,0.5714285714,0.6716758338783018,0.2894708521,3.4545792529554653
Ge,1298,8.095972756346095,0.619047619,0.6578389835713286,0.280020408,3.5711682842773373
Ge,1299,8.112911107643548,0.6666666667,0.6521840316024972,0.306025659,3.2676998499658487
Ge,1300,8.137270884176814,0.7142857143,0.6452584088711637,0.3042466379,3.2868070684438613
Ge,1301,8.176503691733569,0.7619047619,0.6508451474158893,0.2964073692,3.373735284311548
Ge,1302,8.23849851775834,0.8095238095,0.6952264903974286,0.3161558307,3.1629971770120515
Ge,1303,8.32089060627568,0.8571428571,0.741082047360773,0.3874194091,2.5811819865273757
Ge,1304,8.056208302842789,0.2857142857,0.8239878666876274,0.3052595366,3.275900930526408
Ge,1305,8.033950999713403,0.3333333333,0.7660857830029031,0.2817409069,3.5493603360726604
Ge,1306,8.021712789913648,0.380952381,0.6961835890076766,0.2633775696,3.7968305407280205
Ge,1307,8.012971962241854,0.4285714286,0.6430518865891811,0.2714267148,3.684235727263792
Ge,1308,8.003672658283202,0.4761904762,0.6149632459258049,0.2750673345,3.6354734807669433
Ge,1309,7.9970917287103065,0.5238095238,0.5855699144167117,0.3089761634,3.236495621525994
Ge,1310,7.998600660810267,0.5714285714,0.55598022000206,0.280498652,3.565079521309072
Ge,1311,8.009054364909197,0.619047619,0.5399676339161092,0.2523082353,3.9634061044855633
Ge,1312,8.025909635734806,0.6666666667,0.534771386406353,0.2603372064,3.841172046931821
Ge,1313,8.050250187942497,0.7142857143,0.535407121065049,0.2903196741,3.444478928615607
Ge,1314,8.090089746663448,0.7619047619,0.5640679466891046,0.3008241893,3.3242007643299583
Ge,1315,8.153843602457304,0.8095238095,0.6431850948851998,0.2591967604,3.8580729113156
Ge,1316,7.962501822575969,0.3333333333,0.490089939083108,0.2225558422,4.493254322667249
Ge,1317,7.9544949204172,0.380952381,0.46417898850537886,0.2176244371,4.595072195593975
Ge,1318,7.947393547814196,0.4285714286,0.43562605913193264,0.2319451446,4.311364231075179
Ge,1319,7.938932667321104,0.4761904762,0.41388153706882447,0.2509195488,3.9853411373582066
Ge,1320,7.932794439954813,0.5238095238,0.3854393229261746,0.2980151109,3.3555345464866493
Ge,1321,7.934507365719983,0.5714285714,0.3597649848475262,0.2547701999,3.9251058420196343
Ge,1322,7.9449597742976765,0.619047619,0.3506849672095655,0.2653387613,3.768767122830463
Ge,1323,7.961663020321644,0.6666666667,0.3517054861740318,0.2966274104,3.371232613504959
Ge,1324,7.985822793204124,0.7142857143,0.36564593901282255,0.2890537636,3.4595640186295085
Ge,1325,8.025685325941112,0.7619047619,0.43272195326048857,0.3259456456,3.0679961935346682
Ge,1326,7.915048469631037,0.380952381,0.23827296118882094,0.2562435694,3.9025369586504053
Ge,1327,7.909613992000561,0.4285714286,0.2386227106538441,0.2756689455,3.6275395409019695
Ge,1328,7.90199019011376,0.4761904762,0.2296599318944266,0.3118997987,3.2061578884244404
Ge,1329,7.895995171956813,0.5238095238,0.2046731372969547,0.280094042,3.570229458861535
Ge,1330,7.897101368839476,0.5714285714,0.1863944938639143,0.2463554701,4.059175140678153
Ge,1331,7.906554362360475,0.619047619,0.1936293451558151,0.2371100155,4.217451539916078
Ge,1332,7.922395615663361,0.6666666667,0.21209540505486674,0.2036030569,4.9115176128772555
Ge,1333,7.946110680986953,0.7142857143,0.2530157037020417,0.2500482993,3.9992273604717936
Ge,1334,7.891189259267035,0.4285714286,0.12101832340603609,0.2461467741,4.0626167198670595
Ge,1335,7.885748329495168,0.4761904762,0.13074550171056532,0.2681580694,3.7291437928289324
Ge,1336,7.8800788659574135,0.5238095238,0.11952178616088213,0.2747084241,3.640223277739665
Ge,1337,7.87957809925292,0.5714285714,0.09509889512180791,0.227512003,4.39537249381959
Ge,1338,7.886462607330467,0.619047619,0.10778365372282894,0.2606013721,3.8372783379523887
Ge,1339,7.899991231084866,0.6666666667,0.1442637826956082,0.2009638665,4.976018910344761
Ge,1340,7.87744441397315,0.4761904762,0.08641141232050442,0.2281684108,4.382727637422805
Ge,1341,7.875549262164339,0.5238095238,0.14821532453856454,0.2684053874,3.725707630859574
Ge,1342,7.873361839809582,0.5714285714,0.11531703188526952,0.2845385117,3.514462748910203
Ge,1343,7.876553502798908,0.619047619,0.07939538692312033,0.232624779,4.2987681892649965
Ge,1344,7.873510110146116,0.5238095238,0.13663473768110984,0.2525620068,3.9594237180411884
Ge,1345,7.873558910234767,0.5714285714,0.20133634731798816,0.235334111,4.249277742825815
Ge,1346,8.27424119269479,0.2857142857,0.9242147359087588,0.3982034804,2.5112789044321975
Ge,1347,8.245616000024683,0.3333333333,0.8857633084168728,0.3334324794,2.9991079507295293
Ge,1348,8.211214318483792,0.380952381,0.7226404472292844,0.2802113479,3.5687348406634603
Ge,1349,8.172595850598922,0.4285714286,0.5904477722081147,0.2671801127,3.7427935406361548
Ge,1350,8.145160906128474,0.4761904762,0.5836332359313187,0.2710514265,3.6893367908543357
Ge,1351,8.12755305842206,0.5238095238,0.5827278682507688,0.3036969067,3.292756619967246
Ge,1352,8.118114823338935,0.5714285714,0.57292454791028,0.3062848367,3.264934727994649
Ge,1353,8.140050966117107,0.3333333333,0.9511211875983206,0.228224736,4.381645993009276
Ge,1354,8.123360129404052,0.380952381,0.9022284517572337,0.2261517962,4.421808788622834
Ge,1355,8.099392287833643,0.4285714286,0.7721703869314813,0.2301683124,4.344646704721636
Ge,1356,8.073106010742423,0.4761904762,0.6491438861655213,0.2501752868,3.9971973762517936
Ge,1357,8.054211895067633,0.5238095238,0.5992125658351114,0.2665931904,3.751033544778794
Ge,1358,8.044736979544773,0.5714285714,0.5657049312832507,0.2988780294,3.345846471242827
Ge,1359,8.044983693579805,0.619047619,0.5439312108795046,0.2804462901,3.5657451544230643
Ge,1360,8.053937870044365,0.6666666667,0.5412872628224612,0.2643329915,3.7831070360356436
Ge,1361,8.07137262879242,0.7142857143,0.5475162285246682,0.2914897414,3.4306524654935937
Ge,1362,8.102132189517002,0.7619047619,0.5640400488317872,0.2709104478,3.691256679543977
Ge,1363,8.155532992389489,0.8095238095,0.6285534215163442,0.328867475,3.0407385224093684
Ge,1364,8.234375324070196,0.8571428571,0.8536549885567704,0.2399760435,4.167082619644906
Ge,1365,8.02815473265784,0.380952381,0.7443604697712113,0.2735945086,3.6550441202824637
Ge,1366,8.017623825679115,0.4285714286,0.7066942711342337,0.2766894368,3.6141603798298667
Ge,1367,7.999946565727369,0.4761904762,0.6235330475540098,0.2654830773,3.766718429551668
Ge,1368,7.982884212039106,0.5238095238,0.5415718336462743,0.2711180531,3.6884301453402553
Ge,1369,7.9738380774399795,0.5714285714,0.4854114516146764,0.3016120663,3.315517221401033
Ge,1370,7.974527885202779,0.619047619,0.44913711026247294,0.2896871335,3.4520000523254164
Ge,1371,7.983410131590806,0.6666666667,0.4317095138171434,0.2835419416,3.5268150960563216
Ge,1372,8.000042335622826,0.7142857143,0.42804960539021636,0.2815528867,3.5517305885963766
Ge,1373,8.029561635298432,0.7619047619,0.4532163771616718,0.2817497585,3.5492488274839107
Ge,1374,8.081033645781785,0.8095238095,0.5451576050945844,0.270688922,3.694277522003653
Ge,1375,7.951241110605696,0.4285714286,0.46050310154434604,0.247859921,4.034536910870717
Ge,1376,7.942949890873488,0.4761904762,0.43517447866751124,0.2329206003,4.293308529653484
Ge,1377,7.930824639703044,0.5238095238,0.37937173709598626,0.2175356492,4.596947689620337
Ge,1378,7.922800964204822,0.5714285714,0.3192319330439805,0.2636792732,3.7924861816556312
Ge,1379,7.923578994735677,0.619047619,0.28405018993129216,0.2459086717,4.06655037045609
Ge,1380,7.932655107759883,0.6666666667,0.27313414667385616,0.2611129122,3.829760817167279
Ge,1381,7.949617445298809,0.7142857143,0.27774916349812206,0.2485233273,4.023767148396777
Ge,1382,7.979140631538127,0.7619047619,0.32681841501964426,0.2715646667,3.6823641755453744
Ge,1383,7.907542950106391,0.4761904762,0.22541235654403707,0.2331372183,4.289319428668846
Ge,1384,7.903245621811912,0.5238095238,0.2137423335685691,0.2234868642,4.474535913238698
Ge,1385,7.896887991398823,0.5714285714,0.1783636073848763,0.2576434659,3.881332664528482
Ge,1386,7.895890823609925,0.619047619,0.13943772717582895,0.2259473642,4.42580953993709
Ge,1387,7.9031829099896855,0.6666666667,0.14734508730475773,0.2497028366,4.0047602727153
Ge,1388,7.919645832049584,0.7142857143,0.1866628184322541,0.2216203441,4.512221132319774
Ge,1389,7.891623231825013,0.5238095238,0.10411495632601854,0.2425029917,4.1236604669896115
Ge,1390,7.89210597582375,0.5714285714,0.17357809092736148,0.2090824475,4.782802248380989
Ge,1391,7.887371865886548,0.619047619,0.11414331296028989,0.2391597259,4.1813060131124695
Ge,1392,7.889632327627788,0.6666666667,0.07783333872767483,0.2673292258,3.740705854391473
Ge,1393,7.897338422169465,0.5714285714,0.15457208542361292,0.2475028646,4.040357276737556
Ge,1394,7.892795275882281,0.619047619,0.23068786234618094,0.2205978856,4.533135017500821
Ge,1395,8.11745129205724,0.4285714286,0.8861136789699172,0.2185427559,4.575763657238661
Ge,1396,8.073049114441817,0.4761904762,0.5017704519993884,0.2602630929,3.842265873572119
Ge,1397,8.03202425087374,0.5238095238,0.4289898103606301,0.2850154576,3.508581634205372
Ge,1398,8.010285601872901,0.5714285714,0.4086375302003807,0.3122271809,3.2027961086459014
Ge,1399,8.000880851398254,0.619047619,0.4001635254192574,0.3439673092,2.9072530244975967
Ge,1400,8.013188653288424,0.4761904762,0.6961324059593338,0.231155587,4.326090547835212
Ge,1401,7.992663522531475,0.5238095238,0.5246606263858778,0.2276256416,4.393178171716134
Ge,1402,7.967171154859782,0.5714285714,0.38256370077026014,0.1875184967,5.332807256874729
Ge,1403,7.9545753095789555,0.619047619,0.3367275726153903,0.2214479742,4.515733339230519
Ge,1404,7.953249068255071,0.6666666667,0.3189528943876904,0.2329299059,4.293137011051358
Ge,1405,7.961720424326518,0.7142857143,0.3116393362009934,0.2395318074,4.17481089820391
Ge,1406,7.981999563611875,0.7619047619,0.3281815940213593,0.2689873259,3.717647278190961
Ge,1407,8.01993371935413,0.8095238095,0.41073350496951666,0.3072366601,3.254819915287837
Ge,1408,7.9423635147251055,0.5238095238,0.40802345903136455,0.1520064489,6.578668255436102
Ge,1409,7.933020463847246,0.5714285714,0.3461798432777078,0.1979387466,5.052067961311422
Ge,1410,7.919811843387625,0.619047619,0.24871652870294456,0.2424024511,4.12537082633485
Ge,1411,7.9163465277975975,0.6666666667,0.20524450878738065,0.262093713,3.815429178188643
Ge,1412,7.92435383898457,0.7142857143,0.20342309359687324,0.1989134002,5.027313388613021
Ge,1413,7.945160825187988,0.7619047619,0.23891858295479948,0.2061962346,4.849749084603313
Ge,1414,7.9118529725991324,0.5714285714,0.16190914594605474,0.2107638438,4.744646814037655
Ge,1415,7.907279516844587,0.619047619,0.1893617299538469,0.2317814889,4.314408388460396
Ge,1416,7.899160835394635,0.6666666667,0.10170822229731806,0.2394232997,4.17670294099618
Ge,1417,7.903799948929405,0.7142857143,0.10928097324576624,0.2682836525,3.72739818726003
Ge,1418,7.913587952464765,0.619047619,0.10240086263985322,0.2132586838,4.68914082269132
Ge,1419,7.902573855853461,0.6666666667,0.18811342025321046,0.1621114161,6.168597030718308
Ge,1420,7.975689865892996,0.5714285714,0.2826549078337557,0.223007669,4.484150722188841
Ge,1421,7.946668102076539,0.619047619,0.20818832122698572,0.210513816,4.7502820432460355
Ge,1422,7.9324548335456955,0.6666666667,0.1855656899118674,0.2561164118,3.904474504276965
Ge,1423,7.941615790478514,0.619047619,0.3064018306733042,0.154871557,6.4569635598097594
Ge,1424,7.91893562062308,0.6666666667,0.16136984906340196,0.2712840709,3.686172935559557
Ge,1425,7.912124440002465,0.7142857143,0.1092648656373011,0.2366282856,4.226037464052015
Ge,1426,7.9232990332330315,0.7619047619,0.1631997553593616,0.2126612442,4.702314254587626
Ge,1427,7.922200200449584,0.6666666667,0.05230304863493798,0.1771540313,5.644805216464753
Ge,1428,7.9074548291975,0.7142857143,0.11369247087244948,0.2384020962,4.194593990319117
Ge,1429,7.915782547932807,0.7142857143,0.06761963196787978,0.1872420295,5.340681270494347
Ge,1430,8.628648026352156,0.0,0.0,0.6183256184,1.6172708525123598
Ge,1431,8.621978568433715,0.04761904762,0.10247546172108567,0.508296206,1.9673568053348798
Ge,1432,8.5938085604924,0.09523809524,0.3068622067998223,0.3560606445,2.808510335098267
Ge,1433,8.527796399506784,0.1428571429,0.6147748989503334,0.5163016794,1.9368521155346834
Ge,1434,8.462256072448556,0.1904761905,0.4245741339032611,0.4114279227,2.4305593879907073
Ge,1435,8.407073717790988,0.2380952381,0.3237748148318676,0.5041742154,1.9834413769189356
Ge,1436,8.369927523848038,0.2857142857,0.19049545617147215,0.3629513686,2.7551900516514545
Ge,1437,8.349548104216137,0.3333333333,0.10181775890138665,0.3302788044,3.0277450041538296
Ge,1438,8.337294795386931,0.380952381,0.07486720756304567,0.2687340617,3.7211509165382437
Ge,1439,8.327011600344733,0.4285714286,0.06495808446169143,0.3228754447,3.0971695631086185
Ge,1440,8.319855008934224,0.4761904762,0.028108536699529788,0.3526813454,2.8354207361487513
Ge,1441,8.641287873200099,0.04761904762,0.1282891544,0.4307956204,2.321286365612272
Ge,1442,8.63504127086686,0.09523809524,0.2935908039175805,0.5447942985,1.8355551861561927
Ge,1443,8.58785083074707,0.1428571429,0.5382370434320781,0.522971706,1.9121493352835421
Ge,1444,8.5114648821341,0.1904761905,0.5648940852853728,0.5000984222,1.999606388680184
Ge,1445,8.442966020655637,0.2380952381,0.4130274243094539,0.3597688514,2.779562477709264
Ge,1446,8.392822939623157,0.2857142857,0.2824497135125126,0.3666187806,2.7276289511503546
Ge,1447,8.360377652713177,0.3333333333,0.178382997641013,0.2901673271,3.4462873887085546
Ge,1448,8.340816256066233,0.380952381,0.13460115146109491,0.2178948236,4.589370153353197
Ge,1449,8.327163709498494,0.4285714286,0.12219304142984633,0.2637303165,3.7917521704411254
Ge,1450,8.316837865706196,0.4761904762,0.10301960815493413,0.2563885095,3.900330798561002
Ge,1451,8.312338291267782,0.5238095238,0.0870817938772019,0.3354838929,2.9807690359014547
Ge,1452,8.315378094976607,0.5714285714,0.10028660809324028,0.2911445739,3.4347196879014206
Ge,1453,8.323086237842402,0.619047619,0.1092306218474811,0.2996497364,3.337229700296176
Ge,1454,8.332104759058902,0.6666666667,0.11008896966815629,0.2912715764,3.433222054687242
Ge,1455,8.355525507103982,0.7142857143,0.2991921161630568,0.2702614215,3.7001211436312973
Ge,1456,8.395003250935055,0.7619047619,0.3651656087751558,0.3520075179,2.840848417004789
Ge,1457,8.451424559979518,0.8095238095,0.4393739237668737,0.3516771017,2.8435175198101335
Ge,1458,8.515166609659694,0.8571428571,0.4334450305885054,0.5655674007,1.7681358557128732
Ge,1459,8.57086132386781,0.9047619048,0.3317281953985986,0.5397385659,1.8527488365270435
Ge,1460,8.612581310973788,0.9523809524,0.22568089070255967,0.372320987,2.6858545043554045
Ge,1461,8.659298169644913,0.09523809524,0.04510335041,0.5241423276,1.9078787332038398
Ge,1462,8.636735943151606,0.1428571429,0.3645319570719687,0.4627255441,2.161108269795214
Ge,1463,8.563532762358191,0.1904761905,0.6395616780328665,0.4079103209,2.451519240291917
Ge,1464,8.470702552602397,0.2380952381,0.5985407493716439,0.3609507493,2.7704610724297507
Ge,1465,8.397807748835167,0.2857142857,0.42778624198821075,0.2822303427,3.543205136745206
Ge,1466,8.351442472982628,0.3333333333,0.3237839863386653,0.3356447107,2.97934085692714
Ge,1467,8.324717404121756,0.380952381,0.2714747623367995,0.2784641991,3.5911259085800378
Ge,1468,8.30980954840517,0.4285714286,0.2338869867486619,0.3220572638,3.105037868734448
Ge,1469,8.300927523242514,0.4761904762,0.1876588725447555,0.2734195422,3.657383052995252
Ge,1470,8.297096738565115,0.5238095238,0.13975692372039414,0.251661069,3.973598316074863
Ge,1471,8.299798401681848,0.5714285714,0.11372051352116244,0.3181827933,3.1428475111070693
Ge,1472,8.308286652050503,0.619047619,0.10592465459241016,0.2375843053,4.209032236945493
Ge,1473,8.319711323851601,0.6666666667,0.09783762986321162,0.2834149222,3.528395725382169
Ge,1474,8.333833410923997,0.7142857143,0.11620376970233862,0.2619550606,3.817448678828845
Ge,1475,8.354648818015454,0.7619047619,0.17865959450392255,0.3238863795,3.0875024801714455
Ge,1476,8.39958636102845,0.8095238095,0.5776974524881138,0.3770504147,2.652165230465665
Ge,1477,8.46943421184681,0.8571428571,0.5492600921791769,0.4320525785,2.314533114168187
Ge,1478,8.531356308837237,0.9047619048,0.44404246890847593,0.4872520387,2.052325943402974
Ge,1479,8.64509524459382,0.1428571429,0.2351910477,0.4934365132,2.026603166261187
Ge,1480,8.59523848807861,0.1904761905,0.550290362050481,0.4546306263,2.1995878459365463
Ge,1481,8.498768654647565,0.2380952381,0.743168324510499,0.4132020032,2.4201237947919028
Ge,1482,8.398637993328201,0.2857142857,0.6347430882586595,0.3161790024,3.16276537154385
Ge,1483,8.329410579407595,0.3333333333,0.4736766451593437,0.3537787258,2.8266255912892992
Ge,1484,8.291708871051274,0.380952381,0.3892046560697561,0.2975600966,3.360665665276572
Ge,1485,8.275384905580639,0.4285714286,0.33326224996733234,0.2566818002,3.895874188278348
Ge,1486,8.27130817876968,0.4761904762,0.2673336386058303,0.2168989863,4.610441095454765
Ge,1487,8.273971092432419,0.5238095238,0.1944041679217936,0.2832940837,3.5299007552129833
Ge,1488,8.281759829769845,0.5714285714,0.14185699298409726,0.2552934913,3.91706030148995
Ge,1489,8.294017988050166,0.619047619,0.12244619496593749,0.2719567048,3.677055878197271
Ge,1490,8.308976458221753,0.6666666667,0.11737921691516875,0.2254204258,4.436155226178266
Ge,1491,8.325292309973388,0.7142857143,0.1214344401669642,0.2629659222,3.8027741071310572
Ge,1492,8.343766512837878,0.7619047619,0.14325192133385053,0.2594866433,3.8537629038727483
Ge,1493,8.366168648557025,0.8095238095,0.18593376340548468,0.3958678973,2.5260952121161053
Ge,1494,8.398390311631113,0.8571428571,0.6599294842243802,0.3964185033,2.522586588858654
Ge,1495,8.578425137073461,0.1904761905,0.556441934,0.2701916802,3.7010762110061446
Ge,1496,8.50385863344597,0.2380952381,0.7667820242796617,0.3064851142,3.2628012052403945
Ge,1497,8.395540529375044,0.2857142857,0.8266163003782369,0.2602109525,3.843035776904894
Ge,1498,8.301716600717969,0.3333333333,0.6564291218943887,0.2957705197,3.3809995702556828
Ge,1499,8.247840462509345,0.380952381,0.5022875396004184,0.2551101575,3.919875279760274
Ge,1500,8.227377459475981,0.4285714286,0.4159229093841256,0.1812647272,5.5167931204654135
Ge,1501,8.228240147704165,0.4761904762,0.34596344015708536,0.183696858,5.443751248048021
Ge,1502,8.240557128059905,0.5238095238,0.27079064077224785,0.1880239347,5.318471829639889
Ge,1503,8.257917653759403,0.5714285714,0.20501780220535054,0.2021694531,4.946345675206261
Ge,1504,8.27701029294401,0.619047619,0.1643558726446371,0.1734888837,5.764058069156854
Ge,1505,8.295990648316264,0.6666666667,0.14252711320752734,0.1856123276,5.3875731904781095
Ge,1506,8.313947198136795,0.7142857143,0.1314116863856235,0.2140854536,4.671031978979818
Ge,1507,8.331168557162504,0.7619047619,0.13211603527549182,0.1999732974,5.000667654140507
Ge,1508,8.348418961965328,0.8095238095,0.14711921405340797,0.2292299722,4.3624312754682615
Ge,1509,8.461357138273632,0.2380952381,0.835065329,0.2094878622,4.773546254652648
Ge,1510,8.368934430425682,0.2857142857,0.9612995800296791,0.1886177166,5.301728904505251
Ge,1511,8.262805388005425,0.3333333333,0.873344244462149,0.2429793808,4.115575555043146
Ge,1512,8.19339684621028,0.380952381,0.6424104521538178,0.1788547297,5.591129749139645
Ge,1513,8.16825509528667,0.4285714286,0.4947392360048046,0.1605568758,6.228322487077193
Ge,1514,8.173232647033277,0.4761904762,0.4174008162266168,0.1759694865,5.682803421717094
Ge,1515,8.195547850730959,0.5238095238,0.35771043574354267,0.1684225138,5.9374484885523655
Ge,1516,8.22470239115024,0.5714285714,0.2939830446401615,0.1441360715,6.937888549293506
Ge,1517,8.25355268302256,0.619047619,0.23249799300876495,0.1680017961,5.9523173157313645
Ge,1518,8.27859887413524,0.6666666667,0.18259359598557412,0.1577458724,6.339310086442554
Ge,1519,8.29916905529038,0.7142857143,0.14945361913665006,0.1763391684,5.670889848655995
Ge,1520,8.316312477732007,0.7619047619,0.1342056792338472,0.2009742648,4.975761453811772
Ge,1521,8.299279153905362,0.2857142857,1.103713272,0.1252941196,7.981220532874873
Ge,1522,8.196175075587036,0.3333333333,1.1260175029774186,0.1529411378,6.538463191686809
Ge,1523,8.119998041710113,0.380952381,0.821930789604139,0.2274369533,4.396822879881587
Ge,1524,8.097004543518215,0.4285714286,0.5831536642666266,0.1773200208,5.639521107026624
Ge,1525,8.107939847291842,0.4761904762,0.48364455457847283,0.1746869927,5.724524674354876
Ge,1526,8.139550312412622,0.5238095238,0.440563824729963,0.162186028,6.165759235437962
Ge,1527,8.180388216669051,0.5714285714,0.3907850607060799,0.1557362116,6.421114201547715
Ge,1528,8.220568591376688,0.619047619,0.32090701323827336,0.1672142838,5.980350346122764
Ge,1529,8.254269427759477,0.6666666667,0.2466049210306779,0.1611576155,6.205105460871007
Ge,1530,8.279992977535308,0.7142857143,0.1863686566247671,0.1192932691,8.382702624753536
Ge,1531,8.089849341530359,0.3333333333,1.402927708,0.1051052693,9.514270851118974
Ge,1532,8.011580658377236,0.380952381,1.0411511261834463,0.1778387139,5.623072603653147
Ge,1533,8.010147328058343,0.4285714286,0.6650566189891578,0.2029603384,4.9270710124121475
Ge,1534,8.033270031416142,0.4761904762,0.5445679277206678,0.1537401397,6.504482186313507
Ge,1535,8.07395937726559,0.5238095238,0.5126346265300352,0.2126163625,4.703306877428119
Ge,1536,8.125027598925925,0.5714285714,0.4804793048648977,0.1427640209,7.0045659522328565
Ge,1537,8.17636675959518,0.619047619,0.415670846780761,0.1321025984,7.569873811051396
Ge,1538,8.220436427520395,0.6666666667,0.3300425883462591,0.1570374413,6.367908135293847
Ge,1539,7.886612512188266,0.380952381,0.08940449987,0.283070739,3.532685870438908
Ge,1540,7.9167642999739165,0.4285714286,0.5649474099191006,0.1968600646,5.0797504411669285
Ge,1541,7.953553164013288,0.4761904762,0.5476107146081456,0.1793959409,5.5742621320369015
Ge,1542,8.00153833638366,0.5238095238,0.5538560046203778,0.227044267,4.404427441455723
Ge,1543,8.060500223052301,0.5714285714,0.5476555277308406,0.1234443586,8.100815714392638
Ge,1544,8.12159021184531,0.619047619,0.498335895334932,0.1760444094,5.6803848722503085
Ge,1545,7.871591363616991,0.4285714286,0.08618618572,0.2126800107,4.7018993308711545
Ge,1546,7.887109847512186,0.4761904762,0.3617406114310431,0.2353607512,4.2487967721952105
Ge,1547,7.930749879851626,0.5238095238,0.5061923938286769,0.1541487237,6.487241515837475
Ge,1548,7.992258614849205,0.5714285714,0.5653158294271,0.1257519575,7.952162494170318
Ge,1549,7.860424693119492,0.4761904762,0.03848321268,0.2357235522,4.242257469255972
Ge,1550,7.8782686344515875,0.5238095238,0.31470280348123686,0.2261423439,4.421993611431742
Ge,1551,8.61952336152101,0.1428571429,0.47048928763670916,0.5074861799,1.9704970097846797
Ge,1552,8.558992840550154,0.1904761905,0.6582045882822294,0.4777753578,2.0930338571764655
Ge,1553,8.47793335796287,0.2380952381,0.609868286530405,0.3945141957,2.534763034890711
Ge,1554,8.408232749340112,0.2857142857,0.4814830587650285,0.3532739973,2.8306640387993256
Ge,1555,8.360233545869956,0.3333333333,0.3672905534007094,0.3103344945,3.2223295112944657
Ge,1556,8.331925910283152,0.380952381,0.27839245276729335,0.3377678799,2.9606130704200213
Ge,1557,8.315939291221444,0.4285714286,0.23453204590359952,0.2912370245,3.4336293667222244
Ge,1558,8.305203757140836,0.4761904762,0.21061249663093284,0.3197523166,3.1274206568172214
Ge,1559,8.29864911678144,0.5238095238,0.19013797917131434,0.3624087167,2.7593155294545375
Ge,1560,8.59953922388042,0.1904761905,0.581009846034871,0.5321936881,1.8790151449749972
Ge,1561,8.514709371832135,0.2380952381,0.7582720631575255,0.4132218635,2.420007478621711
Ge,1562,8.419301754406781,0.2857142857,0.6787020246466402,0.3502384645,2.8551975335650206
Ge,1563,8.348447431601548,0.3333333333,0.5304140446873032,0.3210005277,3.1152596762537974
Ge,1564,8.30718238412575,0.380952381,0.4403972221856135,0.3125865498,3.199113975440795
Ge,1565,8.286503114989516,0.4285714286,0.38854324297416504,0.3084146387,3.2423882478960944
Ge,1566,8.276798850827463,0.4761904762,0.34596149303767293,0.2824888907,3.5399622177071333
Ge,1567,8.272636500248671,0.5238095238,0.30644159884676736,0.2572334981,3.887518567318352
Ge,1568,8.273274893007105,0.5714285714,0.2856279763287547,0.2633512356,3.7972102075833205
Ge,1569,8.279146507195826,0.619047619,0.29274175890710624,0.2909074023,3.437519953406837
Ge,1570,8.288954740916003,0.6666666667,0.3155005925017394,0.2773237682,3.6058935968258634
Ge,1571,8.301162314980761,0.7142857143,0.3390070750690648,0.2305849746,4.336796019492243
Ge,1572,8.317249758698917,0.7619047619,0.3561222835674618,0.2333980955,4.284525106589826
Ge,1573,8.344943296529351,0.8095238095,0.4408321431746883,0.3592015559,2.7839523063713987
Ge,1574,8.408424933708542,0.8571428571,0.6959492717111138,0.3949860242,2.5317351468963696
Ge,1575,8.490878070878956,0.9047619048,0.7257266864003794,0.4884033328,2.0474880756178164
Ge,1576,8.532817123623252,0.2380952381,0.7448818802273076,0.3272972689,3.055326441802766
Ge,1577,8.430895977151852,0.2857142857,0.839658638740743,0.3311656761,3.0196366114284032
Ge,1578,8.333604673439787,0.3333333333,0.7108551002170278,0.3335585617,2.9979743134262353
Ge,1579,8.271211547845983,0.380952381,0.5720340623199929,0.2736258869,3.654624974739552
Ge,1580,8.241880270637045,0.4285714286,0.4990499663048072,0.2657420885,3.763047117016995
Ge,1581,8.233608108117725,0.4761904762,0.44778988596050506,0.2592278077,3.8576108360924124
Ge,1582,8.23645219899303,0.5238095238,0.40051168800804543,0.2340885128,4.271888389732211
Ge,1583,8.244780926770677,0.5714285714,0.37372888924916653,0.1878706791,5.322810375682514
Ge,1584,8.256407007560705,0.619047619,0.38099639877423674,0.2544934109,3.929374817460156
Ge,1585,8.27018960918174,0.6666666667,0.4103320615116482,0.2195602347,4.554558804176756
Ge,1586,8.284925378616107,0.7142857143,0.44433775661618125,0.2267331508,4.410471060238096
Ge,1587,8.300199340039836,0.7619047619,0.4777490228517212,0.196551756,5.087718473499672
Ge,1588,8.31674092602191,0.8095238095,0.5134693999136258,0.2200651576,4.544108712646113
Ge,1589,8.335639504401303,0.8571428571,0.5562096539046724,0.3661080354,2.731434176000607
Ge,1590,8.421686621200838,0.2857142857,0.8972667828332669,0.1969209255,5.078180480113577
Ge,1591,8.314431579839898,0.3333333333,0.8821270587948442,0.2162247204,4.624818097348318
Ge,1592,8.230242055874154,0.380952381,0.7014464364980731,0.2622760391,3.8127768111471374
Ge,1593,8.188692479148845,0.4285714286,0.5734244716085342,0.259028678,3.8605763953287053
Ge,1594,8.179760359967851,0.4761904762,0.511011418940687,0.1853578532,5.394969690984746
Ge,1595,8.190111413903134,0.5238095238,0.4701068550400988,0.1905834815,5.2470444559488225
Ge,1596,8.209367895143906,0.5714285714,0.4426564330016178,0.172645376,5.792220001304871
Ge,1597,8.230860748433733,0.619047619,0.43907000316561445,0.192824169,5.186071876705456
Ge,1598,8.251311735268892,0.6666666667,0.45637410314537996,0.1637024811,6.108642906817861
Ge,1599,8.269636639655914,0.7142857143,0.47991570395459676,0.1900027035,5.263083006605745
Ge,1600,8.286100064645433,0.7619047619,0.5001361645116809,0.1870113372,5.347269395387223
Ge,1601,8.30152248102543,0.8095238095,0.5148553528266083,0.1866342218,5.35807415357948
Ge,1602,8.273660815096212,0.3333333333,1.0172391948282857,0.1660096912,6.023744714971194
Ge,1603,8.178339042664062,0.380952381,0.8447971124543003,0.2210878079,4.523089760120599
Ge,1604,8.127352930630419,0.4285714286,0.6300812503523713,0.2014037617,4.965150559052344
Ge,1605,8.117845284893512,0.4761904762,0.5398780424319133,0.2285335058,4.3757259859967546
Ge,1606,8.134566187566866,0.5238095238,0.5134175808990241,0.1628555572,6.1404106632475415
Ge,1607,8.1646876802091,0.5714285714,0.49901022259144917,0.1666928151,5.999058804064795
Ge,1608,8.197810709345642,0.619047619,0.4868486671907376,0.1401611585,7.1346442245623996
Ge,1609,8.227475161512448,0.6666666667,0.48481816785136217,0.157860238,6.334717422635584
Ge,1610,8.25140168645963,0.7142857143,0.49242487042509914,0.1421318248,7.03572195324407
Ge,1611,8.270313458783807,0.7619047619,0.5005171680238274,0.1535158402,6.513985779559965
Ge,1612,8.103278775149574,0.380952381,1.0008025876677622,0.1428720111,6.999271531917283
Ge,1613,8.053579645690002,0.4285714286,0.6733447822493829,0.1808615669,5.529090658342627
Ge,1614,8.048683558992566,0.4761904762,0.5427443730292009,0.2447840488,4.085233514611268
Ge,1615,8.0714851099569,0.5238095238,0.5321362551476536,0.1599691193,6.251206510205498
Ge,1616,8.110695839539948,0.5714285714,0.5411277215602418,0.1699230241,5.885017673717355
Ge,1617,8.154925862436526,0.619047619,0.5324428524877289,0.1467092413,6.816203199873
Ge,1618,8.195248500973147,0.6666666667,0.5137244400694693,0.1345621443,7.431510587186741
Ge,1619,8.227410176957633,0.7142857143,0.5000340124770792,0.1482431514,6.745674188359167
Ge,1620,7.969691976580878,0.4285714286,0.6759602638571021,0.1920414541,5.20720906163978
Ge,1621,7.9743994933186375,0.4761904762,0.5109715619338395,0.1949069504,5.130653360220037
Ge,1622,8.002840416395632,0.5238095238,0.5260433217263227,0.1825572303,5.477734288347165
Ge,1623,8.048758013266495,0.5714285714,0.5638954648741107,0.1932040732,5.175874314848555
Ge,1624,8.102155208096422,0.619047619,0.5698916994942428,0.1593114395,6.277013145688135
Ge,1625,8.152972915101682,0.6666666667,0.5463516398512995,0.1242637107,8.047401726270838
Ge,1626,7.910621646508661,0.4761904762,0.4004392598026288,0.2235596624,4.473078860759633
Ge,1627,7.934511545128788,0.5238095238,0.4606450307975899,0.1749949185,5.714451645634498
Ge,1628,7.9825648230824084,0.5714285714,0.5514486594306588,0.1894105138,5.279537972511428
Ge,1629,8.04230721514127,0.619047619,0.5837298040869289,0.1777825824,5.624847982858415
Ge,1630,7.883538972406154,0.5238095238,0.25025333118689025,0.3263452553,3.0642394328078346
Ge,1631,7.921324894417513,0.5714285714,0.4675051303984229,0.2191448194,4.563192516884111
Ge,1632,8.426107654266385,0.2857142857,0.8374678129886748,0.3875801527,2.580111476384172
Ge,1633,8.332394258717288,0.3333333333,0.7633453439713628,0.3387024881,2.9524436197963673
Ge,1634,8.270784242288572,0.380952381,0.5786669501582367,0.2805059114,3.5649872582328763
Ge,1635,8.246707435286375,0.4285714286,0.5187571307483125,0.2511916848,3.981023499230099
Ge,1636,8.236303626262105,0.4761904762,0.48854727249787366,0.2877271675,3.4755146991811263
Ge,1637,8.230672808727633,0.5238095238,0.4414502251464198,0.2109759191,4.739877443197734
Ge,1638,8.227942712580317,0.5714285714,0.40602901078994996,0.2120496553,4.715876564784965
Ge,1639,8.33075177970458,0.3333333333,0.8731764980697502,0.2720564379,3.6757079072231726
Ge,1640,8.238742102807192,0.380952381,0.7582112328307636,0.3122874938,3.2021775442613003
Ge,1641,8.186759766773463,0.4285714286,0.6358149882022894,0.2168769618,4.61090929944962
Ge,1642,8.1705568338624,0.4761904762,0.5749152347729045,0.2490766312,4.014828670125357
Ge,1643,8.170560804778232,0.5238095238,0.5323933819784008,0.2212521503,4.519730084630052
Ge,1644,8.177026122608916,0.5714285714,0.5072851126565535,0.2214720962,4.515241500658177
Ge,1645,8.185457812493896,0.619047619,0.5227273854300664,0.198882322,5.028098978047933
Ge,1646,8.194165515247382,0.6666666667,0.5799838830090639,0.1518372945,6.585997223495049
Ge,1647,8.203148538545376,0.7142857143,0.6547726312982066,0.1882625947,5.311729616780853
Ge,1648,8.212854142792049,0.7619047619,0.7225406230462733,0.2015412321,4.961763851398029
Ge,1649,8.223414474336654,0.8095238095,0.7771763939438656,0.184487806,5.420412447205318
Ge,1650,8.236034509577282,0.8571428571,0.7500887530813389,0.3232179102,3.093887957450199
Ge,1651,8.214463482562508,0.380952381,0.8269072062770053,0.2507493031,3.988046976151297
Ge,1652,8.13951454870536,0.4285714286,0.6686452945031998,0.2718334084,3.678723692889546
Ge,1653,8.108974147520513,0.4761904762,0.6009777815162721,0.2148978559,4.653373556529747
Ge,1654,8.109932406700475,0.5238095238,0.5832342287643093,0.208836543,4.788433985904469
Ge,1655,8.125668094121156,0.5714285714,0.5823230223928142,0.1843216754,5.425297908289304
Ge,1656,8.145760737235747,0.619047619,0.6059705241553226,0.1671563326,5.982423665593151
Ge,1657,8.164542806239051,0.6666666667,0.6580532384738729,0.1545197809,6.4716633312285525
Ge,1658,8.18035329011679,0.7142857143,0.7229679119075861,0.1697490662,5.8910486071351365
Ge,1659,8.19408567676173,0.7619047619,0.77875727925965,0.1890100118,5.290725028143721
Ge,1660,8.207456921742201,0.8095238095,0.8118019532222381,0.1874447636,5.334904965037924
Ge,1661,8.097370860901432,0.4285714286,0.6536168905458353,0.2954191167,3.3850212916840667
Ge,1662,8.054719091631828,0.4761904762,0.5138663465884497,0.2205496942,4.534125534053903
Ge,1663,8.051682297542976,0.5238095238,0.5425693777631004,0.2234955878,4.474361260746106
Ge,1664,8.072702389032095,0.5714285714,0.5914601569592128,0.167779317,5.960210220667426
Ge,1665,8.103070396765682,0.619047619,0.6335241886837492,0.1499906532,6.667082105886849
Ge,1666,8.132935172484709,0.6666666667,0.6780467830231905,0.1439880784,6.945019414885115
Ge,1667,8.157663613936604,0.7142857143,0.7268223646711867,0.1339249924,7.466866206818616
Ge,1668,8.177154264619796,0.7619047619,0.7668999952693104,0.1860030507,5.376255906753254
Ge,1669,8.008277279758705,0.4761904762,0.4254071910639853,0.2290585238,4.365696518995902
Ge,1670,7.997574187821697,0.5238095238,0.4141740415500505,0.2047066421,4.885039340890053
Ge,1671,8.018304793976375,0.5714285714,0.539492488989319,0.2146416158,4.658928774240061
Ge,1672,8.055260129311572,0.619047619,0.6196123992191479,0.1524117667,6.5611732063204276
Ge,1673,8.094994749220795,0.6666666667,0.6684603073816169,0.1599783485,6.250845876184301
Ge,1674,8.129868939506034,0.7142857143,0.7035795083740315,0.150136863,6.660589411675665
Ge,1675,7.9533450386857565,0.5238095238,0.2972666913397682,0.1719550691,5.8154726419751706
Ge,1676,7.964142398095557,0.5714285714,0.4356085365988483,0.1598233559,6.256907786529591
Ge,1677,8.003295192096221,0.619047619,0.57127720413535,0.1829382757,5.466324617817527
Ge,1678,8.050431513169162,0.6666666667,0.6358773302697802,0.1163197157,8.59699487728373
Ge,1679,7.918686998320279,0.5714285714,0.23095611901427532,0.1997737804,5.005661894157158
Ge,1680,7.951522846685956,0.619047619,0.4898126186558653,0.1981345003,5.047076599410386
Ge,1681,8.146065999599697,0.4285714286,0.668807259152057,0.2555462632,3.913185767139795
Ge,1682,8.116473994762986,0.4761904762,0.712581634932055,0.184440431,5.421804723499047
Ge,1683,8.114030528710433,0.5238095238,0.6614351592169606,0.1775893055,5.630969709490755
Ge,1684,8.115009064230144,0.5714285714,0.5757242344535234,0.1896349667,5.273289084823617
Ge,1685,8.11676218616774,0.619047619,0.5121370913525612,0.1471739121,6.794682466010224
Ge,1686,8.063787238951132,0.4761904762,0.5024392094601494,0.2361926653,4.233831726865229
Ge,1687,8.03586177257988,0.5238095238,0.5071987146868723,0.2098394291,4.765548611569302
Ge,1688,8.042830187143423,0.5714285714,0.5169946830287164,0.1802307323,5.548443305082215
Ge,1689,8.056824892965569,0.619047619,0.5242985551670238,0.1629174981,6.138076091655866
Ge,1690,8.070023187452481,0.6666666667,0.5747210906936242,0.1589118841,6.292795568207601
Ge,1691,8.079553379078627,0.7142857143,0.665267885431466,0.1558832483,6.4150574927427915
Ge,1692,8.086681745951527,0.7619047619,0.7639509323005019,0.1539189744,6.496924787201545
Ge,1693,8.095303979317476,0.8095238095,0.8331260993893415,0.1496739728,6.681188327487222
Ge,1694,8.002561266583196,0.5238095238,0.31867817971235135,0.245183205,4.078582788735469
Ge,1695,7.9904075601004765,0.5714285714,0.42727566314296495,0.2103063197,4.754968854129019
Ge,1696,8.007549712485657,0.619047619,0.5221661485570379,0.1730641851,5.778203037342358
Ge,1697,8.03099989782901,0.6666666667,0.592659881205004,0.1396455867,7.160985346055337
Ge,1698,8.052195690009105,0.7142857143,0.6700774798556366,0.1651598505,6.054740283262729
Ge,1699,8.06957319913258,0.7619047619,0.7401147806415409,0.1575764428,6.3461262497797675
Ge,1700,7.962034000944694,0.5714285714,0.20236384060196563,0.2201900788,4.541530687712347
Ge,1701,7.965370444002652,0.619047619,0.4311701416177486,0.1838902437,5.438026400309784
Ge,1702,7.9932897001480265,0.6666666667,0.5460895943092372,0.1894270906,5.279075959159561
Ge,1703,8.023972363570305,0.7142857143,0.6213297138220322,0.1601153953,6.245495619745693
Ge,1704,7.9332430229365665,0.619047619,0.14885128468856945,0.2400437432,4.165907374502232
Ge,1705,7.956262718032098,0.6666666667,0.4593202874875252,0.1796123645,5.567545434768774
Ge,1706,7.999386095229075,0.5714285714,0.6149963017315547,0.1645012232,6.078982153124804
Ge,1707,8.000384348454684,0.619047619,0.5051619915588241,0.1533236509,6.522150980165579
Ge,1708,8.003597220431727,0.6666666667,0.4320259268314186,0.15421542,6.484435862509729
Ge,1709,7.9464873752724605,0.619047619,0.1920058282758888,0.1886239216,5.301554498058957
Ge,1710,7.956400358409983,0.6666666667,0.3507012397631669,0.1615798392,6.188890921980816
Ge,1711,7.969502817747912,0.7142857143,0.41501735796058836,0.1910355875,5.234626768166953
Ge,1712,7.981887287757271,0.7619047619,0.4925354150389071,0.1882176024,5.312999354198554
Ge,1713,7.927831694392564,0.6666666667,0.10413064908823964,0.2466569434,4.0542138656859725
Ge,1714,7.945012074203525,0.7142857143,0.3595649339469129,0.188153147,5.3148194220742955
Ge,1715,7.931461932700821,0.7142857143,0.19997845915702123,0.1791403936,5.582213926764533
Si,0,0.0,0.0,0.0,0.0,
Si,1,0.9006043367102405,0.04761904762,5.564513688560912,0.0005502515833,1817.3505181079959
Si,2,1.6716943630482977,0.09523809524,4.393003894429593,0.002087047325,479.1458190819895
Si,3,2.2375053945863472,0.1428571429,2.9829501758391936,0.005434464776,184.01076117307048
Si,4,2.599633569828938,0.1904761905,1.8111077292259254,0.009603305898,104.1308077261458
Si,5,2.8220091344018043,0.2380952381,1.1617495657210863,0.0131742308,75.9057599021265
Si,6,2.9732573522307613,0.2857142857,0.8372010824182107,0.01642979129,60.865045839544564
Si,7,3.0810044720278524,0.3333333333,0.5496750098435781,0.02102731575,47.557187607267466
Si,8,3.137622509314371,0.380952381,0.20729742097113504,0.02488197958,40.18972834475736
Si,9,3.149264623373368,0.4285714286,0.026159014217138222,0.02915752756,34.296460766167925
Si,10,3.1408625697303414,0.4761904762,0.04796398468622657,0.032156602,31.097813133365275
Si,11,1.059703146490327,0.04761904762,5.744173844,0.001364157964,733.052935503003
Si,12,1.7029654970980104,0.09523809524,5.172023766337365,0.002722650258,367.2891870932326
Si,13,2.275038852294578,0.1428571429,4.138121877833381,0.004708395876,212.38655931572737
Si,14,2.689176824164779,0.1904761905,3.165246380263286,0.008752348222,114.25505185984132
Si,15,2.919709644571153,0.2380952381,1.9242974349454494,0.01487993636,67.2045885013449
Si,16,3.0484282515292915,0.2857142857,1.4930177187815923,0.01855027343,53.90756118897812
Si,17,3.1386427131897325,0.3333333333,1.2522363086253605,0.02262883032,44.19141360197357
Si,18,3.202063769631385,0.380952381,1.1146632478924108,0.02630225197,38.019558216558295
Si,19,3.229650122973844,0.4285714286,1.0966799483933511,0.02930430718,34.12467641215874
Si,20,3.2293100979872245,0.4761904762,1.1481624650333395,0.0324517272,30.8150008114206
Si,21,3.22892676694059,0.5238095238,1.1844673491569346,0.03325520627,30.07047954780285
Si,22,3.2419144039448264,0.5714285714,1.2046398256894284,0.03114338711,32.10954532555981
Si,23,3.2448499802645197,0.619047619,1.2149020841958729,0.02693772157,37.122664491182505
Si,24,3.1995667574897775,0.6666666667,1.2879321584346244,0.02168921717,46.10585952282205
Si,25,3.0879760649156105,0.7142857143,1.4170637257058027,0.01666028407,60.02298615067972
Si,26,2.915929805391038,0.7619047619,1.5515707190225925,0.01233350582,81.07994714515
Si,27,2.684419528535467,0.8095238095,1.8628505417686636,0.008726078602,114.59901355584879
Si,28,2.3612538839252717,0.8571428571,2.600040719353145,0.004879498871,204.93907805640313
Si,29,1.8946550719102875,0.9047619048,3.7158692052693945,0.001983284044,504.21421128520916
Si,30,1.2890526758370686,0.9523809524,4.710451729612659,0.0008603982069,1162.2525383949635
Si,31,2.0051596959274436,0.09523809524,4.859492886,0.006391984548,156.44593513807723
Si,32,2.513100325396575,0.1428571429,4.2323498225081515,0.009815270945,101.882057622608
Si,33,2.912069284204072,0.1904761905,3.0083313133902574,0.01433744967,69.74741136092162
Si,34,3.13830616573862,0.2380952381,2.2960329666372123,0.01721871391,58.07634677170846
Si,35,3.2583684849476366,0.2857142857,1.9738381211167435,0.02191047776,45.64026448686621
Si,36,3.3341846445403944,0.3333333333,1.829980547015064,0.02605849594,38.37520025340342
Si,37,3.3954186033033755,0.380952381,1.7577826694624146,0.03034175835,32.957878988578784
Si,38,3.4363208523117468,0.4285714286,1.7458710476467922,0.03344371907,29.90098074639759
Si,39,3.450360263165856,0.4761904762,1.7919541673620054,0.03467238314,28.84139794954977
Si,40,3.453546196577231,0.5238095238,1.8393322042911253,0.03527951376,28.34506186232653
Si,41,3.465564341245623,0.5714285714,1.8597833476320782,0.03384117769,29.549799039514454
Si,42,3.476887475376126,0.619047619,1.8567918082803319,0.02991892564,33.423660061611756
Si,43,3.44938663757614,0.6666666667,1.8840281455760568,0.02475053338,40.40316968716575
Si,44,3.3498330482071865,0.7142857143,2.0024607593824224,0.01873921571,53.364026300543614
Si,45,3.174293062343695,0.7619047619,2.145498960582475,0.01331969587,75.07678927206616
Si,46,2.9390595656790146,0.8095238095,2.2923504282484277,0.009026438136,110.78567037552895
Si,47,2.6500679505622107,0.8571428571,2.6272853062584987,0.005769524575,173.32450655173784
Si,48,2.290109927771501,0.9047619048,3.3087729848542953,0.003314471247,301.7072484502986
Si,49,2.772260635078885,0.1428571429,3.788260665,0.01336392192,74.82833302875208
Si,50,3.1371107704681007,0.1904761905,2.8728353370072717,0.01598779018,62.547731033583034
Si,51,3.371434956055568,0.2380952381,2.2033757862180496,0.02181590751,45.838111457963365
Si,52,3.501431180910926,0.2857142857,1.9007485670625779,0.02640450658,37.87232292980799
Si,53,3.5758610882169584,0.3333333333,1.8133231225647963,0.03127051858,31.97900276075307
Si,54,3.634859496170392,0.380952381,1.7818598568890642,0.03530654634,28.323359367128628
Si,55,3.684247633688064,0.4285714286,1.7706273416518579,0.03856866476,25.9277837649467
Si,56,3.71324982303807,0.4761904762,1.7988616954769139,0.0409084161,24.444847670355053
Si,57,3.7253558673899825,0.5238095238,1.8542574912146617,0.04245409654,23.55485292350541
Si,58,3.7383726106502113,0.5714285714,1.8973507860388186,0.04107149139,24.34778884711934
Si,59,3.754440323930073,0.619047619,1.9101355605586694,0.03789825732,26.386437549260904
Si,60,3.743625096194811,0.6666666667,1.9211006276342952,0.03197714037,31.27233981616975
Si,61,3.665105185372467,0.7142857143,2.0317673217569125,0.0242167196,41.29378448103269
Si,62,3.5008735513283646,0.7619047619,2.2303271386499293,0.01710982511,58.445951000138535
Si,63,3.267551171304837,0.8095238095,2.379708771382769,0.01136836084,87.96342885963497
Si,64,2.997054983955731,0.8571428571,2.4973522007426356,0.007449196041,134.24267457804174
Si,65,3.314113990272742,0.1904761905,2.313364108,0.01919541048,52.09578617982229
Si,66,3.5503155978083605,0.2380952381,1.9109051633748528,0.02564468955,38.99442799064807
Si,67,3.7011771136889884,0.2857142857,1.5688302271811465,0.03175510341,31.49100121289764
Si,68,3.784762410687931,0.3333333333,1.4450193064146961,0.03769128778,26.531330153453304
Si,69,3.8438565980861172,0.380952381,1.4064499511936324,0.04294279711,23.286792367959936
Si,70,3.8965784937178567,0.4285714286,1.3820998785626473,0.04729597638,21.14344763633781
Si,71,3.937096409003452,0.4761904762,1.381424591180793,0.04996261903,20.014963575059006
Si,72,3.961413711857056,0.5238095238,1.428775184395666,0.05124699795,19.513338146668943
Si,73,3.9808273777027248,0.5714285714,1.4964028437733028,0.05150032138,19.417354556322188
Si,74,4.002605893425257,0.619047619,1.5383388304407417,0.04734722991,21.120559785669624
Si,75,4.006284887258781,0.6666666667,1.5457292546813717,0.04035128962,24.782355394766686
Si,76,3.950434422431806,0.7142857143,1.6396841082486215,0.03191907699,31.329226728996336
Si,77,3.8044465667255825,0.7619047619,1.900421707928769,0.02276249152,43.93192191291369
Si,78,3.574900459219895,0.8095238095,2.132333445750052,0.01658315465,60.30215728585755
Si,79,3.652459354298663,0.2380952381,1.594517922,0.03056380152,32.71844306885814
Si,80,3.831507867910781,0.2857142857,1.3338472540376671,0.0374825638,26.67907151004436
Si,81,3.9297130886441125,0.3333333333,1.050577172375439,0.04490438616,22.269539470751784
Si,82,3.9873085569150373,0.380952381,0.9359849271354511,0.05210586967,19.191695798059982
Si,83,4.036792539130988,0.4285714286,0.8763214709547604,0.05947946761,16.812524391725972
Si,84,4.0817361157078755,0.4761904762,0.8419771428454675,0.06442907368,15.520943308399897
Si,85,4.116944598218684,0.5238095238,0.8602294213104822,0.06287822678,15.903756374982175
Si,86,4.146649439135397,0.5714285714,0.9291607682838404,0.06194283751,16.143916555946614
Si,87,4.176826440247133,0.619047619,0.9843207692226571,0.05903436408,16.93928638995513
Si,88,4.193206511018307,0.6666666667,0.9783367859233413,0.05146290075,19.431473652405806
Si,89,4.157726990822511,0.7142857143,1.0586074155836633,0.04073370319,24.5496952569119
Si,90,4.031812954975759,0.7619047619,1.4300513915550552,0.03106482095,32.1907537020586
Si,91,3.901661342374812,0.2857142857,1.237803479,0.04461012463,22.416435916601475
Si,92,4.021072098753854,0.3333333333,0.7959821181596258,0.05231149153,19.116258603074094
Si,93,4.06894564462179,0.380952381,0.5424260251249309,0.06184293619,16.16999550163176
Si,94,4.10644076190423,0.4285714286,0.44660450062340806,0.07041903564,14.200705688618827
Si,95,4.1465093270812465,0.4761904762,0.4063571262335111,0.07562879698,13.222476621761544
Si,96,4.186487990405559,0.5238095238,0.40057253973516804,0.07768601146,12.872330310263042
Si,97,4.225459769531697,0.5714285714,0.4402933930691279,0.07370571786,13.56746842761162
Si,98,4.2642734743768065,0.619047619,0.46760168450562484,0.06670077095,14.992330459712624
Si,99,4.290603923330932,0.6666666667,0.4035501251394695,0.05927458488,16.870636918410757
Si,100,4.271256792209223,0.7142857143,0.4987652805302324,0.04988279122,20.04699367342259
Si,101,4.085976165729885,0.3333333333,0.4789144818,0.06036473918,16.565962407592398
Si,102,4.10550299869784,0.380952381,0.1675526684651934,0.0696287492,14.36188372603999
Si,103,4.1246763039738035,0.4285714286,0.1522273343400596,0.07983137785,12.52640286228005
Si,104,4.152215157523496,0.4761904762,0.21437154393959698,0.08674070592,11.528612655311903
Si,105,4.1889835335470424,0.5238095238,0.2697859707852434,0.08960990139,11.159481089570699
Si,106,4.231910693389328,0.5714285714,0.2945295712159987,0.08723197997,11.463685684354644
Si,107,4.276011110049549,0.619047619,0.27099005371789325,0.07714773556,12.962143253346321
Si,108,4.3078186328631185,0.6666666667,0.13025904531189383,0.06920334435,14.450168693328475
Si,109,4.073958442822093,0.380952381,0.2134854089,0.07840275281,12.754654194647786
Si,110,4.100900829800011,0.4285714286,0.36869598799419634,0.08557133221,11.686156732326044
Si,111,4.123205413088341,0.4761904762,0.2629993574291745,0.09310268359,10.740828958311662
Si,112,4.151966734164374,0.5238095238,0.3374104148830615,0.09613646002,10.401880824319539
Si,113,4.193356411101457,0.5714285714,0.3843494725265105,0.0939712846,10.641548684330745
Si,114,4.238789349339617,0.619047619,0.3743166844545933,0.08800833896,11.362559637155547
Si,115,4.036786674271335,0.4285714286,0.1422891092,0.09090799206,11.00013296234716
Si,116,4.078740956552137,0.4761904762,0.34439367504323815,0.09653326495,10.359123360408002
Si,117,4.103822807921366,0.5238095238,0.305888453057621,0.0967370637,10.337299497751863
Si,118,4.140971946230765,0.5714285714,0.3738435313743157,0.09635710218,10.378062201704124
Si,119,4.038041523462397,0.4761904762,0.1709472406,0.100278974,9.972180209981007
Si,120,4.070179916670258,0.5238095238,0.16017721010876276,0.102242016,9.780714809066362
Si,121,2.016545825175972,0.1428571429,4.432688346141637,0.004018929887,248.82245476207285
Si,122,2.4737174745172217,0.1904761905,3.693658264602733,0.006126053643,163.237225508572
Si,123,2.8219053956183475,0.2380952381,3.0132134189332107,0.009299068407,107.53765390598014
Si,124,3.057248352686689,0.2857142857,2.4405968047981563,0.01340262276,74.61226193611078
Si,125,3.2159100204972626,0.3333333333,2.0883643698872767,0.01878300213,53.23962554435381
Si,126,3.3226459971099014,0.380952381,1.94761027812118,0.02382571752,41.971453710074876
Si,127,3.3784010978865253,0.4285714286,1.8761919735818853,0.02820848304,35.45032884547485
Si,128,3.3873459224066265,0.4761904762,1.8525374612284828,0.0312568595,31.992977413485832
Si,129,3.376595633071245,0.5238095238,1.8500464935780807,0.03257141919,30.701763228880665
Si,130,2.7554636483849855,0.1904761905,3.84566062243253,0.01065603659,93.84352160900379
Si,131,3.1036064602005915,0.2380952381,3.3859777578106276,0.01309995796,76.33612283745069
Si,132,3.3394997161748154,0.2857142857,2.7355979593692905,0.01833356144,54.5447758894357
Si,133,3.4773901360244426,0.3333333333,2.4752498423721288,0.02414242067,41.42086718100418
Si,134,3.5684901485206426,0.380952381,2.4388643840822657,0.02970609859,33.663121293774715
Si,135,3.628124025556205,0.4285714286,2.4195621814442907,0.03365715595,29.71136365430187
Si,136,3.653312381821801,0.4761904762,2.4083996279251196,0.03666619146,27.273080736812364
Si,137,3.6548026736948263,0.5238095238,2.4250623988154154,0.03855227445,25.938806834780664
Si,138,3.658094989453262,0.5714285714,2.4447727679790217,0.03887166543,25.725679333209882
Si,139,3.6741260668567732,0.619047619,2.449961206204828,0.036599708,27.32262235534775
Si,140,3.6804279564341433,0.6666666667,2.447508232121739,0.03255088835,30.72112776915964
Si,141,3.6390612805694342,0.7142857143,2.4958171719586355,0.02728318132,36.65261716627407
Si,142,3.527414111863711,0.7619047619,2.626837580027247,0.02127843016,46.99594812590254
Si,143,3.345233720225091,0.8095238095,2.818581812806447,0.01459758667,68.50447423991899
Si,144,3.098880637461276,0.8571428571,3.035928289154375,0.009999214714,100.00785347672253
Si,145,2.791904356211694,0.9047619048,3.2947937498105326,0.007316906001,136.66978909710338
Si,146,3.36607317244535,0.2380952381,3.03179876681073,0.01815788693,55.07248744609294
Si,147,3.6178804218976506,0.2857142857,2.5031371679418286,0.02461865147,40.61960912922417
Si,148,3.7462262243170903,0.3333333333,2.4011510554377997,0.03164311788,31.602448399436923
Si,149,3.8288938593789568,0.380952381,2.45939026939964,0.0375434042,26.63583714126808
Si,150,3.891020610527607,0.4285714286,2.4910274987342267,0.04251484491,23.521195999112958
Si,151,3.930465468172789,0.4761904762,2.4819872248989223,0.04629887191,21.59879838851996
Si,152,3.94667690473246,0.5238095238,2.4798801914992032,0.04869927503,20.534186584584152
Si,153,3.9560064481302994,0.5714285714,2.4910295336016874,0.0487602832,20.508494503575815
Si,154,3.9744727616842574,0.619047619,2.493853309444815,0.04606716189,21.70743668532952
Si,155,3.9909885072697686,0.6666666667,2.4749471980714133,0.0417233899,23.967371836198765
Si,156,3.967682373065407,0.7142857143,2.489283499555995,0.03497845047,28.589030862235333
Si,157,3.8676273294426053,0.7619047619,2.625424426000671,0.0267591966,37.370329720586604
Si,158,3.6795220512727127,0.8095238095,2.830683867770878,0.01892972049,52.82698181033734
Si,159,3.4213512062800557,0.8571428571,2.9400889569484963,0.01334260247,74.94789732725958
Si,160,3.819654283087348,0.2857142857,2.1342174063070396,0.03158923186,31.6563569646736
Si,161,3.94473795189176,0.3333333333,2.2719577016826276,0.03969485395,25.192182373554243
Si,162,4.02481644479011,0.380952381,2.320946019148102,0.04798635502,20.839257317694056
Si,163,4.088090609177037,0.4285714286,2.3710078694258843,0.0560802738,17.831581984893948
Si,164,4.136887514729012,0.4761904762,2.3678798171350244,0.06195850377,16.13983455301248
Si,165,4.166021699231071,0.5238095238,2.3383126054296905,0.06529126443,15.31598459196818
Si,166,4.183121061218253,0.5714285714,2.314612859443725,0.06459503047,15.481067084014025
Si,167,4.204076311392005,0.619047619,2.2919648456896695,0.0607117449,16.471277536943266
Si,168,4.226971523448798,0.6666666667,2.2490836827993803,0.05429974557,18.4162925535417
Si,169,4.2197786192464735,0.7142857143,2.2151295396173154,0.04713298697,21.216563266751944
Si,170,4.138311588596414,0.7619047619,2.316082015839827,0.03623658676,27.5964181346091
Si,171,3.9570296234284483,0.8095238095,2.5600397211582915,0.02576622688,38.810494243385314
Si,172,4.064262472224124,0.3333333333,1.8879194584440608,0.0478593094,20.894576468752806
Si,173,4.14094771489068,0.380952381,2.23312714319928,0.05692797858,17.566054951252408
Si,174,4.199111348801399,0.4285714286,2.290373856162756,0.06461034352,15.47739797561132
Si,175,4.249141659007402,0.4761904762,2.3163221852015714,0.07074292445,14.135689297193029
Si,176,4.286376538859293,0.5238095238,2.2853201250453914,0.07517703721,13.301934169161173
Si,177,4.311945709931874,0.5714285714,2.2227326611722167,0.07423192422,13.471292984893072
Si,178,4.337175767975659,0.619047619,2.1480926402336493,0.06867154856,14.5620714978675
Si,179,4.364138531560941,0.6666666667,2.059356374132554,0.0628759519,15.904331779985345
Si,180,4.368108180517737,0.7142857143,1.9739289412062526,0.0562784297,17.768797127614242
Si,181,4.304601826575884,0.7619047619,2.023589012721897,0.04862398827,20.565980611199254
Si,182,4.203263126717322,0.380952381,1.484945215295834,0.06556471491,15.252106279615331
Si,183,4.248286645230574,0.4285714286,2.2727568109379193,0.07370134923,13.568272636085632
Si,184,4.289103337316188,0.4761904762,2.36216746744061,0.07894055546,12.667759862757874
Si,185,4.326174819154204,0.5238095238,2.366808638145247,0.08320375783,12.018687930455942
Si,186,4.357765787794456,0.5714285714,2.299355863215982,0.08292461689,12.05914525148191
Si,187,4.3883753656753175,0.619047619,2.1878723008804855,0.07920878858,12.6248616842563
Si,188,4.418278319482093,0.6666666667,2.0567392321434186,0.07219382147,13.851600866087246
Si,189,4.428162785236912,0.7142857143,1.9334563877548283,0.06551058665,15.264708364506763
Si,190,4.232250995305548,0.4285714286,1.7078446264187606,0.08099511628,12.34642341327101
Si,191,4.289845838097546,0.4761904762,2.4730728161770017,0.08663861609,11.542197291808105
Si,192,4.319366960097251,0.5238095238,2.534922991601896,0.09010013614,11.098762364200796
Si,193,4.350944898722311,0.5714285714,2.4899737814313108,0.09043085544,11.058172513512165
Si,194,4.385289190582274,0.619047619,2.377930096605604,0.08695494088,11.500209072420912
Si,195,4.417382778490556,0.6666666667,2.232345763927316,0.08007069445,12.488963744712471
Si,196,4.221547643945983,0.4761904762,1.999715556319352,0.08893146825,11.244613629776655
Si,197,4.292634240658264,0.5238095238,2.7337527605765155,0.09730695387,10.276757829003449
Si,198,4.318572137128351,0.5714285714,2.7099256566515506,0.09677913613,10.332805602405205
Si,199,4.353295120668356,0.619047619,2.6100042011796747,0.09373670537,10.66817951466049
Si,200,4.236217090332464,0.5238095238,2.150559853249854,0.09428050616,10.606646492785439
Si,201,4.28076611543923,0.5714285714,2.8551118648125926,0.1007240508,9.928115401014034
Si,202,3.388351501534268,0.2857142857,3.353212345295794,0.0147881117,67.62188576111444
Si,203,3.654808586300962,0.3333333333,3.1489576463771485,0.02099034553,47.64094991055634
Si,204,3.8354708785149,0.380952381,2.9921038795723107,0.0285123159,35.07256315156076
Si,205,3.948778760615162,0.4285714286,2.957323791010189,0.036735544,27.221592254085035
Si,206,4.006047803689354,0.4761904762,2.9637593830467295,0.04392522846,22.765960134063693
Si,207,4.019324875098449,0.5238095238,3.0018042196666914,0.04833939482,20.68706080669133
Si,208,4.0139684836577025,0.5714285714,3.03973120708534,0.05007743709,19.969073061841872
Si,209,3.933927355565342,0.3333333333,2.7303644057208825,0.02989953443,33.44533682760758
Si,210,4.134492745314395,0.380952381,2.8024150711189266,0.04266169721,23.440230122058942
Si,211,4.246235227140888,0.4285714286,2.9993146363802685,0.0531397924,18.818289549810135
Si,212,4.314914743803704,0.4761904762,3.095285937493381,0.0615301422,16.252197122339822
Si,213,4.349022050770303,0.5238095238,3.146537858931529,0.06949471234,14.389583988887406
Si,214,4.360495868026277,0.5714285714,3.178600842528475,0.06958632371,14.370639899982152
Si,215,4.367897745851981,0.619047619,3.1583182110342687,0.06739569559,14.837742844639138
Si,216,4.377810461609198,0.6666666667,3.0656457040969025,0.06509429829,15.362328595124024
Si,217,4.372665513876548,0.7142857143,2.9433522901299924,0.05988651877,16.698248963854407
Si,218,4.320227697085832,0.7619047619,2.8858020395040707,0.04999221001,20.0031164815472
Si,219,4.1916645192535675,0.8095238095,2.958194385103617,0.03975769435,25.15236399768741
Si,220,3.9702921194278558,0.8571428571,3.106662083927078,0.02717966565,36.79221123899293
Si,221,4.317091194016683,0.380952381,2.0654526533434825,0.05171674773,19.336096020978463
Si,222,4.447215129573027,0.4285714286,3.0182743062724566,0.06362059783,15.718179867974372
Si,223,4.521289553172817,0.4761904762,3.245697015494767,0.07087980425,14.108391107753377
Si,224,4.568792431952939,0.5238095238,3.3264764466503296,0.07307003187,13.685501079007537
Si,225,4.593126734146015,0.5714285714,3.361379392005081,0.07536663191,13.268471399838624
Si,226,4.606229193483945,0.619047619,3.3324518481279375,0.07662058325,13.051323255229853
Si,227,4.6178207058203355,0.6666666667,3.2018435305382735,0.07571938664,13.206657427831484
Si,228,4.617000860511283,0.7142857143,2.9929561569869763,0.06842521846,14.614494809170097
Si,229,4.570188957691242,0.7619047619,2.816562359209645,0.06175272735,16.19361675043491
Si,230,4.436251303642048,0.8095238095,2.805797078203547,0.05006417873,19.974361417033876
Si,231,4.526508899475166,0.4285714286,2.162691713679229,0.0709336263,14.097686135073571
Si,232,4.6233024986238425,0.4761904762,3.4288181461411855,0.07947026631,12.583322624076407
Si,233,4.676644240688498,0.5238095238,3.5894309918626726,0.08001077955,12.498315922232507
Si,234,4.70940103838549,0.5714285714,3.6316877749205605,0.08196617278,12.200154845390111
Si,235,4.727595489831857,0.619047619,3.5902304432696264,0.08318112211,12.02195852416591
Si,236,4.739503893983888,0.6666666667,3.4374820076596113,0.08191829831,12.207284826837366
Si,237,4.739195292549232,0.7142857143,3.1835114039821097,0.0763445662,13.098509164100797
Si,238,4.696811818724944,0.7619047619,2.9120174198239326,0.06810012842,14.68426012110595
Si,239,4.628961136442367,0.4761904762,2.605646188547719,0.08673315564,11.529616242151523
Si,240,4.7163897101901915,0.5238095238,3.8286427781770223,0.09147813992,10.931573388730092
Si,241,4.752725339148824,0.5714285714,3.917577525082137,0.09069452323,11.026024112437467
Si,242,4.775843581393568,0.619047619,3.8693277399934587,0.08948634234,11.174889640706708
Si,243,4.789333885412319,0.6666666667,3.6989612425222584,0.0857388893,11.66331880625377
Si,244,4.787986578340168,0.7142857143,3.4224486728187236,0.08087422732,12.364878566854664
Si,245,4.688711895276587,0.5238095238,3.063687343449724,0.0961248163,10.40314081723764
Si,246,4.763153490921639,0.5714285714,4.206769078446046,0.1023725698,9.768241648653037
Si,247,4.787917255221605,0.619047619,4.170916048507284,0.09848340171,10.153995319380403
Si,248,4.803583608382878,0.6666666667,3.9894441954206026,0.09276658929,10.779743091274753
Si,249,4.738713909325258,0.5714285714,3.320949236524573,0.1058965648,9.443176951855195
Si,250,4.7801084166148655,0.619047619,4.446651594617449,0.1060208115,9.432110411643094
Si,251,4.471234782443609,0.4285714286,2.478786863877496,0.05268785,18.979707845357137
Si,252,4.651506764666658,0.4761904762,2.5769738518211294,0.06276220235,15.933156622251639
Si,253,4.741030398381115,0.5238095238,2.7536971981283695,0.06786928674,14.73420523529138
Si,254,4.779742030795022,0.5714285714,2.8999127841499925,0.07394877988,13.522873556842248
Si,255,4.791758497970314,0.619047619,2.993268373379772,0.07725577663,12.944015886207266
Si,256,4.830803338764628,0.4761904762,2.0216024715600858,0.06785667502,14.736943708268361
Si,257,4.985492236589971,0.5238095238,2.690552886430339,0.07601878968,13.154642479964302
Si,258,5.052954682670568,0.5714285714,3.0385340473290325,0.08008258379,12.487109589549371
Si,259,5.08284427701142,0.619047619,3.1766593305180417,0.0821034825,12.179751327844102
Si,260,5.088846958478876,0.6666666667,3.162047034227964,0.08040760897,12.436633955538946
Si,261,5.0729287060145225,0.7142857143,2.9910771249576498,0.07613840581,13.133976071096832
Si,262,5.021202461425075,0.7619047619,2.720836439162985,0.07057473035,14.169377552570415
Si,263,4.897585633012823,0.8095238095,2.478159063783709,0.06805695927,14.693574481233211
Si,264,5.0645160351452425,0.5238095238,2.3471281630425054,0.07813866945,12.797760789104402
Si,265,5.192664569787368,0.5714285714,3.5096814074651443,0.08321340887,12.01729401041902
Si,266,5.233751077248006,0.619047619,3.771379058520287,0.08598500795,11.62993437857791
Si,267,5.241927664040901,0.6666666667,3.760411549351717,0.08572228483,11.665577999736572
Si,268,5.22087678721114,0.7142857143,3.5360730508066296,0.08161943086,12.251984478001052
Si,269,5.157714879580225,0.7619047619,3.134960643120023,0.0764741524,13.076313612074765
Si,270,5.2229889245031655,0.5714285714,2.8661407117758424,0.08855662839,11.292209495556202
Si,271,5.308118805900871,0.619047619,4.233299086950503,0.08850065602,11.29935127005175
Si,272,5.318128235342358,0.6666666667,4.212143139022669,0.08719606315,11.46840767661424
Si,273,5.293354581154229,0.7142857143,3.9336148086463267,0.08398779079,11.906492486513468
Si,274,5.33257444623101,0.619047619,3.229077250471784,0.09058246161,11.039664657221055
Si,275,5.358817896318593,0.6666666667,4.5233618453690045,0.09293179126,10.760580275508186
Si,276,5.28940429021316,0.5714285714,1.9972499216996271,0.07446014701,13.430003030556733
Si,277,5.424315900894353,0.619047619,2.280464838590516,0.07837970321,12.758405034026921
Si,278,5.475945427024885,0.6666666667,2.466285199878322,0.08115413084,12.322231655361536
Si,279,5.595253278592373,0.619047619,1.9159475124867418,0.07953899472,12.572449570431282
Si,280,5.708442388133252,0.6666666667,2.6905334192927044,0.08037676016,12.44140716805921
Si,281,5.703983382289834,0.7142857143,2.868222647455704,0.08079088382,12.377634118076664
Si,282,5.618153963987657,0.7619047619,2.6213040351313293,0.08233324454,12.145762086591516
Si,283,5.808262159369879,0.6666666667,2.214229910220996,0.07560784955,13.22613995705159
Si,284,5.818533470312476,0.7142857143,3.3677118169920828,0.0772037185,12.952743979553263
Si,285,5.995510144664159,0.7142857143,1.7739581823021557,0.07558968725,13.2293178657119
Si,286,0.0,0.0,0.0,0.0,
Si,287,0.9058107702945914,0.04761904762,5.587589995459843,0.0005524189937,1810.2201615157824
Si,288,1.677833161780833,0.09523809524,4.38170218496792,0.00216536779,461.8153112917598
Si,289,2.2399811579515028,0.1428571429,2.951031921040654,0.005482600136,182.39520942513616
Si,290,2.6018313659028847,0.1904761905,1.8361818891814055,0.00971484824,102.93521579499217
Si,291,2.8265473055054673,0.2380952381,1.166290040091488,0.0133758251,74.76174310921574
Si,292,2.9768076692927954,0.2857142857,0.820396085490404,0.01651123897,60.564806906189425
Si,293,3.0810044720278524,0.3333333333,0.5371550802865245,0.02095167563,47.728879429964714
Si,294,3.1405840851855675,0.380952381,0.21641842823660568,0.02492650533,40.11793818511983
Si,295,3.15176956620579,0.4285714286,0.03893058112114218,0.02924293075,34.196298878148525
Si,296,3.1412561201158717,0.4761904762,0.05779548546298588,0.03283914641,30.451461420918218
Si,297,1.082970022422341,0.04761904762,5.881916019,0.001359627403,735.4956201923505
Si,298,1.7482752255369753,0.09523809524,5.173818349336868,0.003445164954,290.26186361235114
Si,299,2.3185125072396064,0.1428571429,3.851977778606519,0.007633204238,131.00658240241364
Si,300,2.7053223498878674,0.1904761905,2.8374464561215635,0.0108303197,92.33337774876581
Si,301,2.9740766182158214,0.2380952381,3.1012057761673866,0.01079685861,92.61953278463837
Si,302,3.166142674045982,0.2857142857,3.2415602187057084,0.01445780396,69.16679758327557
Si,303,3.3043857398692156,0.3333333333,3.389484256432672,0.01918873665,52.113905060029055
Si,304,3.389105507626462,0.380952381,3.4576883296572256,0.02459587905,40.65721733169768
Si,305,3.4172772089763708,0.4285714286,3.4716003200843772,0.02882220139,34.695476118175854
Si,306,3.4086850638524147,0.4761904762,3.4457393969383046,0.03166678828,31.578826092432514
Si,307,3.3986694321427953,0.5238095238,3.397181595405265,0.032717575,30.56461244453478
Si,308,3.403649619495259,0.5714285714,3.368338839334838,0.03145226799,31.79420957235714
Si,309,3.403459029859357,0.619047619,3.3740438788272002,0.03014099961,33.17739998471139
Si,310,3.3652086714423644,0.6666666667,3.410468332549119,0.02669800001,37.4559891986456
Si,311,3.274539478644719,0.7142857143,3.4348231066235715,0.02266125564,44.12818141616446
Si,312,3.1335165234586744,0.7619047619,3.419443448535278,0.01855960396,53.88046006559291
Si,313,2.931252473002001,0.8095238095,3.4853983170774585,0.01476459691,67.72958355014109
Si,314,2.625175151392134,0.8571428571,3.9037893178615417,0.01209836419,82.6558024122433
Si,315,2.160959683058401,0.9047619048,4.769188092977674,0.007240722976,138.10775571922667
Si,316,1.5155825982274855,0.9523809524,5.670783989197153,0.003081412083,324.52653947745296
Si,317,2.0479915124095207,0.09523809524,4.908597094,0.006510534358,153.59722336327465
Si,318,2.5476113686650628,0.1428571429,4.089314235512533,0.01006419548,99.36213997306022
Si,319,2.9815123817204583,0.1904761905,3.9018713544711234,0.01017286082,98.30076491698232
Si,320,3.3535188506891758,0.2380952381,3.979071414510083,0.01253922228,79.74976259851421
Si,321,3.644230507388654,0.2857142857,4.394496601471397,0.01734767213,57.64462185509383
Si,322,3.8620277046854303,0.3333333333,4.818142680434616,0.0239543749,41.74602777883384
Si,323,4.003560547745757,0.380952381,5.086418095574651,0.03206695686,31.184748972777953
Si,324,4.065412756617574,0.4285714286,5.2186631992566594,0.03764852371,26.56146646553329
Si,325,4.066087323703023,0.4761904762,5.255682684881389,0.04174473931,23.955114261797505
Si,326,4.0463230586163155,0.5238095238,5.2189507212766895,0.04351862062,22.97866949258099
Si,327,4.03954496312527,0.5714285714,5.15817078004304,0.0438437571,22.808264303608233
Si,328,4.0419990861928135,0.619047619,5.118943916569438,0.04348067452,22.99872324979746
Si,329,4.0197407485562975,0.6666666667,5.111094656302723,0.04132629938,24.197666256174713
Si,330,3.942596803836708,0.7142857143,5.102110898767077,0.03689593839,27.103254277740028
Si,331,3.8008167724596165,0.7619047619,5.01618735442366,0.03117424097,32.07776577342598
Si,332,3.5882112269135416,0.8095238095,4.8161705273258475,0.02583461222,38.707761180399864
Si,333,3.2760853903957066,0.8571428571,4.603995011033235,0.01824443539,54.81123304852242
Si,334,2.809308950323385,0.9047619048,4.710552510129177,0.0149491436,66.89346405101092
Si,335,2.8002232848194937,0.1428571429,3.549122082,0.01322479352,75.61554730421228
Si,336,3.1785564747198016,0.1904761905,3.3879975008475665,0.01519554113,65.8087784728993
Si,337,3.6210323104751483,0.2380952381,3.53155826678495,0.02115299037,47.27463977945356
Si,338,4.053990317760329,0.2857142857,3.8222420051655304,0.0309678428,32.29156149035993
Si,339,4.4180878587616945,0.3333333333,4.2673277027845655,0.04327887873,23.105959057733656
Si,340,4.675767992459162,0.380952381,4.7350380831885035,0.04643831584,21.53394200266501
Si,341,4.816204257961586,0.4285714286,5.119956842883782,0.05053102803,19.78982100673482
Si,342,4.858002721186903,0.4761904762,5.388135157547373,0.05406822061,18.495152766596657
Si,343,4.845667221561986,0.5238095238,5.508423337088672,0.05695452372,17.557867833575486
Si,344,4.826736403165769,0.5714285714,5.493480845168662,0.05864233606,17.052526675895866
Si,345,4.819219586823262,0.619047619,5.4074450258662035,0.05958497035,16.782755686980046
Si,346,4.8008649873069595,0.6666666667,5.303770566670315,0.06039458555,16.557775682922955
Si,347,4.7322454036210635,0.7142857143,5.184596625331254,0.06045696054,16.54069260293647
Si,348,4.581960404240094,0.7619047619,4.960421315326363,0.0585621309,17.075881369610475
Si,349,4.322667252701434,0.8095238095,4.529162377175719,0.05323512618,18.784589645167248
Si,350,3.9154979198032476,0.8571428571,4.191078556773966,0.03609731694,27.702889986593004
Si,351,3.351930457300778,0.1904761905,2.765228349,0.01949989325,51.2823320199458
Si,352,3.6735225958759528,0.2380952381,2.7999490359010744,0.02631138095,38.00636697482045
Si,353,4.136667126513114,0.2857142857,3.3714439306302397,0.03972570853,25.172615845097425
Si,354,4.644209855892121,0.3333333333,3.380698211867467,0.05438352991,18.387920049597973
Si,355,5.0820427377039215,0.380952381,3.218250600878551,0.05484075109,18.234615320254907
Si,356,5.383860116515442,0.4285714286,3.4595581572474146,0.05298178945,18.874409686439915
Si,357,5.541105319656442,0.4761904762,4.029210759530011,0.05685494451,17.588619751868965
Si,358,5.5902291692502635,0.5238095238,4.524060141733599,0.06203946976,16.11877090291882
Si,359,5.5855636089386005,0.5714285714,4.744480555250085,0.0637095925,15.696223453320629
Si,360,5.566314249881532,0.619047619,4.704250335417591,0.06559771558,15.24443330317571
Si,361,5.532713684295991,0.6666666667,4.492547507171427,0.06500371148,15.383736977967398
Si,362,5.448310545748727,0.7142857143,4.162726234900614,0.06458188883,15.484217295538025
Si,363,5.257484965826718,0.7619047619,3.7436235504421767,0.06267526144,15.955258534618407
Si,364,4.898683276908844,0.8095238095,3.6148394648872344,0.06752010525,14.81040345386606
Si,365,3.7571074233678137,0.2380952381,1.811736434,0.03102712211,32.22986638769508
Si,366,4.01684710638101,0.2857142857,2.448701380214288,0.04066144343,24.593322706842233
Si,367,4.483344902753614,0.3333333333,3.4916199526120653,0.06004448494,16.6543188937212
Si,368,5.021461492461154,0.380952381,3.4993755545847116,0.06588073727,15.17894367061627
Si,369,5.509460793786291,0.4285714286,2.825237399312546,0.0586621818,17.04675771196768
Si,370,5.86998184628678,0.4761904762,2.243451880777253,0.05601411981,17.85264150167854
Si,371,6.077235469462911,0.5238095238,2.5055363449025503,0.05167971928,19.349950308011813
Si,372,6.156859489055065,0.5714285714,3.0199347356553274,0.05215339279,19.17420797581825
Si,373,6.156272888498212,0.619047619,3.2138117915502233,0.05231366265,19.11546524070419
Si,374,6.1023143844234395,0.6666666667,3.0585601600937244,0.05239059696,19.087394647621515
Si,375,5.974670608091781,0.7142857143,2.735165455942041,0.05318390034,18.802682646573267
Si,376,5.706726191734003,0.7619047619,2.808522520823287,0.05849963445,17.09412391037599
Si,377,3.9965516473477893,0.2857142857,0.9005652743,0.04452696781,22.458299973783912
Si,378,4.2090784939576045,0.3333333333,2.4644457472497527,0.05993903794,16.68361779515075
Si,379,4.658927198367177,0.380952381,3.7535020831138954,0.07664923167,13.046445192110038
Si,380,5.204245818221479,0.4285714286,4.026193789175078,0.07320255869,13.660724678147176
Si,381,5.734999468951692,0.4761904762,3.3862859619809864,0.0653513038,15.30191353274883
Si,382,6.1538719056746185,0.5238095238,2.209558461326807,0.05694814561,17.5598342893961
Si,383,6.403871910959374,0.5714285714,1.3422878830715692,0.05054614836,19.783901097226945
Si,384,6.490959218312024,0.619047619,1.3715360885216694,0.0495043401,20.20024906866701
Si,385,6.452027850217487,0.6666666667,1.5529949168102462,0.04713518992,21.21557167155252
Si,386,6.293564027916671,0.7142857143,1.8401275539663804,0.04845124182,20.639305876102725
Si,387,4.085976587490485,0.3333333333,0.4789159107,0.06149577096,16.2612808066176
Si,388,4.287423625596093,0.380952381,2.4351277659305826,0.07854614999,12.731368757441501
Si,389,4.715371330230478,0.4285714286,4.045352788009403,0.09190975464,10.880237945546538
Si,390,5.282849820149554,0.4761904762,4.531283148246401,0.08313508301,12.028616124431052
Si,391,5.855101567347185,0.5238095238,3.885920400765149,0.07087394545,14.10955737895921
Si,392,6.299915486301067,0.5714285714,2.482054736897564,0.05876955263,17.01561361706762
Si,393,6.543706309762804,0.619047619,0.9370450668146056,0.05094915816,19.6274096788727
Si,394,6.587142033310245,0.6666666667,0.3406455565378111,0.04674338668,21.393400671754666
Si,395,4.175289800863131,0.380952381,0.1925804372,0.07943771336,12.588479170695003
Si,396,4.294437190825443,0.4285714286,2.297617896663299,0.09248034302,10.813108681741566
Si,397,4.7232463311386095,0.4761904762,4.368829354471672,0.1033800975,9.673041757384684
Si,398,5.327877898451927,0.5238095238,4.850630404932235,0.08954555433,11.167500245905284
Si,399,5.915559139649874,0.5714285714,4.055352470874068,0.07352876277,13.600120039120304
Si,400,6.3388448410855744,0.619047619,2.530200118135106,0.05961237505,16.775040403292905
Si,401,4.161476630352174,0.4285714286,0.2987166447,0.09136303528,10.945345641542044
Si,402,4.262030971679346,0.4761904762,2.585509445679229,0.09647195142,10.36570718515274
Si,403,4.733553658844829,0.5238095238,4.61616060245795,0.1120270877,8.926412535849577
Si,404,5.3551628648533,0.5714285714,4.889821758411955,0.09255607647,10.804260920936162
Si,405,4.0927199537813985,0.4761904762,0.406602499,0.1042394787,9.59329433024112
Si,406,4.25265862833421,0.5238095238,2.943417695344552,0.09707378024,10.301442856429961
Si,407,2.279856924422008,0.1428571429,4.914218338616651,0.00916272203,109.13787373728721
Si,408,2.8182249375593478,0.1904761905,4.280666685758225,0.01417734107,70.53508800151903
Si,409,3.186000872380102,0.2380952381,4.124178020328,0.01582759249,63.18080280572096
Si,410,3.4479087486478304,0.2857142857,4.294384792876986,0.019387127,51.580618417571614
Si,411,3.644795365788731,0.3333333333,4.5375343435122595,0.02380305979,42.011405626940196
Si,412,3.780127766223964,0.380952381,4.693931641560221,0.02840990735,35.198988426127336
Si,413,3.8460390229756602,0.4285714286,4.744274269709714,0.03235378614,30.90828367576024
Si,414,3.853651515312206,0.4761904762,4.734606338515417,0.03511078472,28.48127741874064
Si,415,3.8396502618557027,0.5238095238,4.707023968032747,0.03646442524,27.423989091237353
Si,416,2.971788627444075,0.1904761905,3.886570101871849,0.01519902424,65.79369729329414
Si,417,3.410392820265032,0.2380952381,3.645697987889084,0.02030004383,49.2609773838109
Si,418,3.794766958847313,0.2857142857,3.8947725839925464,0.02651066638,37.72066630337189
Si,419,4.124374684666502,0.3333333333,4.332872335889006,0.03616748976,27.649140336688937
Si,420,4.365179016550701,0.380952381,4.731298957550132,0.04312854961,23.186497321211448
Si,421,4.500043654241989,0.4285714286,5.00441108690005,0.04707696044,21.24181320657923
Si,422,4.539965320998082,0.4761904762,5.167047360249799,0.05148569677,19.422870092780528
Si,423,4.526284688357536,0.5238095238,5.225165643147656,0.05509478181,18.15053925521663
Si,424,4.509711524443205,0.5714285714,5.205776183165558,0.05627696358,17.76926003796312
Si,425,4.512670876919847,0.619047619,5.158872889543475,0.05659467988,17.66950536906191
Si,426,4.512125486352409,0.6666666667,5.096354749349373,0.05552438431,18.010105153383915
Si,427,4.463759360710252,0.7142857143,5.011172968443514,0.05187961776,19.275392594951146
Si,428,4.338026481385925,0.7619047619,4.878432841263534,0.04862818381,20.56420622055718
Si,429,4.12839575817696,0.8095238095,4.645343370197748,0.04386878214,22.795253280765
Si,430,3.8263069008212605,0.8571428571,4.317327824116919,0.03227143146,30.987159687647768
Si,431,3.3953149584213347,0.9047619048,4.2249168772865335,0.02090835068,47.82778016807206
Si,432,3.4867011760685984,0.2380952381,2.9630588763331933,0.02333917942,42.846407836561376
Si,433,3.9127184760742773,0.2857142857,3.3910799305868866,0.03182480678,31.422028950964144
Si,434,4.397973209293123,0.3333333333,3.4983190693384243,0.04699295553,21.279785208691685
Si,435,4.809142285756294,0.380952381,3.5394953798260955,0.05317029917,18.807492446162968
Si,436,5.0856202256978404,0.4285714286,3.857104040547765,0.05544951818,18.034421809650432
Si,437,5.222195946140056,0.4761904762,4.343432949325527,0.05613402225,17.814508205850153
Si,438,5.256968528726527,0.5238095238,4.752281777060778,0.05754411909,17.377970430583577
Si,439,5.247791973017735,0.5714285714,4.946631616180789,0.05993877579,16.683690763114264
Si,440,5.237215087767499,0.619047619,4.932245848229736,0.0625200157,15.994877621247943
Si,441,5.225338961829476,0.6666666667,4.778095923039255,0.06385417934,15.66068204675168
Si,442,5.175316727145286,0.7142857143,4.5537476121858065,0.06604713742,15.140701611954889
Si,443,5.043688443151344,0.7619047619,4.2985540260024955,0.06765066432,14.781820844653016
Si,444,4.797857423614957,0.8095238095,4.005230872977054,0.06501784359,15.380393208762216
Si,445,4.408720484233882,0.8571428571,3.8542754987744132,0.05421238159,18.445970655981284
Si,446,3.8369295463007327,0.2857142857,2.469175863421869,0.03395146658,29.45380864899298
Si,447,4.3266490133493996,0.3333333333,3.4861479057137714,0.05106112813,19.58436949246464
Si,448,4.860109493365797,0.380952381,3.3434859160250396,0.06314704124,15.836054712355358
Si,449,5.322076781945249,0.4285714286,2.7650002782549286,0.05724494309,17.468791932028104
Si,450,5.6459997812676415,0.4761904762,2.6074076467301865,0.05538406985,18.055733403275706
Si,451,5.82211525230676,0.5238095238,3.1641593761821856,0.05660446865,17.666449731791626
Si,452,5.888264805388549,0.5714285714,3.742516827401758,0.05745865287,17.403819095141273
Si,453,5.894829794002344,0.619047619,3.966042215100797,0.05854032756,17.082241280168198
Si,454,5.8672953824671135,0.6666666667,3.845862142882335,0.05874118707,17.023830294888864
Si,455,5.7902961875767165,0.7142857143,3.5224028080435503,0.0586575147,17.0481140415586
Si,456,5.61841961586937,0.7619047619,3.196085876442506,0.06122385264,16.333503314142302
Si,457,5.297305271574203,0.8095238095,3.233760651526586,0.06307998732,15.85288841177275
Si,458,4.118814858194396,0.3333333333,1.8948580170308449,0.04906222411,20.382280219460686
Si,459,4.587745963351086,0.380952381,3.5915869374945473,0.06912031844,14.467525939829859
Si,460,5.124794279615803,0.4285714286,3.6977863358788556,0.07022058458,14.240838437634096
Si,461,5.628852243079186,0.4761904762,3.0354816351596012,0.06262600942,15.967806495437403
Si,462,6.018798324599391,0.5238095238,2.13690539719066,0.05753969099,17.379307792490458
Si,463,6.253972203413938,0.5714285714,1.9348016598063937,0.05148430316,19.423395843433223
Si,464,6.347366636541585,0.619047619,2.244479288081629,0.05000524085,19.99790387970904
Si,465,6.334895972989698,0.6666666667,2.352820020149807,0.04954152387,20.185087617087866
Si,466,6.22979463541727,0.7142857143,2.260463698000747,0.04978947522,20.084565976672692
Si,467,6.002283629436504,0.7619047619,2.43505221609944,0.05282531941,18.930316203837222
Si,468,4.270680668822274,0.380952381,1.9324855917080834,0.06819496062,14.663840127018466
Si,469,4.701578911932553,0.4285714286,3.8242017946644458,0.08598764707,11.629577434371818
Si,470,5.251401412958028,0.4761904762,4.251967431947267,0.07857337289,12.72695778759511
Si,471,5.805412047663077,0.5238095238,3.6443664665222033,0.06874621449,14.546255490845429
Si,472,6.244961393254432,0.5714285714,2.349577101248596,0.05860075525,17.064626483632225
Si,473,6.498775600863065,0.619047619,1.0665716527022524,0.05050692348,19.799265746130533
Si,474,6.566147228358486,0.6666666667,0.7412737782295343,0.0478286055,20.90798988483994
Si,475,6.475374858594332,0.7142857143,1.3061994153041634,0.0473607007,21.114552471137742
Si,476,4.341231454503141,0.4285714286,1.822379726176749,0.08492935484,11.77449189251371
Si,477,4.730632552892562,0.4761904762,4.159006030680908,0.0983556028,10.167188970753784
Si,478,5.317809696273056,0.5238095238,4.729154618792938,0.08653869824,11.555523948681019
Si,479,5.905932791381761,0.5714285714,4.008113826159143,0.07207660138,13.874128092247737
Si,480,6.344109320546685,0.619047619,2.5037895476814733,0.05919904879,16.892163310720655
Si,481,6.558230670503163,0.6666666667,0.8988372597455532,0.05146718132,19.429857519929946
Si,482,4.337501371932885,0.4761904762,1.923884139247019,0.09710691201,10.297928121707965
Si,483,4.736269039526106,0.5238095238,4.522610208097044,0.1067610607,9.366710984728911
Si,484,5.355244834423641,0.5714285714,4.936022764363328,0.0914927142,10.929832049949175
Si,485,5.9321619493554545,0.619047619,4.045630656545342,0.07364223804,13.579163624234688
Si,486,4.286439408244913,0.5238095238,2.1186354650353474,0.1004775876,9.952468245764292
Si,487,4.747892777555373,0.5714285714,4.64509566306414,0.1122612547,8.907792832641483
Si,488,3.900242573141663,0.2857142857,3.7066596689476947,0.03318122589,30.137524252875036
Si,489,4.320420266609226,0.3333333333,3.703380337418308,0.04974986134,20.100558535546664
Si,490,4.671912731343066,0.380952381,3.6932347238239496,0.05659665525,17.668888657514792
Si,491,4.916953592741934,0.4285714286,3.865542505632469,0.05999967505,16.66675693104441
Si,492,5.042225879252504,0.4761904762,4.147489060258873,0.05939958121,16.835135528390705
Si,493,5.074586640563754,0.5238095238,4.393320459320744,0.05951136885,16.803511989793527
Si,494,5.068209730120859,0.5714285714,4.516320709755679,0.05957964323,16.784256262489205
Si,495,4.277967759328371,0.3333333333,3.385628652276356,0.05079598169,19.68659659149507
Si,496,4.726843968148324,0.380952381,3.2328701330267338,0.06467402869,15.462157225325623
Si,497,5.143985335442569,0.4285714286,2.7483192156591634,0.06172633414,16.200540886356936
Si,498,5.4307221499594585,0.4761904762,2.6711079734612957,0.05795122023,17.2558920421545
Si,499,5.5753399410282185,0.5238095238,3.1456036804190073,0.06184422391,16.16965881009792
Si,500,5.621647785819542,0.5714285714,3.621037624258933,0.06279016343,15.926061430224246
Si,501,5.626805956144866,0.619047619,3.8101481574344302,0.0639900432,15.627431237614791
Si,502,5.616921838939372,0.6666666667,3.7068557128482658,0.06543540897,15.282245740352405
Si,503,5.569273825175094,0.7142857143,3.4194549739644957,0.06524004247,15.328009641622174
Si,504,5.434560082285351,0.7619047619,3.193397644368089,0.06225289477,16.063510037478697
Si,505,5.177901443209833,0.8095238095,3.286439943747818,0.06526286192,15.322650134862489
Si,506,4.803847423616547,0.8571428571,3.503733611865832,0.06765623958,14.780602738311398
Si,507,4.539799943096715,0.380952381,3.1626686852084935,0.0655197673,15.262569468863177
Si,508,5.021986282012758,0.4285714286,3.350812472252005,0.07141847763,14.00197866413132
Si,509,5.486455752086369,0.4761904762,2.694161355451534,0.06337155768,15.779949816755082
Si,510,5.829891612164262,0.5238095238,2.091849749980609,0.0597470024,16.737241364932476
Si,511,6.027958987095566,0.5714285714,2.355346562519542,0.05774798618,17.316621169836264
Si,512,6.109660556427512,0.619047619,2.8320076966199816,0.05585984242,17.90194810220161
Si,513,6.113173328838471,0.6666666667,2.9667244967850714,0.05426329207,18.42866442216579
Si,514,6.045799024356907,0.7142857143,2.8230960924673028,0.05428047459,18.422830816299243
Si,515,5.881192309858421,0.7619047619,2.747220068440114,0.05793207063,17.26159602315599
Si,516,5.5908163554973065,0.8095238095,2.9663915939424186,0.06329797864,15.798292796795065
Si,517,4.703413785398218,0.4285714286,2.991505657481374,0.0811509097,12.322720764275056
Si,518,5.199827400071647,0.4761904762,3.8209299786126434,0.07696695195,12.992589347303625
Si,519,5.71524911719011,0.5238095238,3.232143383745443,0.06886643317,14.520862399413852
Si,520,6.1224055871857965,0.5714285714,2.158712390207052,0.06070017504,16.47441707278477
Si,521,6.3649080386508095,0.619047619,1.525442168844063,0.05379747769,18.588232068468933
Si,522,6.446978637366203,0.6666666667,1.5895154033359986,0.05023829403,19.90513450561928
Si,523,6.39280224380814,0.7142857143,1.7856947972481583,0.04918114534,20.33299536004665
Si,524,6.207262170898322,0.7619047619,2.1516108896557724,0.05167283404,19.352528627051864
Si,525,4.780810060730783,0.4761904762,3.0161179924279646,0.09343680674,10.702420543786662
Si,526,5.299777961657408,0.5238095238,4.389952295244115,0.08283733326,12.071851671773626
Si,527,5.864893250544831,0.5714285714,3.7488475299683315,0.07142727333,14.000254431943889
Si,528,6.299133141079706,0.619047619,2.3412789044916344,0.06023215012,16.60242906832495
Si,529,6.527852513458853,0.6666666667,0.8577000162589602,0.05233505953,19.10764999563573
Si,530,6.548600365643164,0.7142857143,0.6865300127341876,0.04821761274,20.739309625140933
Si,531,4.799163958373787,0.5238095238,3.154638562991748,0.1051105163,9.513795909306175
Si,532,5.355219592449667,0.5714285714,4.799781242178466,0.08824106488,11.332592159443124
Si,533,5.932879684036117,0.619047619,3.982667946967103,0.07320956921,13.659416532441577
Si,534,6.338302678180383,0.6666666667,2.4341316466768244,0.0594727894,16.814412273052053
Si,535,4.781138925772792,0.5714285714,3.309990921255551,0.1105779999,9.043390194291261
Si,536,5.368051825792819,0.619047619,4.862079104479544,0.0912232304,10.962120017183693
Si,537,5.081802097021517,0.4285714286,3.3005756211604558,0.07099283064,14.085929395757361
Si,538,5.45341630794284,0.4761904762,2.794037808354956,0.06481542892,15.428425247856865
Si,539,5.738979992965749,0.5238095238,2.2038234882077328,0.06156417579,16.243212666585105
Si,540,5.896867860583855,0.5714285714,2.241534910399359,0.05898645155,16.953045550677814
Si,541,5.956371876735151,0.619047619,2.499984599129387,0.05996833327,16.67546762551535
Si,542,5.256126252119795,0.4761904762,3.263615291597049,0.07573367675,13.204165477150163
Si,543,5.651837059368939,0.5238095238,2.791737957718093,0.06812668436,14.678536162360801
Si,544,5.98960580344449,0.5714285714,1.8491258336014562,0.05980684822,16.720493217122755
Si,545,6.188624638456586,0.619047619,1.5400792135355084,0.05633979688,17.749442762989244
Si,546,6.258668120939446,0.6666666667,1.795307706529119,0.05498987571,18.18516567074452
Si,547,6.21823757853451,0.7142857143,2.0154645801458773,0.05344744594,18.709967939770184
Si,548,6.061268302318348,0.7619047619,2.3945435174379455,0.05776589526,17.311252521908894
Si,549,5.788956462646055,0.8095238095,2.880446633767519,0.06340124995,15.772559701719256
Si,550,5.354143275316019,0.5238095238,3.33531096092372,0.0828036421,12.076763468837804
Si,551,5.803704873757551,0.5714285714,3.2278677690170885,0.07301469313,13.695873489730847
Si,552,6.194429156104398,0.619047619,2.0484322576644614,0.06204260048,16.11795753665031
Si,553,6.412099446432652,0.6666666667,1.0985224215362759,0.05442161978,18.37505028410604
Si,554,6.450135746225835,0.7142857143,1.2188794628521988,0.05083704706,19.670694067256864
Si,555,6.325410906564568,0.7619047619,1.8738895821980346,0.05166954942,19.353758862331492
Si,556,5.398191707197179,0.5714285714,3.422443442466397,0.08603778431,11.622800470976005
Si,557,5.900627265860827,0.619047619,3.6828059641215667,0.07294455165,13.709043066001216
Si,558,6.300016945985738,0.6666666667,2.2503515698981524,0.0613732196,16.293751680578282
Si,559,6.480852970144006,0.7142857143,0.8637553487094455,0.05439677326,18.38344335647088
Si,560,5.392541830858272,0.619047619,3.4057415652414207,0.08945128002,11.179269874913077
Si,561,5.916781919119901,0.6666666667,3.8510028075095772,0.07255491364,13.782664051696885
Si,562,5.908299539977096,0.5714285714,2.8631425612914345,0.06331206534,15.794777735172207
Si,563,6.176144215523588,0.619047619,1.9372448266300604,0.05752133668,17.384853303447258
Si,564,6.325984480289328,0.6666666667,0.7985786278980862,0.05650287732,17.698213744701384
Si,565,5.956951752995658,0.619047619,2.761518181816448,0.06870496003,14.554989909947555
Si,566,6.2332570082324,0.6666666667,1.761470700440486,0.0616814507,16.212329454825873
Si,567,6.379555231993147,0.7142857143,0.8417002916466166,0.05744835104,17.406940006053826
Si,568,6.343189716919302,0.7619047619,1.540841884813304,0.05399910078,18.51882689813932
Si,569,5.927624432378607,0.6666666667,2.5322861341168235,0.07271581558,13.752166458200923
Si,570,6.236996374310486,0.7142857143,2.1236958944317417,0.06435844273,15.537976955024435
Si,571,6.238989621268472,0.7142857143,1.3399234088313696,0.06329678019,15.79859191886645
Si,572,0.0,0.0,0.0,0.0,
Si,573,1.4905274209084094,0.04761904762,9.566102665461857,0.001484901797,673.445208309624
Si,574,2.92123402106679,0.09523809524,9.032678937380336,0.008854633859,112.9352174154082
Si,575,4.260582531190156,0.1428571429,8.4188011513745,0.03124945057,32.00056262621196
Si,576,5.51304130094948,0.1904761905,7.919719525580089,0.04409282449,22.679427130525383
Si,577,6.69926981174692,0.2380952381,7.540247495009264,0.08722174489,11.465030896379721
Si,578,7.8274962452248245,0.2857142857,7.136478212408592,0.1954964023,5.115183646527903
Si,579,8.882748848140057,0.3333333333,6.575045773042156,0.2620464195,3.816117777560399
Si,580,9.836291485686328,0.380952381,5.8080599887945015,0.4629763569,2.1599375110552215
Si,581,10.651881723673485,0.4285714286,4.736654013928949,0.5507581093,1.8156791214040868
Si,582,11.233048686205604,0.4761904762,2.420985475527541,0.1808156044,5.530496127910518
Si,583,1.5892058011706516,0.04761904762,8.788343236,0.0009179940827,1089.331640416248
Si,584,2.6842882798200973,0.09523809524,8.688465775534706,0.005208180663,192.00562820414586
Si,585,3.9304162113094514,0.1428571429,8.170422590116075,0.01797017168,55.64777108462216
Si,586,5.133711799513867,0.1904761905,7.680943724189125,0.03721468832,26.87111044438273
Si,587,6.286311785976912,0.2380952381,7.368816365043381,0.06886167136,14.521866522410239
Si,588,7.397273489115567,0.2857142857,7.112058153279963,0.164148253,6.092053870350969
Si,589,8.45602584875051,0.3333333333,6.730748719321524,0.3517781383,2.842700813736156
Si,590,9.433310603186053,0.380952381,6.134643340138461,0.329710728,3.0329616693576313
Si,591,10.291534923553986,0.4285714286,5.27482081280285,0.6668072879,1.4996836689492938
Si,592,10.963081141549273,0.4761904762,3.7484137356001797,0.275530791,3.6293584334826665
Si,593,11.200018792950209,0.5238095238,1.798270718081358,0.1945417751,5.140284134273842
Si,594,10.784587569392729,0.5714285714,4.285180272520694,0.4823215772,2.0733055440008625
Si,595,10.05010342251794,0.619047619,5.477084111847987,0.5640406201,1.7729219569730772
Si,596,9.15968651668402,0.6666666667,6.2575811223048445,0.2874106582,3.4793420893393994
Si,597,8.158573470915274,0.7142857143,6.838677217878579,0.2608721165,3.8332958440194207
Si,598,7.07754530002261,0.7619047619,7.246363831330148,0.1039230345,9.622505778543255
Si,599,5.940222623603295,0.8095238095,7.566264109263596,0.05110032921,19.569345549427624
Si,600,4.754269212124989,0.8571428571,7.9349358502888405,0.03605461059,27.73570380142608
Si,601,3.5216730938550938,0.9047619048,8.386076661037807,0.01187307872,84.22415310996945
Si,602,2.30550590851545,0.9523809524,8.802000618876058,0.004823485766,207.3189490987709
Si,603,3.095599688548876,0.09523809524,8.17484667,0.002979193575,335.66130391510393
Si,604,3.977878182494551,0.1428571429,7.703086685762431,0.01252338823,79.85059487371653
Si,605,4.979199681450013,0.1904761905,7.054150957845999,0.02947288475,33.929491750888076
Si,606,5.9872737124295625,0.2380952381,6.6493149829090825,0.04543045731,22.011664843617663
Si,607,6.9907277682562485,0.2857142857,6.507700470602408,0.0952420112,10.499568282951168
Si,608,7.978589793096986,0.3333333333,6.382673470372731,0.2208973558,4.526989453442792
Si,609,8.919573916745883,0.380952381,6.082885705162765,0.3184939113,3.1397774479213414
Si,610,9.771080630050443,0.4285714286,5.537796311412455,0.4972572253,2.0110316132594965
Si,611,10.473703989726857,0.4761904762,4.5835483312842555,0.6729833996,1.4859207531632554
Si,612,10.869351968970665,0.5238095238,2.893085651016958,0.3901017555,2.563433734663109
Si,613,10.68476075395832,0.5714285714,3.864098393340772,0.6191815325,1.6150352481644792
Si,614,10.072174536645601,0.619047619,5.184044774378576,0.6554072516,1.525768897977204
Si,615,9.266831301866585,0.6666666667,5.932162242896706,0.3219187322,3.106374062689602
Si,616,8.347224921103374,0.7142857143,6.410114639518127,0.3160534486,3.164021795774197
Si,617,7.355392838277636,0.7619047619,6.652494526248081,0.1307017726,7.651005645198113
Si,618,6.329894880635459,0.8095238095,6.711096148670819,0.06043843219,16.545763411868542
Si,619,5.3066322828168975,0.8571428571,6.779386068363969,0.03799184716,26.32143669636725
Si,620,4.330281699460681,0.9047619048,7.250702728919284,0.02476974339,40.371835277216405
Si,621,4.4891591415853505,0.1428571429,7.570175955,0.0140340398,71.2553202250431
Si,622,5.230049994299931,0.1904761905,7.039987473964827,0.01990456459,50.2397324733442
Si,623,6.016975637627718,0.2380952381,6.241401034103461,0.03434767138,29.114055184022785
Si,624,6.816043598310498,0.2857142857,5.639906614463524,0.06562207794,15.238773769314749
Si,625,7.634137298989106,0.3333333333,5.400789679502794,0.1817350025,5.50251732601704
Si,626,8.454384974019629,0.380952381,5.304069707770444,0.3035686974,3.294147283843107
Si,627,9.233257324705836,0.4285714286,5.078982196454727,0.3884204315,2.5745298622376924
Si,628,9.910511981692888,0.4761904762,4.538327277486898,0.6758068361,1.4797127619644685
Si,629,10.37599033017611,0.5238095238,3.4020909288952335,0.7486375266,1.335759916473308
Si,630,10.409415696408747,0.5714285714,3.164370223627356,0.7569095949,1.321161743407568
Si,631,9.96665608261522,0.619047619,4.563342571598922,0.7051834786,1.4180706586962288
Si,632,9.266246818070474,0.6666666667,5.404147157028048,0.3824270367,2.6148778826651404
Si,633,8.441093774426236,0.7142857143,5.785763924303307,0.3517131865,2.843225782778548
Si,634,7.563623841508591,0.7619047619,5.768556415622599,0.1501336092,6.660733764601991
Si,635,6.702271704748301,0.8095238095,5.465910221198965,0.07295459095,13.70715656106355
Si,636,5.927732062500422,0.8571428571,5.562276724416243,0.04673041342,21.39933989053932
Si,637,5.792745542362165,0.1904761905,7.16738229,0.02088090807,47.8906375454389
Si,638,6.436855811619313,0.2380952381,6.723346009744701,0.03120508942,32.04605462079141
Si,639,7.061384162791154,0.2857142857,5.979451342971969,0.06420404543,15.575342539595484
Si,640,7.668827615977042,0.3333333333,5.136495160921855,0.1676500554,5.9648056638816955
Si,641,8.282389847795173,0.380952381,4.4221835846494,0.2835906252,3.5262096527159814
Si,642,8.89900368147806,0.4285714286,3.9758200949618834,0.3524203346,2.837520715525704
Si,643,9.477608244651753,0.4761904762,3.5749652868003814,0.5152148867,1.9409377054399464
Si,644,9.934079311440556,0.5238095238,2.747572178307828,0.772841537,1.2939263123482971
Si,645,10.106258345976403,0.5714285714,1.81948362683951,0.8775894152,1.139485028738756
Si,646,9.851236142800404,0.619047619,3.2771920512518693,0.691923873,1.4452456968485028
Si,647,9.281671005844988,0.6666666667,4.4499744198332865,0.4831132453,2.069908059297831
Si,648,8.568501032188516,0.7142857143,4.85380834122366,0.3497682011,2.8590363470866134
Si,649,7.832434326545544,0.7619047619,4.692323249157866,0.1790460399,5.585155642417534
Si,650,7.18233711942791,0.8095238095,4.5932296806600785,0.1049557753,9.527822524693407
Si,651,7.038116150970311,0.2380952381,6.881967142,0.05025817196,19.897261698970876
Si,652,7.611699404337342,0.2857142857,6.527193569818244,0.1123923325,8.897404100052821
Si,653,8.117971370622529,0.3333333333,5.950447250713836,0.2003022722,4.9924545988250655
Si,654,8.569994885949168,0.380952381,5.160251685337599,0.2867722853,3.4870873207076962
Si,655,8.993504890812366,0.4285714286,4.193328281180852,0.3545670686,2.8203408848669373
Si,656,9.400708316290912,0.4761904762,3.2205469958544835,0.4694456508,2.1301720407801463
Si,657,9.76404433908677,0.5238095238,2.2314965066834866,0.6642689026,1.5054144429852465
Si,658,9.978525017932913,0.5714285714,0.6047460489522856,0.9030305558,1.1073822403651603
Si,659,9.873062040541045,0.619047619,1.9173178915028595,0.7908478136,1.2644657831801078
Si,660,9.441393707140023,0.6666666667,3.5500970413424557,0.6192438506,1.614872717801035
Si,661,8.856618861202953,0.7142857143,4.130559163320475,0.3844184101,2.6013322300039343
Si,662,8.28351553160907,0.7619047619,4.239458342074069,0.2940922577,3.4002935263263137
Si,663,8.227746129169258,0.2857142857,6.50727283,0.2341625616,4.2705374982539475
Si,664,8.737976611522972,0.3333333333,6.182556651507762,0.2275017519,4.395570546813007
Si,665,9.148288656124636,0.380952381,5.735902628560261,0.2822639276,3.5427835519142685
Si,666,9.474979235766542,0.4285714286,5.1307490950827965,0.3676396384,2.7200549003695245
Si,667,9.744462710663457,0.4761904762,4.350775604938727,0.5250587713,1.9045486994228982
Si,668,9.980092261220923,0.5238095238,3.4933955191730854,0.6836159227,1.462809695904118
Si,669,10.158789473718704,0.5714285714,2.6614492775000116,0.80379414,1.2440996397410908
Si,670,10.134630643033486,0.619047619,2.530560894547375,0.9297560686,1.075550925422591
Si,671,9.79720107246561,0.6666666667,3.539398786030784,0.7418623916,1.347958882028331
Si,672,9.312702707198314,0.7142857143,3.965657751777192,0.48715998,2.052713771767541
Si,673,9.334543142151457,0.3333333333,5.950280549,0.2711749571,3.6876561563582526
Si,674,9.778973707777011,0.380952381,5.647318746044775,0.3883023763,2.575312594088804
Si,675,10.102755473002905,0.4285714286,5.31933440830606,0.4443902876,2.250274202437362
Si,676,10.325289955377997,0.4761904762,4.914845959296708,0.4316312062,2.316792636018633
Si,677,10.479886492406765,0.5238095238,4.4082583963473825,0.5139480548,1.9457219278495845
Si,678,10.60008524400765,0.5714285714,3.9052707351724445,0.5275775454,1.8954559547105394
Si,679,10.60632104608645,0.619047619,3.512030342939313,0.5997619459,1.6673281905196646
Si,680,10.270564752604319,0.6666666667,3.6764663833766402,0.8951768097,1.1170977500356933
Si,681,10.333146825355012,0.380952381,5.314310323,0.3902283638,2.562602037079295
Si,682,10.713165071398405,0.4285714286,5.0746969057026154,0.3808474966,2.625722917775377
Si,683,10.959478298581372,0.4761904762,4.878315163691963,0.3865132721,2.5872332780885117
Si,684,11.095348095231252,0.5238095238,4.632198406577708,0.3782004624,2.6441004160972175
Si,685,11.167110723254456,0.5714285714,4.261664542875304,0.3452717881,2.8962690682111947
Si,686,11.14552812567532,0.619047619,3.262475189720085,0.3090471451,3.2357522658118225
Si,687,11.223058188244599,0.4285714286,4.739335412,0.3459876247,2.8902767862494594
Si,688,11.545288493578187,0.4761904762,4.581459999776164,0.2074358383,4.820767752550886
Si,689,11.720522755528394,0.5238095238,4.486797293391132,0.1215652625,8.22603414359427
Si,690,11.73671538315689,0.5714285714,2.681710690321021,0.1321792787,7.565482349692985
Si,691,12.01879935543362,0.4761904762,4.245636777,0.05810940272,17.20891892175346
Si,692,12.284133796245833,0.5238095238,3.633919434743018,0.04935915267,20.25966707098256
Si,693,3.4974805668853244,0.1428571429,7.945399556370761,0.008984285654,111.30545471411834
Si,694,4.527536126858166,0.1904761905,7.366030086392928,0.02678913893,37.328560750422
Si,695,5.599046808280693,0.2380952381,7.040121231893206,0.04137353675,24.1700390769711
Si,696,6.663579416026177,0.2857142857,6.87468072612011,0.0792438813,12.619270833217
Si,697,7.703549222826789,0.3333333333,6.692297092793665,0.1847187369,5.413635978581661
Si,698,8.692579032738518,0.380952381,6.347064926462391,0.3218463539,3.107072638488573
Si,699,9.595395935738045,0.4285714286,5.7863308982618795,0.3905273621,2.560640039721304
Si,700,10.367733258728494,0.4761904762,4.917119921746465,0.683489485,1.4630802988871145
Si,701,10.901557893212432,0.5238095238,3.2376921488544643,0.3600061587,2.777730257757393
Si,702,4.706051161058786,0.1904761905,7.102678986840737,0.02182615543,45.81658933050125
Si,703,5.542899513118653,0.2380952381,6.420351069396595,0.03237290273,30.890031960998638
Si,704,6.421583343068951,0.2857142857,6.012391136612167,0.05254971056,19.029600531447723
Si,705,7.3216418410314335,0.3333333333,5.890395772689138,0.1313616214,7.612573515326601
Si,706,8.217802691733375,0.380952381,5.807061864664546,0.2792455271,3.581077950952791
Si,707,9.07016571911065,0.4285714286,5.560212751520684,0.3705865987,2.698424615212617
Si,708,9.82905828981861,0.4761904762,5.034811204577295,0.5877956321,1.7012715736374728
Si,709,10.410596896649892,0.5238095238,3.975497188546357,0.7261450601,1.377135306631827
Si,710,10.607650667861323,0.5714285714,3.0093302572794496,0.6851200559,1.4595981994518634
Si,711,10.267899313152636,0.619047619,4.368701606008664,0.7381335862,1.354768322016235
Si,712,9.609871413629183,0.6666666667,5.324804726636357,0.4458101914,2.2431070874796517
Si,713,8.800550572146214,0.7142857143,5.827526790046535,0.3308864633,3.0221846793815335
Si,714,7.909335816216377,0.7619047619,6.034942370729971,0.2178017283,4.591331794312488
Si,715,6.986878849464634,0.8095238095,6.002348515156945,0.09230786647,10.833312893489953
Si,716,6.083718681083847,0.8571428571,5.930631269371519,0.04778521754,20.926973894445936
Si,717,5.249163888627187,0.9047619048,6.321634467170746,0.03433588574,29.124048453919393
Si,718,5.880379987803528,0.2380952381,6.638247594953447,0.02710432297,36.89448362561332
Si,719,6.559094617646947,0.2857142857,5.944484133581246,0.04287300155,23.32470234988714
Si,720,7.248671258821149,0.3333333333,5.252971271092928,0.09571788969,10.447367814299751
Si,721,7.956625860274202,0.380952381,4.8075316739073735,0.2383579455,4.195370948941159
Si,722,8.66993327695643,0.4285714286,4.590705729746185,0.3339947354,2.9940591692332403
Si,723,9.345819532475174,0.4761904762,4.313059224185943,0.4452258091,2.2460512835530495
Si,724,9.909703574849596,0.5238095238,3.630682113920046,0.717342612,1.3940340128574433
Si,725,10.21544697347336,0.5714285714,2.5001160062250953,0.8210623839,1.2179342515364746
Si,726,10.0769248772039,0.619047619,3.2672207594398213,0.8486541447,1.1783363178571418
Si,727,9.56334142036829,0.6666666667,4.485094023311847,0.5070461005,1.9722072588940067
Si,728,8.862882219368602,0.7142857143,5.046931296287462,0.3799133483,2.632179165261512
Si,729,8.086815943807993,0.7619047619,5.136282318101087,0.2457902968,4.068508859052731
Si,730,7.317135391099479,0.8095238095,4.91969492411399,0.1138776676,8.781353017455022
Si,731,6.632188813909981,0.8571428571,4.969925220005262,0.06371264929,15.695470383727312
Si,732,7.036908833403005,0.2857142857,6.483552264091247,0.05672154796,17.629984299885457
Si,733,7.594462137775071,0.3333333333,5.880999946879679,0.1325827753,7.542457892718436
Si,734,8.120505074344717,0.380952381,5.0759424809474325,0.2345382924,4.263696088886507
Si,735,8.635581557335273,0.4285714286,4.2076813188268485,0.3206043603,3.1191091695205495
Si,736,9.145260704684425,0.4761904762,3.472887205685446,0.4000101412,2.499936619106896
Si,737,9.613212878025594,0.5238095238,2.7397432454992923,0.5810369425,1.7210609633482985
Si,738,9.936446040937298,0.5714285714,1.4332740471803858,0.8456716593,1.1824920334066114
Si,739,9.94296586933599,0.619047619,1.5412421531010538,0.8925914184,1.1203334239898177
Si,740,9.581606442707974,0.6666666667,3.307022007200473,0.591565297,1.6904304648553445
Si,741,9.004886350454862,0.7142857143,4.1110246316085375,0.4429056578,2.2578171725491107
Si,742,8.362381972080556,0.7619047619,4.2593954533215825,0.3130171713,3.1947129157383705
Si,743,7.7715822918995014,0.8095238095,4.294473364960207,0.1579304072,6.33190287880167
Si,744,8.170835410717043,0.3333333333,6.292699813372874,0.2057058116,4.861311366081015
Si,745,8.629118494730134,0.380952381,5.791730301771318,0.2650709339,3.772575081269595
Si,746,9.020323660554434,0.4285714286,5.096430081033531,0.3176770048,3.147851386440672
Si,747,9.3683995970545,0.4761904762,4.219452624260486,0.4053833079,2.4668011250396136
Si,748,9.68941825739788,0.5238095238,3.2574591384741782,0.5686290306,1.7586158043053666
Si,749,9.951595320378608,0.5714285714,2.191236124453783,0.8016449901,1.2474349772650066
Si,750,10.025731876476632,0.619047619,1.4949287474609088,0.9116666739,1.0968921302367243
Si,751,9.781159269610482,0.6666666667,2.8468567492720553,0.7415284105,1.348565996717128
Si,752,9.314704925720442,0.7142857143,3.708321369530597,0.5255146583,1.9028964924307232
Si,753,8.801762019784295,0.7619047619,3.967175834508665,0.376280248,2.657593656098579
Si,754,9.244455530163759,0.380952381,5.885380382940996,0.2695118125,3.7104125074295213
Si,755,9.612528947854843,0.4285714286,5.4871148847606905,0.3655673259,2.7354742318342407
Si,756,9.89114890802053,0.4761904762,4.975322994534278,0.5262650138,1.9001833178673675
Si,757,10.108432302231424,0.5238095238,4.338907368366469,0.5581078241,1.7917684662683087
Si,758,10.28709630227568,0.5714285714,3.6722365733374684,0.6248207035,1.6004591307528593
Si,759,10.374912984901531,0.619047619,3.143469103291289,0.7035245338,1.421414537739892
Si,760,10.185592611262262,0.6666666667,3.4273122337329096,0.9049127887,1.1050788678062584
Si,761,9.764979531940828,0.7142857143,3.757332740026112,0.7162638857,1.39613349208959
Si,762,10.22279687766085,0.4285714286,5.357192124884778,0.3975036768,2.5157000006899057
Si,763,10.509463695833768,0.4761904762,5.086527168294006,0.4099576755,2.4392761979157043
Si,764,10.695253451018308,0.5238095238,4.752668560998644,0.4456183884,2.24407256529632
Si,765,10.816737714601588,0.5714285714,4.332759931802063,0.4401932147,2.2717297009712403
Si,766,10.89555195702639,0.619047619,3.971498683551357,0.444620351,2.2491098253844886
Si,767,10.667313818265571,0.6666666667,3.538193626717832,0.571880124,1.7486182121622398
Si,768,11.098134594298848,0.4761904762,4.855535992069226,0.3827914564,2.612388503663584
Si,769,11.313180922545136,0.5238095238,4.702149225025055,0.2981196297,3.3543581179350968
Si,770,11.419372800928477,0.5714285714,4.449665215842524,0.2530252474,3.952174774160502
Si,771,11.40737662441688,0.619047619,3.2733450985866446,0.2437455179,4.10263954232079
Si,772,11.878630716925754,0.5238095238,4.41618024996285,0.06739425784,14.838059384437313
Si,773,12.00201847521996,0.5714285714,2.5023326706061972,0.06355665771,15.73399288179781
Si,774,6.168093182882199,0.2857142857,5.645248931603116,0.04147271968,24.112235891832402
Si,775,6.863441332969017,0.3333333333,5.2124253686940225,0.06881787805,14.531107734438493
Si,776,7.617302589390595,0.380952381,5.099009742245509,0.1658117675,6.030935048080951
Si,777,8.393927517900048,0.4285714286,5.061476042998897,0.3219152965,3.106407216036098
Si,778,9.140662653124972,0.4761904762,4.83756733675981,0.3792883878,2.6365162556131385
Si,779,9.787811094752778,0.5238095238,4.214048428334593,0.6132508993,1.6306539479052664
Si,780,10.21159404397718,0.5714285714,3.0097542781563873,0.8117857055,1.2318521910706397
Si,781,7.10496899383013,0.3333333333,5.446914318863742,0.07401167272,13.511382235383152
Si,782,7.674419941888527,0.380952381,4.878613452143337,0.1614882175,6.192402241358568
Si,783,8.26519302568704,0.4285714286,4.332374351934776,0.3109020902,3.2164466934162803
Si,784,8.865574449371856,0.4761904762,3.929164458298961,0.3716139118,2.6909649188219658
Si,785,9.429317587100511,0.5238095238,3.4349261859603106,0.5010394834,1.9958506926721773
Si,786,9.859192498940796,0.5714285714,2.407365525522865,0.7546138434,1.325181095928991
Si,787,9.991924407873523,0.619047619,1.6313335779724911,0.9283792704,1.0771459810483937
Si,788,9.733848522677661,0.6666666667,3.017860862981194,0.6475317238,1.544325881258082
Si,789,9.214113566545057,0.7142857143,3.930645136421795,0.4523434122,2.210709768351524
Si,790,8.583719981706164,0.7619047619,4.255472966502018,0.3856024654,2.5933444148565346
Si,791,7.9404849325374185,0.8095238095,4.345509083138967,0.2073614723,4.822496623448212
Si,792,7.3515102789057005,0.8571428571,4.560338113421829,0.1056918355,9.461468762173215
Si,793,8.073036178328044,0.380952381,5.506633327293678,0.2095397087,4.772365134055376
Si,794,8.52411717808169,0.4285714286,4.863717845525632,0.3362206979,2.9742368814469113
Si,795,8.955248923775178,0.4761904762,4.05164761110513,0.3670019289,2.724781319262434
Si,796,9.371594096184912,0.5238095238,3.204624408945056,0.4757228592,2.10206421798114
Si,797,9.73120877401689,0.5714285714,2.17483199842577,0.6582615325,1.5191530275240563
Si,798,9.912996835988393,0.619047619,0.6738321364383228,0.8696433644,1.1498966598680804
Si,799,9.780358088401606,0.6666666667,1.9724986671395575,0.7621172763,1.3121340128318515
Si,800,9.379396735706619,0.7142857143,3.184384584229417,0.538364586,1.8574773044228432
Si,801,8.86427844907871,0.7619047619,3.643385236592238,0.4213800609,2.3731545291064813
Si,802,8.355388067261325,0.8095238095,3.855363445091757,0.3008172428,3.3242775270859575
Si,803,9.03499004639136,0.4285714286,5.451777479672068,0.2967251567,3.3701220722954632
Si,804,9.374361891363598,0.4761904762,4.87592234136136,0.36674026,2.726725448686763
Si,805,9.666081926726168,0.5238095238,4.140738233442419,0.4914460784,2.0348112314899285
Si,806,9.921821321864472,0.5714285714,3.3211886416602647,0.6705259712,1.4913665435066745
Si,807,10.090791848451818,0.619047619,2.4877430409341903,0.8168672969,1.2241890497942396
Si,808,10.025617539565514,0.6666666667,2.5142667507984546,0.91670972,1.090857856290648
Si,809,9.694674508548434,0.7142857143,3.2289112710227834,0.6824326511,1.465346065121766
Si,810,9.261515167077143,0.7619047619,3.495365415717015,0.5228948397,1.912430424009786
Si,811,9.941945845305716,0.4761904762,5.239706416255211,0.5479718622,1.824911220779102
Si,812,10.18396255906751,0.5238095238,4.817682715701684,0.4855358617,2.0595801028964447
Si,813,10.367324935581145,0.5714285714,4.30014976828891,0.5215877983,1.9172227633761347
Si,814,10.50302546139975,0.619047619,3.8001792811325106,0.5698692577,1.7547884650525167
Si,815,10.464945322377492,0.6666666667,3.4604977692216248,0.6377527824,1.5680057031453258
Si,816,10.120721156725619,0.7142857143,3.4875205781386707,0.9122037275,1.096246342624159
Si,817,10.770697477706229,0.5238095238,4.9639108926201905,0.4306037277,2.322320815338357
Si,818,10.932880213083394,0.5714285714,4.671192575634202,0.4231868271,2.3630225138451624
Si,819,11.03711997173759,0.619047619,4.3150441742492065,0.3886692192,2.572881902143693
Si,820,10.930308920146745,0.6666666667,3.4820532671238227,0.414425403,2.4129794958539255
Si,821,11.514772928522211,0.5714285714,4.654494600661008,0.2061293458,4.851322824117749
Si,822,11.568655582534202,0.619047619,3.3773716255213464,0.1703983824,5.868600311313753
Si,823,8.097810454812,0.4285714286,4.3543375343011625,0.2487576233,4.019977304550811
Si,824,8.578104016510983,0.4761904762,3.8768441362399373,0.4023453222,2.485427181138978
Si,825,9.072724118905358,0.5238095238,3.380047278493136,0.4665755148,2.143275779117246
Si,826,9.52708834826174,0.5714285714,2.63692013588788,0.5783386071,1.7290908608269533
Si,827,9.825907314790486,0.619047619,1.155108744937097,0.7765473282,1.2877515171135192
Si,828,8.864454413966891,0.4761904762,4.358834251683925,0.3769993708,2.6525243208708296
Si,829,9.225271881408043,0.5238095238,3.7170289301798443,0.4327418929,2.3108462952328135
Si,830,9.56815468601644,0.5714285714,2.9436459893620883,0.5718562251,1.7486912900618172
Si,831,9.839062468738524,0.619047619,1.8877333689014233,0.7277681369,1.3740640037630645
Si,832,9.906979832167607,0.6666666667,1.1283425626807837,0.8496828949,1.176909651826863
Si,833,9.69834245066271,0.7142857143,2.249947778598727,0.672552095,1.486873667384829
Si,834,9.326385671458777,0.7619047619,2.9579230587454233,0.5518618541,1.8120476937672072
Si,835,8.919758910493986,0.8095238095,3.351947810882018,0.4606921364,2.170646991750997
Si,836,9.625461896037535,0.5238095238,4.499691506059975,0.4595485153,2.1760488103137168
Si,837,9.875826530071562,0.5714285714,3.924425048715277,0.5883506491,1.6996666894643526
Si,838,10.0880511366698,0.619047619,3.2483828850477057,0.731395287,1.3672497181404453
Si,839,10.178979715419047,0.6666666667,2.5851912531580212,0.7909662857,1.264276389625136
Si,840,10.002917009018212,0.7142857143,2.7235934764850476,0.8712367029,1.1477937013803463
Si,841,9.658824693687395,0.7619047619,2.917554163103699,0.6303119784,1.5865159385649397
Si,842,10.359742806824643,0.5714285714,4.617471769707869,0.4830356536,2.0702405558412385
Si,843,10.523960043712593,0.619047619,4.191273908113356,0.5604125612,1.7843996891481524
Si,844,10.618450514862888,0.6666666667,3.6258868062804583,0.5356760194,1.8668000130378808
Si,845,10.395703270976767,0.7142857143,3.0693280465507873,0.6675582036,1.4979967208959637
Si,846,11.048980185364403,0.619047619,4.56073235186265,0.3810376592,2.6244125110875656
Si,847,11.083737681653817,0.6666666667,3.457331837508968,0.3625909119,2.7579290246408408
Si,848,9.47510307422776,0.5714285714,3.154934313763445,0.5440831806,1.8379542607753971
Si,849,9.773283138702254,0.619047619,2.6022102545866064,0.651649159,1.534568081902489
Si,850,9.997790114230757,0.6666666667,1.7795274487891555,0.8462961292,1.1816194893214218
Si,851,10.046072545062989,0.619047619,3.460443721546332,0.6950408111,1.438764435166561
Si,852,10.246889453734807,0.6666666667,2.8850873080248123,0.7023838168,1.4237230073948937
Si,853,10.280562913875835,0.7142857143,2.2875331262454504,0.7085923794,1.4112485952032807
Si,854,10.041869162748316,0.7619047619,2.487025386479284,0.848924213,1.1779614536686562
Si,855,10.636468737223867,0.6666666667,3.796501201430087,0.5180215324,1.9304216860773873
Si,856,10.645589276758889,0.7142857143,2.4013199744709373,0.5337222165,1.8736338287690524
Si,857,10.465106996743334,0.7142857143,2.5261632680933617,0.6553116544,1.525991477926018
Si,858,15.651054295284258,0.0,0.0,0.6106780363,1.6375240970820553
Si,859,15.60804410271661,0.04761904762,0.5409171041668436,0.599542042,1.6679397439154064
Si,860,15.493972518805021,0.09523809524,0.9335453367961898,0.5575949998,1.7934163691544638
Si,861,15.321406694785626,0.1428571429,1.2945723810765484,0.5210143995,1.919332749650809
Si,862,15.09735330925339,0.1904761905,1.6302762753036106,0.4495666086,2.2243644898674977
Si,863,14.817304478290316,0.2380952381,2.0291079791897157,0.3806464178,2.627109971977779
Si,864,14.471782809922633,0.2857142857,2.4725082886055585,0.343167824,2.9140261121916837
Si,865,14.059870077213215,0.3333333333,2.878772538433009,0.198359968,5.04133979291628
Si,866,13.59392757721171,0.380952381,3.1617576771241604,0.1208299392,8.27609453932424
Si,867,13.10254430279641,0.4285714286,3.159460096139463,0.07300771482,13.697182584956849
Si,868,12.682358837792977,0.4761904762,1.898556663944301,0.03355853613,29.798677633797016
Si,869,15.577134317232794,0.04761904762,0.8320046059,0.5808779434,1.7215320556790141
Si,870,15.464406809548011,0.09523809524,1.2238268632566829,0.5397527514,1.8527001435494674
Si,871,15.310112663728017,0.1428571429,1.3934225385715127,0.4908513899,2.0372764966678156
Si,872,15.123996446741108,0.1904761905,1.6706519464585359,0.442990485,2.257384828480007
Si,873,14.864153131578266,0.2380952381,2.0508114816451237,0.3867015453,2.5859736330358025
Si,874,14.539254103426517,0.2857142857,2.460942626677299,0.3632471516,2.752946569836227
Si,875,14.149285732256532,0.3333333333,2.8606207316729524,0.2374440151,4.211519079892783
Si,876,13.700649700978103,0.380952381,3.17429659466826,0.1583911496,6.313484071082214
Si,877,13.215008964501125,0.4285714286,3.2739471451781488,0.0913437525,10.94765621764882
Si,878,12.755417727123437,0.4761904762,2.624885098554088,0.05798603647,17.24553118089673
Si,879,12.571208514213948,0.5238095238,0.8356050691058272,0.03726170286,26.837206119033496
Si,880,12.881325442927396,0.5714285714,2.9804155218649617,0.07249501451,13.794052001493972
Si,881,13.351290035030999,0.619047619,3.2772758857587907,0.1075059378,9.301811792576167
Si,882,13.817326877308124,0.6666666667,3.1406088858957366,0.1846563312,5.4154655489007135
Si,883,14.24051401090447,0.7142857143,2.8794231704573936,0.2721455089,3.6745048780777436
Si,884,14.608505621363257,0.7619047619,2.5660230296777318,0.3552504188,2.8149157526060034
Si,885,14.92301139882966,0.8095238095,2.2139386824003204,0.403601109,2.4776938856230943
Si,886,15.19049040793665,0.8571428571,1.801249892271963,0.4688735335,2.1327712667748604
Si,887,15.386798859732682,0.9047619048,1.0574267535756683,0.5069553528,1.9725602944654417
Si,888,15.519983225478477,0.9523809524,0.9286050538748143,0.5675136168,1.7620722576466645
Si,889,15.36060946502997,0.09523809524,1.576874062,0.5018254163,1.992724894990537
Si,890,15.196662409573415,0.1428571429,1.7800894595576047,0.4622807737,2.1631875191265393
Si,891,15.026224334354412,0.1904761905,1.9122631000898334,0.4281745513,2.3354961124239053
Si,892,14.80224619250462,0.2380952381,2.1628308217331917,0.3860972014,2.590021363464874
Si,893,14.501533463589716,0.2857142857,2.54135793690596,0.3509495313,2.8494125531262675
Si,894,14.129579577822648,0.3333333333,2.9181885707069806,0.2859434889,3.4971945115691008
Si,895,13.700127077525273,0.380952381,3.214322185142436,0.2134864344,4.684138375398338
Si,896,13.232295483152088,0.4285714286,3.327422859191015,0.1102015268,9.074284440857674
Si,897,12.771246857594306,0.4761904762,2.9487797512217524,0.07108532016,14.067602111788814
Si,898,12.469617076305758,0.5238095238,1.148664583641581,0.04777916696,20.929624010338753
Si,899,12.597832478305675,0.5714285714,2.444434321915658,0.05762397718,17.35388720005043
Si,900,13.000858936415453,0.619047619,3.3062148671056626,0.08725954146,11.460064805158328
Si,901,13.44378090894108,0.6666666667,3.3929722468520462,0.1649541067,6.062292233916235
Si,902,13.859623431843342,0.7142857143,3.3016625523343937,0.2867726739,3.487082595424375
Si,903,14.23831348214015,0.7619047619,3.1523266549650772,0.3592618133,2.783485366325183
Si,904,14.589920352221732,0.8095238095,2.9192112465911872,0.3973163271,2.5168862485440004
Si,905,14.919648142938438,0.8571428571,2.5505231454062076,0.4231949009,2.3629774316120544
Si,906,15.207430460600444,0.9047619048,2.002414382893675,0.472367605,2.1169953007255864
Si,907,15.03991715667205,0.1428571429,1.952012607,0.4426718246,2.2590098226911186
Si,908,14.862234020584323,0.1904761905,1.9860420943393509,0.428188265,2.335421312865732
Si,909,14.669622706285326,0.2380952381,2.042404410010219,0.3973457403,2.516699938056439
Si,910,14.41702031714579,0.2857142857,2.3410526510582583,0.3723100848,2.6859331531059296
Si,911,14.073684476400333,0.3333333333,2.7922861727352433,0.3329609973,3.0033547716070585
Si,912,13.658080459912687,0.380952381,3.1418490398456695,0.22944417,4.35835872404167
Si,913,13.202880114837418,0.4285714286,3.2803061429955753,0.1223839103,8.171008734307454
Si,914,12.74958731974103,0.4761904762,3.0440556644208474,0.06812544165,14.678803920825665
Si,915,12.391749161214832,0.5238095238,1.9187813723723266,0.05446497023,18.360424980994246
Si,916,12.335489806648914,0.5714285714,1.58410938536022,0.06352325859,15.742265466170883
Si,917,12.614285515252057,0.619047619,2.984631353514651,0.07391528637,13.529001227084064
Si,918,13.009200221518109,0.6666666667,3.3847866722046867,0.117763891,8.491567249590963
Si,919,13.408294896815153,0.7142857143,3.422153549815084,0.1969385833,5.077725163061026
Si,920,13.792766446180355,0.7619047619,3.366099036612148,0.2994108653,3.339892154541661
Si,921,14.176672681962343,0.8095238095,3.2556398375177076,0.4258168234,2.348427645519841
Si,922,14.564319431329555,0.8571428571,3.0190344784492873,0.4161229668,2.4031358030777166
Si,923,14.69467990614542,0.1904761905,1.863481675,0.4133868688,2.4190415213304908
Si,924,14.530644787075751,0.2380952381,1.6753865359503382,0.4025965751,2.4838760730928033
Si,925,14.335937706162175,0.2857142857,1.817078041357098,0.3811391209,2.623713875496846
Si,926,14.0455582854064,0.3333333333,2.4187476172855327,0.3530586211,2.832390827575234
Si,927,13.646666235042055,0.380952381,2.9849465182715496,0.2398334901,4.1695594705436845
Si,928,13.187210214112463,0.4285714286,3.2279309374557883,0.1404550605,7.119714992397871
Si,929,12.72433965597744,0.4761904762,3.1055935360173557,0.07735060671,12.928146817893264
Si,930,12.327545543101095,0.5238095238,2.4200901413749936,0.06292125773,15.892880023013488
Si,931,12.131388116613662,0.5714285714,1.3518940915739985,0.08415640599,11.88263671952467
Si,932,12.253509027025652,0.619047619,2.413548558456901,0.07363490842,13.580515294406064
Si,933,12.5742309031889,0.6666666667,3.157555944286274,0.08720438009,11.467313900608453
Si,934,12.951123096276707,0.7142857143,3.3439290758962543,0.1429432211,6.995784706015695
Si,935,13.341716785626552,0.7619047619,3.361291676855622,0.2111465911,4.736046150640411
Si,936,13.75281626045001,0.8095238095,3.355963727615236,0.2967132357,3.370257473148509
Si,937,14.412066200964555,0.2380952381,1.278921146,0.3977046722,2.514428594635957
Si,938,14.286272664508315,0.2857142857,1.186550237251038,0.3971097575,2.518195489064506
Si,939,14.070663804707218,0.3333333333,1.9008504069687575,0.3952514231,2.5300351663680067
Si,940,13.70656662976222,0.380952381,2.8322856873473157,0.2604320213,3.839773600067666
Si,941,13.234062090288013,0.4285714286,3.296937597562849,0.1644019951,6.082651243932501
Si,942,12.734413532030032,0.4761904762,3.2951989850953662,0.09239191136,10.823458301490865
Si,943,12.280456576989923,0.5238095238,2.8708951531015034,0.07634652837,13.098172521397125
Si,944,11.967914534380409,0.5714285714,1.9329504365847816,0.1007084612,9.929652266397651
Si,945,11.933604088410645,0.619047619,1.9777400612419085,0.120174891,8.321205799970311
Si,946,12.164213576936206,0.6666666667,2.8577145013151832,0.08457196196,11.824249749260517
Si,947,12.514549174628149,0.7142857143,3.2062809774524794,0.1012132847,9.880125943585742
Si,948,12.91117540768742,0.7619047619,3.322342176931139,0.152789364,6.5449581948649245
Si,949,14.243310100648939,0.2857142857,0.6535514344,0.394429693,2.535306083053945
Si,950,14.128642508531811,0.3333333333,1.2979312600358464,0.4095734439,2.441564546953773
Si,951,13.82360589791172,0.380952381,2.6392494236068225,0.2934781473,3.4074087259988644
Si,952,13.350386523559914,0.4285714286,3.417891445673556,0.1906198048,5.246044612464109
Si,953,12.807723526480405,0.4761904762,3.612523285937992,0.1120214407,8.926862516239714
Si,954,12.277543638869336,0.5238095238,3.3908246815200673,0.09105476856,10.982401205501455
Si,955,11.841142923953793,0.5714285714,2.7098192524770717,0.1188421659,8.414521835974044
Si,956,11.646616875421788,0.619047619,1.897887012933809,0.1704286701,5.867557374080571
Si,957,11.785529884879374,0.6666666667,2.526014068548067,0.1261623421,7.926295464674954
Si,958,12.109549268435302,0.7142857143,2.9968471982948945,0.08531343642,11.721483062491787
Si,959,14.162862115226256,0.3333333333,0.4043260685,0.4370698257,2.2879639389391047
Si,960,13.943472300568892,0.380952381,2.4636434543768018,0.3111042296,3.214356813103257
Si,961,13.486249955603618,0.4285714286,3.4119367865736536,0.2122495132,4.71143601190601
Si,962,12.927668868397799,0.4761904762,3.8438625273654137,0.1366954936,7.315530114885953
Si,963,12.337295740971275,0.5238095238,3.887410492407367,0.1068557378,9.358411823159953
Si,964,11.78126517698203,0.5714285714,3.5496225922723124,0.1387040061,7.209597099012701
Si,965,11.408295688509003,0.619047619,2.0732753947750777,0.2383201005,4.196037169764453
Si,966,11.471748022080074,0.6666666667,1.89553831363272,0.2219528694,4.505461013877751
Si,967,13.911174693530608,0.380952381,2.859452433,0.2304368783,4.339583175129308
Si,968,13.53994210274028,0.4285714286,3.2857269562226192,0.198559186,5.036281726094506
Si,969,13.021312076616994,0.4761904762,3.8220924854046627,0.1469374185,6.80561840685938
Si,970,12.423585293720972,0.5238095238,4.139167969042648,0.1032763116,9.68276252809168
Si,971,11.799150756430338,0.5714285714,4.193779287826507,0.1022226859,9.782564322153073
Si,972,11.288753610203319,0.619047619,0.7005996068203475,0.2796623239,3.575740865106928
Si,973,13.361430786399131,0.4285714286,3.33241027,0.1722544933,5.805363801212377
Si,974,12.982174750885248,0.4761904762,3.6735198034218977,0.1078934272,9.268405184185307
Si,975,12.450596938563926,0.5238095238,4.1120245501986465,0.07818650431,12.789931060674121
Si,976,11.874151449066527,0.5714285714,2.635041572288389,0.08656169501,11.552454002714198
Si,977,12.730507037346205,0.4761904762,3.784453639,0.06893588505,14.50623284628446
Si,978,12.331608993206702,0.5238095238,3.495321853586716,0.05079500062,19.68697682437394
Si,979,15.342028324367671,0.1428571429,1.4250080900827578,0.4915110724,2.0345421622286124
Si,980,15.147215069600012,0.1904761905,1.9804597000762874,0.4586453646,2.1803338203845875
Si,981,14.896529394580975,0.2380952381,2.355624403373703,0.4099066947,2.43957957488807
Si,982,14.596326095174117,0.2857142857,2.7142892832644567,0.3767691998,2.654144766957673
Si,983,14.246916484814324,0.3333333333,2.9955094786132217,0.3121629978,3.203454628023181
Si,984,13.84611176286503,0.380952381,3.220208935464212,0.2425791067,4.122366569832867
Si,985,13.399329582687677,0.4285714286,3.3570772494328294,0.1421594295,7.034355747748693
Si,986,12.933936035141235,0.4761904762,3.2030498409382253,0.0711920194,14.046518253420972
Si,987,12.553405787645916,0.5238095238,1.881438497597443,0.04510464175,22.170667168640133
Si,988,15.015567131562145,0.1904761905,2.090097202912789,0.4475943354,2.2341658973550986
Si,989,14.78376265679427,0.2380952381,2.2945934956772422,0.4268644504,2.3426640449044993
Si,990,14.51783011011437,0.2857142857,2.606222040779685,0.4016854792,2.489509956873741
Si,991,14.193759344976613,0.3333333333,2.9412217616170837,0.3603866236,2.774797771378771
Si,992,13.8092341317477,0.380952381,3.199509836300183,0.2746495137,3.6410040801758026
Si,993,13.378350241230189,0.4285714286,3.3475766351006264,0.164637865,6.073936879587208
Si,994,12.92663229702809,0.4761904762,3.257059689090934,0.07897871978,12.661638512064522
Si,995,12.522320960372587,0.5238095238,2.4486089574575294,0.05597786683,17.864203418771112
Si,996,12.363930681979426,0.5714285714,1.1276739498457664,0.06694604745,14.937401655368378
Si,997,12.5986170214568,0.619047619,2.797309157490024,0.08410559052,11.889816049293461
Si,998,13.006842409472828,0.6666666667,3.3602480207516967,0.1016204394,9.84054001246525
Si,999,13.430550520859889,0.7142857143,3.4201223587048575,0.1848969463,5.408418148656033
Si,1000,13.828069288473822,0.7619047619,3.338454211198914,0.3041423472,3.2879341177123655
Si,1001,14.198987984336089,0.8095238095,3.1739353654109537,0.3982571395,2.5109405477462885
Si,1002,14.55163268470298,0.8571428571,2.9039294433600014,0.4104483232,2.43636030037508
Si,1003,14.878748032972503,0.9047619048,2.5199940283621274,0.430365659,2.323605471504407
Si,1004,14.650533466650305,0.2380952381,2.0347585106526678,0.4214241362,2.37290632904191
Si,1005,14.419183438132285,0.2857142857,2.1762335232041163,0.4141750115,2.4144382742414674
Si,1006,14.14037008561215,0.3333333333,2.585075143406868,0.4081716953,2.449949400006816
Si,1007,13.777536139365965,0.380952381,3.0203509841610248,0.280307716,3.5675079311766074
Si,1008,13.349881227305739,0.4285714286,3.270762021356273,0.1733062985,5.770130737631558
Si,1009,12.89894711005752,0.4761904762,3.2510273538515557,0.08865617195,11.27953055049542
Si,1010,12.481356184161724,0.5238095238,2.736334627588941,0.07068537982,14.147197094314205
Si,1011,12.220821059066898,0.5714285714,1.4033568768474727,0.07812753323,12.79958496905432
Si,1012,12.284966978739114,0.619047619,2.0856588295103538,0.06829067055,14.643288635858914
Si,1013,12.59725796874985,0.6666666667,3.072870671573525,0.07886109486,12.680523923428574
Si,1014,12.982669369434293,0.7142857143,3.353325151725053,0.1300956052,7.68665473720399
Si,1015,13.373318938084653,0.7619047619,3.375988882231377,0.2086629834,4.792416861418268
Si,1016,13.763514636626052,0.8095238095,3.3092356200233373,0.2957507169,3.381225954350341
Si,1017,14.160842682505482,0.8571428571,3.1692835936761723,0.4290505329,2.330727789197439
Si,1018,14.34565975111447,0.2857142857,1.630577111300053,0.4127197574,2.422951608373862
Si,1019,14.120841240925712,0.3333333333,2.039196478521784,0.4332988229,2.3078761057026633
Si,1020,13.798999542625124,0.380952381,2.753253174040566,0.297464033,3.3617509650317956
Si,1021,13.370552847455407,0.4285714286,3.2409060281447757,0.1913226005,5.226774031853075
Si,1022,12.896348233977685,0.4761904762,3.3360027356099384,0.1019145874,9.812138041388959
Si,1023,12.444751731363365,0.5238095238,3.0103719830567135,0.08159625523,12.255464385972655
Si,1024,12.10477760111463,0.5714285714,2.07065170519935,0.0803169756,12.450668025403086
Si,1025,12.016856172254533,0.619047619,1.6453017184380234,0.09909692029,10.091130956174743
Si,1026,12.211708723969192,0.6666666667,2.675382416557915,0.08017309392,12.473012467222995
Si,1027,12.547726798684819,0.7142857143,3.1697715052858326,0.09415911891,10.620320278865702
Si,1028,12.93064897627057,0.7619047619,3.3067429348080286,0.1468471328,6.809802690270844
Si,1029,13.338248942656026,0.8095238095,3.3363234861814575,0.2135284743,4.683216153153585
Si,1030,14.13718194949636,0.3333333333,1.5183347141762902,0.4230087647,2.3640172106344064
Si,1031,13.873949598524618,0.380952381,2.456959630755255,0.3340987418,2.9931271055148883
Si,1032,13.460585932959601,0.4285714286,3.267593466989764,0.2167378157,4.613869512204372
Si,1033,12.955290445912262,0.4761904762,3.5639077140057283,0.1224511511,8.166521841704434
Si,1034,12.444061213769517,0.5238095238,3.403488456686477,0.09180847173,10.892241000818586
Si,1035,12.010021837772795,0.5714285714,2.766147219755187,0.08763029018,11.411579237566322
Si,1036,11.777244415415261,0.619047619,1.852610410999072,0.1490668107,6.708401389310733
Si,1037,11.851514176242905,0.6666666667,2.3608829516359373,0.1228340259,8.141066717247439
Si,1038,12.136990776455603,0.7142857143,2.966230356215279,0.08791368094,11.374793880857833
Si,1039,12.511387749486461,0.7619047619,3.2180592615168204,0.1060896625,9.425989077870806
Si,1040,13.958156791872144,0.380952381,2.2413975787136162,0.348393513,2.8703175078922896
Si,1041,13.58335515307453,0.4285714286,3.235140143806099,0.2424131083,4.125189462784509
Si,1042,13.07058984495628,0.4761904762,3.7689549500817683,0.1488227886,6.719401036676986
Si,1043,12.505982721886657,0.5238095238,3.8477952989314983,0.1086566426,9.20330295572744
Si,1044,11.968774561537943,0.5714285714,3.5044123239678218,0.1011999868,9.881424213782605
Si,1045,11.573187354017604,0.619047619,2.4771554647387175,0.1883322898,5.309763934065438
Si,1046,11.519467082610948,0.6666666667,1.999598753507213,0.2138456452,4.676270115600184
Si,1047,11.764399873028808,0.7142857143,2.6290907858261474,0.1247980032,8.012948720000033
Si,1048,13.647771515192247,0.4285714286,3.211530840340663,0.2335324971,4.282059295464109
Si,1049,13.17659714339437,0.4761904762,3.7711432231773445,0.1752441998,5.706322954718414
Si,1050,12.605353692099257,0.5238095238,4.106212737498397,0.123911911,8.0702491950108
Si,1051,12.001114223678387,0.5714285714,4.125359141111328,0.1013246457,9.86926717672204
Si,1052,11.447870626672275,0.619047619,3.4416061464665972,0.2140715437,4.671335492406224
Si,1053,11.291855468424457,0.6666666667,0.8962558441103372,0.2852595928,3.505578866548813
Si,1054,13.1649367742634,0.4761904762,3.6658176179562676,0.1568444095,6.375745257276766
Si,1055,12.65848501541365,0.5238095238,4.091512612038884,0.1125376787,8.885912803175671
Si,1056,12.058339637608032,0.5714285714,4.369436252591925,0.08479609471,11.792995932418453
Si,1057,11.485071027197295,0.619047619,3.6681159104091314,0.1800792526,5.553110564165014
Si,1058,12.56866247598367,0.5238095238,4.0212895596880385,0.07608759397,13.142747034349416
Si,1059,12.065137913945861,0.5714285714,2.25261123193896,0.07007667204,14.270084050640943
Si,1060,14.483721945302626,0.2857142857,2.5887775420057886,0.4233552206,2.3620825995313117
Si,1061,14.153220012210326,0.3333333333,2.8993103750983686,0.4339937499,2.3041806482937095
Si,1062,13.791907895980692,0.380952381,3.183980542671083,0.3016854131,3.3147111413985693
Si,1063,13.397877093296737,0.4285714286,3.3436389050568214,0.2002922809,4.992703640432705
Si,1064,12.980839789462033,0.4761904762,3.328202793237458,0.1151959359,8.680861804604689
Si,1065,12.573740150513427,0.5238095238,2.9434145906346822,0.0747415489,13.37943907662315
Si,1066,12.27579115673461,0.5714285714,1.7081562368613492,0.07158759164,13.968901273125717
Si,1067,14.130134568616251,0.3333333333,2.4399164705922107,0.4538827302,2.2032122692999523
Si,1068,13.795989419721634,0.380952381,2.899465490549447,0.3108908368,3.2165631200102323
Si,1069,13.402133509221544,0.4285714286,3.257103325840418,0.2066024063,4.840214680500553
Si,1070,12.969241745406777,0.4761904762,3.3449039904363578,0.127165852,7.863746314537334
Si,1071,12.543154445874029,0.5238095238,3.0845970525953654,0.08080120374,12.376053248139396
Si,1072,12.19741848174167,0.5714285714,2.238602032984911,0.07131928006,14.021453934458014
Si,1073,12.067184274091455,0.619047619,1.375251485994506,0.09821256148,10.181996935327259
Si,1074,12.231852479693757,0.6666666667,2.4509303534633013,0.07497744503,13.33734431201116
Si,1075,12.570837339421868,0.7142857143,3.131835789305275,0.08753847424,11.42354843035473
Si,1076,12.966313854679287,0.7619047619,3.3311337260702634,0.1409823786,7.093085036089751
Si,1077,13.37108278407787,0.8095238095,3.2939733585414057,0.2125518659,4.704734045809193
Si,1078,13.769358112220837,0.8571428571,3.113644015811512,0.3060882961,3.2670311565042556
Si,1079,13.842774535173204,0.380952381,2.5967042332669954,0.3348354117,2.986541939882878
Si,1080,13.46545924776778,0.4285714286,3.2068355195237848,0.2265567694,4.413904747354683
Si,1081,13.01009281336855,0.4761904762,3.4904615856945016,0.1435066013,6.968320557669007
Si,1082,12.537953910094403,0.5238095238,3.360896386357105,0.09141845505,10.938710345225857
Si,1083,12.125337843043575,0.5714285714,2.7718241421527487,0.08263925403,12.100786868634806
Si,1084,11.879653136237922,0.619047619,1.7951953144909014,0.1230426794,8.127261246880812
Si,1085,11.91210896557133,0.6666666667,2.1035414277986395,0.1153160731,8.671818013893157
Si,1086,12.173906959674799,0.7142857143,2.8925525860780006,0.08620214346,11.60063961128792
Si,1087,12.542923499319206,0.7619047619,3.2483302300694312,0.1026040078,9.746207983895149
Si,1088,12.954247976260362,0.8095238095,3.3470415903120885,0.1506029496,6.6399761934011945
Si,1089,13.556152151468847,0.4285714286,3.1403356084849943,0.2474540056,4.041155032327349
Si,1090,13.103405439263899,0.4761904762,3.651783470723201,0.1623234313,6.160540052605456
Si,1091,12.587045759995368,0.5238095238,3.740807552973962,0.1057132161,9.459555170983016
Si,1092,12.0886043585582,0.5714285714,3.3862673772282292,0.09426261436,10.608659719333506
Si,1093,11.710361129397928,0.619047619,2.5145442635834416,0.1509264774,6.625742661108448
Si,1094,11.603430461726502,0.6666666667,1.9985180671498153,0.1821786938,5.489116093333193
Si,1095,11.793579736591084,0.7142857143,2.6563673068663474,0.1290742815,7.747476789169654
Si,1096,12.138214719348264,0.7619047619,3.094634594049119,0.08845945861,11.304613612986254
Si,1097,13.191045529931092,0.4761904762,3.674028135967732,0.1749774701,5.7150214792138545
Si,1098,12.675041886636455,0.5238095238,4.002939101659627,0.123802946,8.077352214219523
Si,1099,12.114842835053814,0.5714285714,3.9744358355088356,0.1046842198,9.55253811807078
Si,1100,11.600561238694134,0.619047619,3.4031580996940978,0.1759324039,5.6840012290652275
Si,1101,11.328751311641925,0.6666666667,1.8274524108464032,0.2651439865,3.7715356595500236
Si,1102,11.463273298290032,0.7142857143,2.118604011239402,0.2356597317,4.243406341788685
Si,1103,12.726834548175205,0.5238095238,4.027294745529747,0.1356492849,7.37195187381338
Si,1104,12.170692717373697,0.5714285714,4.289882376909073,0.09709330426,10.299371389423142
Si,1105,11.575966024253551,0.619047619,4.229817123493388,0.1667900764,5.99556053683779
Si,1106,11.212991501220785,0.6666666667,1.3536120867926555,0.3134220775,3.190585704671682
Si,1107,12.168031654682947,0.5714285714,4.331259396273194,0.07995971582,12.5062975742827
Si,1108,11.620957804088052,0.619047619,3.4450884580979357,0.1385708363,7.216525689684389
Si,1109,13.419610978790129,0.4285714286,3.2211189981604043,0.225217166,4.440158882027669
Si,1110,12.995779385448918,0.4761904762,3.4100199182336657,0.1489215388,6.714945387067139
Si,1111,12.564397448184891,0.5238095238,3.2998634120286003,0.09610885335,10.404868699851157
Si,1112,12.179104514482338,0.5714285714,2.8081396057954815,0.08497200312,11.768582159794093
Si,1113,11.927568078306557,0.619047619,1.8672979982610962,0.1182498682,8.456669045149939
Si,1114,13.069427945435082,0.4761904762,3.510305010545344,0.1587403343,6.299596157521762
Si,1115,12.602715480875236,0.5238095238,3.584870326707273,0.1075833729,9.295116643438124
Si,1116,12.14925194276435,0.5714285714,3.2641698177135825,0.09503120685,10.522859102257103
Si,1117,11.795189902375698,0.619047619,2.5170983222122225,0.1318747062,7.5829552824436925
Si,1118,11.66343083280727,0.6666666667,1.9198486270686812,0.159041854,6.287653060181253
Si,1119,11.817649550325083,0.7142857143,2.584763891545859,0.1312026265,7.621798638306985
Si,1120,12.157840339789395,0.7619047619,3.176393262388959,0.09408762849,10.62838989619431
Si,1121,12.578221746809469,0.8095238095,3.4273708891124715,0.1065407601,9.38607908429968
Si,1122,12.672670643505526,0.5238095238,3.7982035538985737,0.1181546691,8.46348271817893
Si,1123,12.167167986060313,0.5714285714,3.756103207701194,0.1032733812,9.683037278148108
Si,1124,11.700582742004228,0.619047619,3.26285140734844,0.1402646111,7.129382045532938
Si,1125,11.411398170617517,0.6666666667,2.2672515544863834,0.2340874339,4.27190807870187
Si,1126,11.463567561455864,0.7142857143,2.350128270673132,0.2336747452,4.279452617543712
Si,1127,11.76697026196538,0.7619047619,2.9514753596674446,0.1224880632,8.164060838868746
Si,1128,12.210127914313833,0.5714285714,4.052553216105794,0.1102611234,9.069379752029626
Si,1129,11.671860308846991,0.619047619,3.962387168190725,0.1314215475,7.609102304932149
Si,1130,11.219097749584357,0.6666666667,2.8710460858591986,0.3112786568,3.212555625497032
Si,1131,11.184734640835476,0.7142857143,1.6213679765496667,0.3163843835,3.1607122606290083
Si,1132,11.670463993193215,0.619047619,4.328576617379037,0.125527479,7.966383201243132
Si,1133,11.169149210005017,0.6666666667,2.831808388082833,0.3352312215,2.983015709352716
Si,1134,12.1776710345578,0.5714285714,3.515687821164268,0.09953679885,10.046535668752824
Si,1135,11.750483395044293,0.619047619,3.127993535711265,0.1200316424,8.33113652371385
Si,1136,11.459214710367938,0.6666666667,2.384319829454543,0.2192873236,4.560227119302577
Si,1137,11.727565692802493,0.619047619,3.654876326951125,0.1165594476,8.579313136689917
Si,1138,11.299042086006528,0.6666666667,3.1037671677651,0.2735811497,3.6552225951845245
Si,1139,11.134603246550464,0.7142857143,2.251245895371139,0.3345723636,2.988890024388135
Si,1140,11.367367317399824,0.7619047619,2.851111385172881,0.2725099986,3.66959012563732
Si,1141,11.210776794934134,0.6666666667,3.8201748350768665,0.3136837784,3.1879238547198017
Si,1142,10.909968187898412,0.7142857143,1.7166123938278017,0.4332105473,2.3083463831444897
Si,1143,10.92396470490381,0.7142857143,2.7464681880645174,0.4104771014,2.4361894892293257
Si,1144,15.651054295284258,0.0,0.0,0.6035843323,1.6567693137252761
Si,1145,15.608550100844083,0.04761904762,0.534886959580808,0.5964845622,1.6764893232303004
Si,1146,15.496963530382942,0.09523809524,0.8758750761643994,0.529292504,1.8893144951850667
Si,1147,15.352558502416757,0.1428571429,0.9582563061355218,0.5288269603,1.8909777206379697
Si,1148,15.210963366111704,0.1904761905,0.866601944781756,0.5420547131,1.8448322204985916
Si,1149,15.090499557868595,0.2380952381,0.6963209224173057,0.5030781016,1.9877629275048532
Si,1150,14.997931715036488,0.2857142857,0.508737745133934,0.4546575712,2.19945748920589
Si,1151,14.934027698145375,0.3333333333,0.32705573821769846,0.4330905481,2.3089859716104946
Si,1152,14.896019449410913,0.380952381,0.16952045431168675,0.4523894557,2.210484765726161
Si,1153,14.87941265128246,0.4285714286,0.05739534142161518,0.4742349034,2.1086596385684757
Si,1154,14.87503203720626,0.4761904762,0.009040422886311503,0.5222752972,1.914699020537937
Si,1155,15.579310847023244,0.04761904762,0.8091696326,0.581918994,1.7184522421689503
Si,1156,15.470249525973715,0.09523809524,1.185228313740146,0.5393484701,1.8540888784102625
Si,1157,15.319220184388696,0.1428571429,1.3998331843837335,0.4932081843,2.0275413746819284
Si,1158,15.159055150126521,0.1904761905,1.3279373222258646,0.4939701177,2.0244139557594134
Si,1159,15.037787668308129,0.2380952381,1.1382622840633696,0.485128027,2.061311539108418
Si,1160,14.950967699879588,0.2857142857,0.9281307897511487,0.4483501288,2.230399716124716
Si,1161,14.891411741921065,0.3333333333,0.7645602294558201,0.4288180301,2.3319914971084605
Si,1162,14.852688656717453,0.380952381,0.6717137688355729,0.43322721,2.3082575999785426
Si,1163,14.832426373532119,0.4285714286,0.6378560763832894,0.4732782526,2.112921932301776
Si,1164,14.827386498301346,0.4761904762,0.6243745581116075,0.5271969042,1.8968244920130166
Si,1165,14.830951424195607,0.5238095238,0.5973838322311217,0.5007899732,1.9968450917858753
Si,1166,14.838518329781804,0.5714285714,0.5622569287922973,0.4969632287,2.0122213118581986
Si,1167,14.854008683040808,0.619047619,0.5470429933717369,0.4537932627,2.2036466430774095
Si,1168,14.888601159527479,0.6666666667,0.5827600243723161,0.442423104,2.260279788643226
Si,1169,14.948051015251641,0.7142857143,0.47539602231317984,0.4232362772,2.3627464229098933
Si,1170,15.026937755936117,0.7619047619,0.6210410644448483,0.4531759377,2.2066484930230224
Si,1171,15.129897966143636,0.8095238095,0.7777664351751781,0.4812024391,2.078127454778315
Si,1172,15.253165053159993,0.8571428571,0.9454314006033813,0.5022992451,1.9908451182340827
Si,1173,15.410842056393998,0.9047619048,1.3182745539232807,0.5303146245,1.885673058597689
Si,1174,15.55697906574669,0.9523809524,0.8010910338212954,0.5768696448,1.733493882047995
Si,1175,15.36713182558381,0.09523809524,1.558403557,0.5044229924,1.9824631610111356
Si,1176,15.205448956094159,0.1428571429,1.7863578364959256,0.465179724,2.149706765809079
Si,1177,15.030987313406742,0.1904761905,1.730403476814702,0.4503708267,2.2203924870695895
Si,1178,14.903630380437466,0.2380952381,1.5195108454837798,0.4438212443,2.253159380816057
Si,1179,14.82253105500173,0.2857142857,1.3033784811449005,0.4361774411,2.29264493247998
Si,1180,14.772386275786006,0.3333333333,1.147536308539285,0.4280299377,2.3362851798952566
Si,1181,14.737141381807316,0.380952381,1.069747403225602,0.4279844327,2.336533582988894
Si,1182,14.712982703910845,0.4285714286,1.0502363330526485,0.5132540532,1.9483528552093665
Si,1183,14.7031880843045,0.4761904762,1.0528234541265713,0.4953035875,2.0189637734049324
Si,1184,14.706977428217815,0.5238095238,1.0433653947422623,0.4900675995,2.040534818095029
Si,1185,14.7183589292406,0.5714285714,1.0129246878157185,0.4937004604,2.0255196829060926
Si,1186,14.73540230211035,0.619047619,0.9832876044112755,0.4690023513,2.1321854724782483
Si,1187,14.766947671267856,0.6666666667,0.9813460755140736,0.4535378012,2.204887877822167
Si,1188,14.827349318115091,0.7142857143,1.0260210660615836,0.4662700148,2.144680052885099
Si,1189,14.924484895081541,0.7619047619,1.1005340113218494,0.4990498839,2.0038076999139847
Si,1190,15.053000534923854,0.8095238095,1.1451491386932227,0.5205854339,1.9209142916436102
Si,1191,15.160149661853264,0.8571428571,0.7555115526504428,0.4547444297,2.199037381633704
Si,1192,15.269170982490946,0.9047619048,0.956511426548141,0.4672224481,2.140308121038673
Si,1193,15.04526058971733,0.1428571429,1.992321085,0.4468164971,2.238055234062216
Si,1194,14.863385656203238,0.1904761905,1.8997197171706885,0.4220611568,2.369324880739653
Si,1195,14.727164273551674,0.2380952381,1.6501138044052979,0.4330430651,2.309239151004707
Si,1196,14.648628547502636,0.2857142857,1.4216297775620352,0.435509374,2.296161827276765
Si,1197,14.608581450735892,0.3333333333,1.2776289297602137,0.4119873789,2.4272588220299
Si,1198,14.580486966589723,0.380952381,1.2127066450831328,0.4300137022,2.325507291706948
Si,1199,14.554601958898774,0.4285714286,1.2014413115345084,0.4981363972,2.0074822992677315
Si,1200,14.537921645510556,0.4761904762,1.2085892117110344,0.4701482175,2.1269888149687604
Si,1201,14.537570431931439,0.5238095238,1.2110408495045157,0.4685171359,2.1343936504671186
Si,1202,14.550541793751194,0.5714285714,1.1938867928546832,0.4914381196,2.034844185090765
Si,1203,14.570357844673284,0.619047619,1.1650493361198826,0.466514596,2.143555654151494
Si,1204,14.600546387701494,0.6666666667,1.1481860119003438,0.4686646482,2.133721849601201
Si,1205,14.656584044206335,0.7142857143,1.1709050882046292,0.4749312735,2.105567806959758
Si,1206,14.752518453352478,0.7619047619,1.2412421334316173,0.5108433975,1.957547077820459
Si,1207,14.886589455370741,0.8095238095,1.3009839940283034,0.4998313712,2.0006747427621248
Si,1208,15.04018964266702,0.8571428571,1.2839116498283218,0.5174987034,1.9323719913304809
Si,1209,14.703104274903017,0.1904761905,1.756512347,0.4095644067,2.4416184210374645
Si,1210,14.557341005920089,0.2380952381,1.503101697579929,0.4082190189,2.4496653847599554
Si,1211,14.475570213737193,0.2857142857,1.2607102406473918,0.421562651,2.372126652178207
Si,1212,14.441126208122284,0.3333333333,1.1416532333334004,0.4119860594,2.427266596001719
Si,1213,14.420078702194221,0.380952381,1.103902989722241,0.4423964342,2.260416049257569
Si,1214,14.395013420446118,0.4285714286,1.1058323559981236,0.4638986161,2.1556434214161047
Si,1215,14.372261204331043,0.4761904762,1.1101265426347384,0.4436168806,2.254197357520484
Si,1216,14.365125274415247,0.5238095238,1.1095477826439735,0.4425948316,2.2594027959724596
Si,1217,14.376454438926542,0.5714285714,1.1014406518429511,0.4588462181,2.1793794098180017
Si,1218,14.39867940813769,0.619047619,1.0777245212998765,0.4515257525,2.2147131021059536
Si,1219,14.429747809029344,0.6666666667,1.0515614576944978,0.4720409676,2.11846019442826
Si,1220,14.483143631943662,0.7142857143,1.0609823069375715,0.4755560371,2.1028016090346044
Si,1221,14.577382996382491,0.7619047619,1.1492570749389814,0.5029338997,1.9883328616275415
Si,1222,14.715811936080664,0.8095238095,1.2561113678643627,0.4878048399,2.0500001603202627
Si,1223,14.438259149597144,0.2380952381,1.209642748,0.3948593431,2.532547393076996
Si,1224,14.342255305923977,0.2857142857,0.9527901513591914,0.4126835464,2.423164210745476
Si,1225,14.304877831200825,0.3333333333,0.8464590841782662,0.4254847074,2.350260732308519
Si,1226,14.286421028746265,0.380952381,0.8421782966546321,0.4639835028,2.1552490421864197
Si,1227,14.262684469547608,0.4285714286,0.8643200168522771,0.4442949582,2.250757028734611
Si,1228,14.23612976332092,0.4761904762,0.8669349999252884,0.4199971237,2.380968686619603
Si,1229,14.222235522465052,0.5238095238,0.8515273360572679,0.4138181979,2.416520116985411
Si,1230,14.229658841644689,0.5714285714,0.8427265479170282,0.4500194975,2.222125942443194
Si,1231,14.253134475863444,0.619047619,0.8261756637999117,0.4340781566,2.303732599292005
Si,1232,14.287059228927216,0.6666666667,0.797910385712371,0.4362307371,2.292364831162192
Si,1233,14.341070785710722,0.7142857143,0.8109425914572206,0.4612396449,2.1680703535725057
Si,1234,14.434935177920526,0.7619047619,0.9490994837401779,0.5072804843,1.9712960205435606
Si,1235,14.269180932409105,0.2857142857,0.7352847549,0.409002731,2.4449714493471193
Si,1236,14.21478771411432,0.3333333333,0.5637128930791572,0.4185225356,2.3893575971157333
Si,1237,14.193265649526241,0.380952381,0.5678523708143315,0.4638062131,2.1560728850874464
Si,1238,14.169276952292089,0.4285714286,0.6043942144145604,0.4244182742,2.356166218066206
Si,1239,14.140859728977668,0.4761904762,0.6064308741091214,0.3935072043,2.541249535135893
Si,1240,14.121906724382386,0.5238095238,0.5718742404771745,0.3914661272,2.55449943307381
Si,1241,14.124640589318753,0.5714285714,0.5552807447386182,0.4147153123,2.4112926876367955
Si,1242,14.147893540307331,0.619047619,0.5542468157219228,0.390282812,2.5622445294875043
Si,1243,14.185506156909605,0.6666666667,0.5456968081855323,0.3949184149,2.5321685752567826
Si,1244,14.243208368809313,0.7142857143,0.6000692281076259,0.4317177568,2.3163281663748325
Si,1245,14.162862236184012,0.3333333333,0.4043256339,0.4330775892,2.309055062967456
Si,1246,14.136015327848005,0.380952381,0.3955184201181656,0.4577886365,2.184414203999142
Si,1247,14.110720463502942,0.4285714286,0.41605684584852676,0.4008309873,2.494817096692065
Si,1248,14.082314514724692,0.4761904762,0.4069769156796321,0.3663470235,2.729652312843208
Si,1249,14.060712972932677,0.5238095238,0.35127716673016196,0.3608487392,2.7712442676590623
Si,1250,14.059032748733667,0.5714285714,0.3206258287112718,0.3802429799,2.6298973363373856
Si,1251,14.080310165117874,0.619047619,0.35034079567232673,0.360414819,2.7745806978042156
Si,1252,14.120508400193227,0.6666666667,0.39869697044117836,0.372756129,2.6827191351158173
Si,1253,14.08686676149152,0.380952381,0.3716225938,0.4751094272,2.104778273698712
Si,1254,14.072181872300911,0.4285714286,0.32645971227618514,0.3904819812,2.560937631300873
Si,1255,14.049171255403332,0.4761904762,0.2755096916076828,0.356533516,2.8047853991937184
Si,1256,14.028586129599034,0.5238095238,0.20168298113851457,0.3487085536,2.8677243207147987
Si,1257,14.023973290953823,0.5714285714,0.14709900932429168,0.3496034837,2.8603833961165988
Si,1258,14.04174213502602,0.619047619,0.22125063069096035,0.3455965455,2.893547441434133
Si,1259,14.034137393535202,0.4285714286,0.2147544101,0.4595798315,2.175900532310457
Si,1260,14.02904365708859,0.4761904762,0.16197193104047397,0.3794417982,2.635450297631443
Si,1261,14.015985121331854,0.5238095238,0.09595175510531571,0.3415925023,2.927464722635395
Si,1262,14.011841807275806,0.5714285714,0.029026608051796726,0.3434743118,2.9114258785742475
Si,1263,14.013763927889723,0.4761904762,0.01020426222,0.4039037278,2.475837510702965
Si,1264,14.015597227313002,0.5238095238,0.026930287388223735,0.3824795784,2.6145186736066535
Si,1265,15.348697642229762,0.1428571429,1.5296410189411713,0.5001541941,1.9993834137479247
Si,1266,15.205377777228959,0.1904761905,1.3128888105426848,0.4631529529,2.1591139465668294
Si,1267,15.079423971745028,0.2380952381,1.2651731193029507,0.4423827896,2.2604857682284485
Si,1268,14.970437295955358,0.2857142857,1.1798499516947556,0.4540868935,2.202221676763723
Si,1269,14.882741111128471,0.3333333333,1.0102536796576855,0.4280401056,2.3362296824926303
Si,1270,14.820079954286555,0.380952381,0.8854028501827896,0.4279816652,2.3365486919461613
Si,1271,14.782099296653028,0.4285714286,0.8377302992943968,0.4505546187,2.219486735893048
Si,1272,14.764488367706916,0.4761904762,0.8311561414385163,0.4999298508,2.000280636172806
Si,1273,14.759240406937346,0.5238095238,0.833834983968796,0.4919896409,2.0325631209850132
Si,1274,15.066862494382612,0.1904761905,1.7607105623966668,0.436681393,2.289999106969048
Si,1275,14.941473829003007,0.2380952381,1.6958772365397854,0.4009359888,2.494163726716069
Si,1276,14.838195592205102,0.2857142857,1.594983711505903,0.4143218202,2.4135827543847035
Si,1277,14.755562313920802,0.3333333333,1.3691040837573067,0.4026924362,2.483284785372385
Si,1278,14.695062915699069,0.380952381,1.1721132684397972,0.4118236377,2.428223900854538
Si,1279,14.654180611988165,0.4285714286,1.1003788404754444,0.4550948547,2.197344113369955
Si,1280,14.631082159069045,0.4761904762,1.0909355080854253,0.4941870715,2.023525214782961
Si,1281,14.623971665296253,0.5238095238,1.090163008614623,0.48501199,2.0618046988900214
Si,1282,14.627582633124,0.5714285714,1.076415782987617,0.4799092406,2.0837273288377687
Si,1283,14.636910257113227,0.619047619,1.0600733973813272,0.4965499236,2.013896191444304
Si,1284,14.654793229603566,0.6666666667,1.0559565347041406,0.4668971067,2.1417995221001442
Si,1285,14.693491410241682,0.7142857143,1.0712762393778716,0.4569489204,2.1884284114833417
Si,1286,14.767194302542318,0.7619047619,1.1138673348792543,0.4703371575,2.126134378400669
Si,1287,14.880753993227342,0.8095238095,1.156429801667145,0.485451126,2.0599396034771993
Si,1288,15.009514133259431,0.8571428571,1.094719883800686,0.4244045644,2.3562423307434153
Si,1289,15.103198142439837,0.9047619048,1.173179084191827,0.4361803735,2.2926295192417685
Si,1290,14.756355453030404,0.2380952381,1.7618115726100647,0.4032438959,2.4798887476476246
Si,1291,14.665285996691729,0.2857142857,1.664971077246274,0.3894449295,2.5677571442100393
Si,1292,14.59666334290698,0.3333333333,1.507061564450493,0.3913767438,2.5550828347404737
Si,1293,14.543490278025663,0.380952381,1.2877301703304145,0.3968202233,2.520032854384012
Si,1294,14.502058907268136,0.4285714286,1.1795587431650687,0.449875752,2.2228359620502505
Si,1295,14.472470865389509,0.4761904762,1.1610866923746934,0.4641848053,2.1543143777696594
Si,1296,14.458988156244644,0.5238095238,1.1613511504499927,0.4477148507,2.2335645074906605
Si,1297,14.461285078791796,0.5714285714,1.1506538749904527,0.4545996706,2.1997376255907914
Si,1298,14.47260588766858,0.619047619,1.1294989280196632,0.4522036116,2.211393218337578
Si,1299,14.490338103822177,0.6666666667,1.112820741927475,0.4625766688,2.161803799128401
Si,1300,14.525325440539557,0.7142857143,1.113711555427997,0.4741287738,2.1091316436783614
Si,1301,14.59662911186182,0.7619047619,1.1656356290129097,0.49518151,2.019461510184417
Si,1302,14.71521842660773,0.8095238095,1.2682810162582345,0.4888830522,2.0454789657770838
Si,1303,14.871461047508667,0.8571428571,1.333985792062874,0.4937515573,2.025310067816975
Si,1304,14.49574313460508,0.2857142857,1.37713048205781,0.3847158832,2.5993208070386213
Si,1305,14.443205390791796,0.3333333333,1.311182695095064,0.3797732854,2.633149930350525
Si,1306,14.400431796370999,0.380952381,1.1806497883469753,0.3896080102,2.566682341789286
Si,1307,14.360625574244427,0.4285714286,1.0571776208269326,0.440578308,2.269744065565752
Si,1308,14.325546419448827,0.4761904762,1.0175851648666887,0.4321087977,2.314231983525292
Si,1309,14.304115929431903,0.5238095238,1.0051267714067122,0.4197853689,2.3821697326431046
Si,1310,14.302145613518116,0.5714285714,0.990998291873363,0.4278145407,2.3374614578639075
Si,1311,14.314503439398452,0.619047619,0.963924846001163,0.4428749436,2.2579737563640303
Si,1312,14.334543936987487,0.6666666667,0.9296917393230614,0.4489550172,2.2273946424225417
Si,1313,14.368949614908999,0.7142857143,0.9109115514964851,0.4633381915,2.1582507514923903
Si,1314,14.437564514664919,0.7619047619,0.97362475438136,0.4899569616,2.0409955942546607
Si,1315,14.555822639115103,0.8095238095,1.137387601427387,0.498328052,2.0067102303123003
Si,1316,14.316922351026385,0.3333333333,0.950437721079931,0.382707654,2.6129605445518473
Si,1317,14.28815913282343,0.380952381,0.938441742747906,0.3966797842,2.5209250378532397
Si,1318,14.253215095799867,0.4285714286,0.8617803503315891,0.4161333547,2.4030758138119515
Si,1319,14.215054540559514,0.4761904762,0.7907483615886132,0.401426346,2.4911170130323237
Si,1320,14.186072863098573,0.5238095238,0.7458679901734984,0.401183083,2.492627536839583
Si,1321,14.177894886883024,0.5714285714,0.717753747658902,0.4017455315,2.489137828780057
Si,1322,14.189741480029806,0.619047619,0.6936451749869875,0.414821615,2.410674766791022
Si,1323,14.21369141666912,0.6666666667,0.656619384444075,0.415852485,2.404698868157539
Si,1324,14.251759256197372,0.7142857143,0.6377916888796776,0.4332346638,2.308217886419272
Si,1325,14.321085104267183,0.7619047619,0.742295516433869,0.458414716,2.1814308421983557
Si,1326,14.198363702254909,0.380952381,0.6718868973848283,0.3956880807,2.52724317151765
Si,1327,14.17905547496749,0.4285714286,0.6842265549353337,0.3842333468,2.6025851434506464
Si,1328,14.144360669810158,0.4761904762,0.624714748439922,0.3671207939,2.7238990997398798
Si,1329,14.110854319176278,0.5238095238,0.5320047281445559,0.3654462045,2.7363808617692187
Si,1330,14.095796515630061,0.5714285714,0.462818920427256,0.3802813727,2.629631824719665
Si,1331,14.10455102585231,0.619047619,0.4433414618016529,0.370358058,2.7000897601639333
Si,1332,14.13140290778029,0.6666666667,0.434765351262949,0.3819720921,2.617992310648184
Si,1333,14.175258146250679,0.7142857143,0.4619082914034747,0.3918687916,2.5518745596376804
Si,1334,14.11578839456708,0.4285714286,0.49505745471464063,0.3908314879,2.5586474758550284
Si,1335,14.100376143413298,0.4761904762,0.5202316846106874,0.3453252457,2.8958207152591044
Si,1336,14.069985193494663,0.5238095238,0.43114979987936386,0.3372862955,2.964840295445683
Si,1337,14.050176895009852,0.5714285714,0.2994929624780085,0.3498673008,2.8582265267814932
Si,1338,14.053739021368663,0.619047619,0.25442014936471996,0.3479514077,2.8739645188105962
Si,1339,14.080109746072687,0.6666666667,0.3011113609352176,0.359509004,2.7815715013357494
Si,1340,14.062094218204894,0.4761904762,0.359450385433867,0.3591744967,2.7841620415361743
Si,1341,14.051827761488061,0.5238095238,0.4118346207262153,0.3370570623,2.9668566894170074
Si,1342,14.03305350858401,0.5714285714,0.2799454610025627,0.3455520283,2.8939202149084884
Si,1343,14.031825349676906,0.619047619,0.17156764617031156,0.3514188132,2.8456074701694427
Si,1344,14.04289599244794,0.5238095238,0.28726398241653184,0.3654851454,2.7360893119351384
Si,1345,14.037876121401967,0.5714285714,0.3957586622798813,0.3305159307,3.0255727700692034
Si,1346,14.870329086623817,0.2857142857,1.5324231842950138,0.3856487952,2.593032864218838
Si,1347,14.798740718939353,0.3333333333,1.373481088346636,0.378260319,2.643682008844285
Si,1348,14.687416599754018,0.380952381,1.1198043276646121,0.4327023788,2.311057320214575
Si,1349,14.596030256374348,0.4285714286,1.045924786713579,0.4465505625,2.239388064817408
Si,1350,14.545039414255797,0.4761904762,1.0257472193931847,0.4519886305,2.212445031844667
Si,1351,14.522958663296333,0.5238095238,1.0155093669727107,0.4693999882,2.13037926105342
Si,1352,14.516127615364171,0.5714285714,1.0055757847525062,0.4475718162,2.2342783075356656
Si,1353,14.631432979535454,0.3333333333,1.515674694914677,0.3486029704,2.868592883338208
Si,1354,14.582849758593172,0.380952381,1.368729803899728,0.3571956746,2.7995859723660828
Si,1355,14.495140346398966,0.4285714286,1.047698933719481,0.4124625818,2.4244623491322965
Si,1356,14.42744708586215,0.4761904762,0.9534252703727769,0.4312188576,2.319008045162077
Si,1357,14.393057309111002,0.5238095238,0.9517702678668829,0.446330085,2.2404942745457097
Si,1358,14.381472030873732,0.5714285714,0.9617502331038907,0.4205134061,2.378045468928987
Si,1359,14.38083086722774,0.619047619,0.9669099761713564,0.4204184653,2.3785824899161487
Si,1360,14.385370395923067,0.6666666667,0.9723261205910092,0.4452495866,2.2459313385019994
Si,1361,14.402087018920001,0.7142857143,0.9732931956059818,0.4522281236,2.211273354782573
Si,1362,14.449130679985073,0.7619047619,1.002433567557654,0.4638456558,2.155889545360274
Si,1363,14.544882278988933,0.8095238095,1.1300574072005973,0.4864600394,2.055667308733931
Si,1364,14.691587689530735,0.8571428571,1.301788292550006,0.4869813878,2.053466569877807
Si,1365,14.434284472935696,0.380952381,1.237989000871608,0.3396477511,2.9442267665878856
Si,1366,14.398452690329707,0.4285714286,1.1421514113814908,0.349318191,2.8627195083579258
Si,1367,14.327555970239183,0.4761904762,0.8999807348309831,0.4128895587,2.421955166772785
Si,1368,14.276841510228607,0.5238095238,0.8194246887576604,0.4170368361,2.3978697166218983
Si,1369,14.25408206688757,0.5714285714,0.8179472639386228,0.3951599104,2.530621081950726
Si,1370,14.250066060870498,0.619047619,0.8122218368822135,0.3931677729,2.5434434583079226
Si,1371,14.25532564631711,0.6666666667,0.7827434866707694,0.4115983998,2.429552691375648
Si,1372,14.272384414244504,0.7142857143,0.7453025993506066,0.443073906,2.2569598129301705
Si,1373,14.31746459350905,0.7619047619,0.7659106825389623,0.455097003,2.1973337407365876
Si,1374,14.409372979426003,0.8095238095,0.9372900096797776,0.4814059576,2.077248908562323
Si,1375,14.288852464276669,0.4285714286,0.9211568385846061,0.3275210383,3.0532389772287796
Si,1376,14.256817275091656,0.4761904762,0.8886379841105454,0.34826055,2.871413371396789
Si,1377,14.197767646302887,0.5238095238,0.7054367521948423,0.3706959999,2.697628245974499
Si,1378,14.161019712140233,0.5714285714,0.6082817604570802,0.3647681187,2.7414676577654538
Si,1379,14.150382368701765,0.619047619,0.5704866157063057,0.3689214667,2.71060399099297
Si,1380,14.157393842635164,0.6666666667,0.5273357893303926,0.3823080775,2.615691529562307
Si,1381,14.179773481803107,0.7142857143,0.48705002349548404,0.407008232,2.45695276256722
Si,1382,14.228587642934011,0.7619047619,0.5498622058376362,0.419854712,2.381776294081463
Si,1383,14.187640639555642,0.4761904762,0.661031746732102,0.3136211903,3.1885600556627947
Si,1384,14.15623719204399,0.5238095238,0.6964116428109649,0.3299532813,3.0307320965563616
Si,1385,14.109973671904317,0.5714285714,0.5030749172723361,0.3351611737,2.983639151756557
Si,1386,14.089425341131316,0.619047619,0.3659548212212594,0.3423094518,2.921333298690995
Si,1387,14.094700288213032,0.6666666667,0.31231248492219843,0.3499863312,2.857254443541537
Si,1388,14.122217390056651,0.7142857143,0.33006072951811705,0.3810631161,2.624237187357635
Si,1389,14.12388249453607,0.5238095238,0.45690025074318596,0.3089384189,3.2368910398408204
Si,1390,14.094682416704472,0.5714285714,0.5577632790550863,0.3123323439,3.2017177200199662
Si,1391,14.065225658555304,0.619047619,0.3297808496057289,0.3275953637,3.0525462531141434
Si,1392,14.064048658413107,0.6666666667,0.19971564576610154,0.3404156189,2.9375855409670804
Si,1393,14.098356136143181,0.5714285714,0.3031216531676399,0.2964263329,3.373519451584458
Si,1394,14.07446820467815,0.619047619,0.49153684854819557,0.3239399574,3.0869918241212932
Si,1395,14.516268776249397,0.4285714286,1.1227453079746914,0.4498570999,2.222928125892184
Si,1396,14.39330862431544,0.4761904762,0.8909136245364773,0.4497937093,2.223241408947824
Si,1397,14.322270794269274,0.5238095238,0.7725684592935457,0.4448920238,2.2477364090697822
Si,1398,14.294204416886053,0.5714285714,0.7629430422031334,0.4197610788,2.3823075804425913
Si,1399,14.288958308680025,0.619047619,0.7637257032244881,0.3918267866,2.552148128200483
Si,1400,14.368424295371435,0.4761904762,0.8321062220512208,0.4109054068,2.4336501380881805
Si,1401,14.273075277204578,0.5238095238,0.6265789604169059,0.4247950838,2.354076207884777
Si,1402,14.220643260019989,0.5714285714,0.5280631337075279,0.3987717703,2.5077000792901916
Si,1403,14.201683426086095,0.619047619,0.5564150989256635,0.3587620147,2.7873630959403797
Si,1404,14.196464046361207,0.6666666667,0.5832186992404874,0.3576952214,2.795676151574107
Si,1405,14.199380172355305,0.7142857143,0.5580530505322109,0.3770472199,2.652187702816689
Si,1406,14.225064862860231,0.7619047619,0.5508165418175879,0.4302279818,2.324349048186433
Si,1407,14.291384071928258,0.8095238095,0.6985549565493587,0.4401948015,2.271721511913402
Si,1408,14.258533118166932,0.5238095238,0.5501661239202839,0.4025777297,2.4839923478757697
Si,1409,14.18485362482603,0.5714285714,0.47318624577097057,0.3571493011,2.7999494802875313
Si,1410,14.143994958807273,0.619047619,0.38632530288388506,0.3428794324,2.9164770630902384
Si,1411,14.12940271370904,0.6666666667,0.37032820181679643,0.3397407586,2.9434207544622817
Si,1412,14.133370576947371,0.7142857143,0.32318850751211975,0.3616062092,2.765439239033952
Si,1413,14.162897277327833,0.7619047619,0.3654413752870204,0.4178648695,2.393118141748932
Si,1414,14.182942285367956,0.5714285714,0.33405429977665785,0.3234345934,3.091815224487363
Si,1415,14.126793147191677,0.619047619,0.4719159900794772,0.3108245927,3.217248645975624
Si,1416,14.098178847085874,0.6666666667,0.2935214082915328,0.3283116838,3.045886117806204
Si,1417,14.099628053110338,0.7142857143,0.19842762215353113,0.3372069007,2.9655383621275937
Si,1418,14.142357006161147,0.619047619,0.19570534553431265,0.2881762509,3.4700985833388813
Si,1419,14.10393764906783,0.6666666667,0.4615772942556675,0.2962615306,3.3753960494795336
Si,1420,14.208371446245549,0.5714285714,0.46642842916596466,0.4176539395,2.394326750987105
Si,1421,14.1648143702371,0.619047619,0.31588880198727315,0.3748910067,2.667441955470094
Si,1422,14.152058227280689,0.6666666667,0.29759578947256227,0.3433263542,2.912680566949614
Si,1423,14.160500165152454,0.619047619,0.22970580906685323,0.3262194362,3.065421274859036
Si,1424,14.136545815146569,0.6666666667,0.13460252416503735,0.3072391174,3.2547938832218506
Si,1425,14.125074705116177,0.7142857143,0.16410392371119678,0.3059194833,3.268833972955393
Si,1426,14.13215362732291,0.7619047619,0.1772191877946251,0.3277994297,3.0506459419871286
Si,1427,14.150468667286557,0.6666666667,0.059432831508608154,0.283004474,3.5335130426241954
Si,1428,14.12882281198374,0.7142857143,0.36264889429177066,0.2827072165,3.5372284173722175
Si,1429,14.145321642581898,0.7142857143,0.21733682817728342,0.2852839224,3.5052799035687965
Si,1430,15.651054295284258,0.0,0.0,0.6112759217,1.6359224443503875
Si,1431,15.61028705900566,0.04761904762,0.5212800429147316,0.6152900893,1.6252496462890778
Si,1432,15.497338617203527,0.09523809524,0.8985867891396181,0.5459077759,1.831811240188638
Si,1433,15.352889089515251,0.1428571429,0.9614415910451163,0.5136356981,1.9469051775394892
Si,1434,15.211351374722115,0.1904761905,0.8617925568795084,0.5369423113,1.862397466086968
Si,1435,15.091380822661737,0.2380952381,0.6951186472352497,0.5093433413,1.9633122079257854
Si,1436,14.998648111224082,0.2857142857,0.5120011297732874,0.4556750493,2.1945463143882518
Si,1437,14.934027698145375,0.3333333333,0.3297073824304029,0.4341288744,2.3034634620470205
Si,1438,14.89663747351973,0.380952381,0.16759645371918827,0.4492019438,2.226170242142216
Si,1439,14.879935191974717,0.4285714286,0.060074988583071455,0.4686143889,2.133950693121792
Si,1440,14.875113721889253,0.4761904762,0.011082971235089844,0.5131679926,1.9486796028205755
Si,1441,15.632414391433871,0.04761904762,0.2271324028,0.6205112528,1.6115743195431058
Si,1442,15.564176945132534,0.09523809524,0.7076079292974584,0.5794937574,1.7256441285695203
Si,1443,15.42652197592262,0.1428571429,1.0312134678399874,0.547446304,1.826663168046523
Si,1444,15.269452360472586,0.1904761905,0.9607922423996261,0.5433103519,1.840568648292674
Si,1445,15.136958138306522,0.2380952381,0.7813289404123742,0.5346032552,1.8705460362860882
Si,1446,15.03128066143165,0.2857142857,0.6183727600108787,0.4775778077,2.093899640806111
Si,1447,14.952860765167095,0.3333333333,0.4393710112279098,0.4377995764,2.2841502228552635
Si,1448,14.90407921647558,0.380952381,0.26659813965503876,0.4322762485,2.3133355197515555
Si,1449,14.880911286057602,0.4285714286,0.14749713159770647,0.4392087537,2.27682165160817
Si,1450,14.872565167419324,0.4761904762,0.09542892080471883,0.4597913446,2.1748995750886957
Si,1451,14.868447961140138,0.5238095238,0.08546135139246794,0.4906950421,2.0379256242744095
Si,1452,14.866058160542847,0.5714285714,0.10105237284537978,0.4787467811,2.0887868900180058
Si,1453,14.872304477988738,0.619047619,0.16277225570348425,0.4281882318,2.3354214939449442
Si,1454,14.897541876258497,0.6666666667,0.2925965868420216,0.4114634787,2.4303493548429964
Si,1455,14.953405062340074,0.7142857143,0.651945202501876,0.4580229269,2.183296820463159
Si,1456,15.04940714257647,0.7619047619,0.8011769418664655,0.4998182336,2.0007273300083144
Si,1457,15.172534676172527,0.8095238095,0.9087116747977452,0.5521829913,1.8109938476114738
Si,1458,15.312267640756074,0.8571428571,0.9606928735532367,0.5453417164,1.8337126427836212
Si,1459,15.452217684724255,0.9047619048,0.8969087422452237,0.5413580116,1.8472064300747482
Si,1460,15.565078174321737,0.9523809524,0.6704352465899244,0.585119085,1.7090538073971728
Si,1461,15.562467651283168,0.09523809524,0.5792668879,0.586846844,1.7040221144990941
Si,1462,15.46310726964893,0.1428571429,0.9305928536255802,0.5581603435,1.7915998720536117
Si,1463,15.30506491510221,0.1904761905,1.1278324943228883,0.5511248979,1.8144707375957585
Si,1464,15.144409128164565,0.2380952381,0.9943610315802687,0.5294142592,1.8888799888221826
Si,1465,15.020363975603265,0.2857142857,0.8133961527715314,0.482494189,2.07256382107433
Si,1466,14.931173273339615,0.3333333333,0.6597929891825379,0.4516415914,2.2141450633459088
Si,1467,14.874582957661085,0.380952381,0.5060382701846605,0.4148162431,2.4107059852015715
Si,1468,14.849542604351718,0.4285714286,0.3878542157415989,0.4063270953,2.4610714165189465
Si,1469,14.846167203346791,0.4761904762,0.2972709764497062,0.4019592984,2.4878140746600526
Si,1470,14.849379742690001,0.5238095238,0.20508963450842074,0.4083337422,2.448977139660931
Si,1471,14.850055851986848,0.5714285714,0.13438102435973936,0.4080630716,2.4506015603887836
Si,1472,14.85188552904362,0.619047619,0.11086049057667376,0.3932649939,2.5428146809687346
Si,1473,14.867937622857369,0.6666666667,0.2048976204506962,0.3548314952,2.8182391177997097
Si,1474,14.910165823527628,0.7142857143,0.3814838219972205,0.3515898311,2.8442233294158545
Si,1475,14.979359108262239,0.7619047619,0.5313774489721993,0.3937416223,2.539736576891734
Si,1476,15.065259948936674,0.8095238095,0.6339184219130619,0.4201132203,2.38031071549214
Si,1477,15.198242563510407,0.8571428571,1.1542466699164742,0.5288943327,1.890736841317642
Si,1478,15.340369630649361,0.9047619048,1.0813089026059115,0.5590127372,1.7888680050634096
Si,1479,15.426753562280313,0.1428571429,0.934904977,0.5680922933,1.7602773559751792
Si,1480,15.30595172644512,0.1904761905,1.119083743621297,0.5585274892,1.7904221713999033
Si,1481,15.141435688883911,0.2380952381,1.1940609012390122,0.5209926057,1.9194130378422756
Si,1482,14.986724229253834,0.2857142857,1.0359833002991568,0.4618046567,2.1654177485906674
Si,1483,14.876388686673572,0.3333333333,0.860129244148274,0.4257399848,2.348851495519666
Si,1484,14.80935705074223,0.380952381,0.7165683246754586,0.3993269115,2.504213893933868
Si,1485,14.780888412423447,0.4285714286,0.6063323260744695,0.3739645242,2.6740504387127104
Si,1486,14.784033896606035,0.4761904762,0.5214070206410936,0.3485969104,2.868642750885379
Si,1487,14.803478400313475,0.5238095238,0.4030481987510963,0.3410994528,2.931696289135765
Si,1488,14.822419138837295,0.5714285714,0.248402506564379,0.3279028288,3.0496839678377303
Si,1489,14.834907968334388,0.619047619,0.1299249098668091,0.325274448,3.0743269449803203
Si,1490,14.850022205040329,0.6666666667,0.14960592694971328,0.3205348164,3.119785897929059
Si,1491,14.88288271128134,0.7142857143,0.29713452300672283,0.2971962722,3.3647797551344927
Si,1492,14.938568266122482,0.7619047619,0.43472675899550367,0.3266405339,3.0614694020373694
Si,1493,15.006473014930776,0.8095238095,0.5087746768727945,0.3576519049,2.7960147459010503
Si,1494,15.076016949836006,0.8571428571,0.60712371733958,0.390465144,2.5610480611811024
Si,1495,15.239172556408457,0.1904761905,1.16220248,0.5625422509,1.7776442540984614
Si,1496,15.110429356828513,0.2380952381,1.2565031891902416,0.5053270659,1.9789163642342713
Si,1497,14.946989410400931,0.2857142857,1.2675543808688639,0.4337326923,2.3055675021801902
Si,1498,14.807448665199901,0.3333333333,1.0616896963116556,0.4011031401,2.493124336425508
Si,1499,14.723501152240624,0.380952381,0.8586996200311638,0.3710501455,2.6950535180426174
Si,1500,14.68838313339947,0.4285714286,0.7202198775708274,0.3478425097,2.8748642621698517
Si,1501,14.693699136090308,0.4761904762,0.6438084404139618,0.3064053014,3.263651103394388
Si,1502,14.72815886939669,0.5238095238,0.5695503130672188,0.2820300431,3.545721544443504
Si,1503,14.77240494306928,0.5714285714,0.428015128414642,0.2594663925,3.854063681869705
Si,1504,14.809288466102606,0.619047619,0.2563621037291811,0.2610505528,3.830675665207785
Si,1505,14.8360624146296,0.6666666667,0.16995329368297887,0.2669275901,3.746334350920287
Si,1506,14.863948994673608,0.7142857143,0.21778143953287882,0.2697508959,3.7071239250701593
Si,1507,14.903539272190294,0.7619047619,0.3176734072801751,0.2775766221,3.6026088668221457
Si,1508,14.951797845696557,0.8095238095,0.40104454206055495,0.3189330323,3.1354544644951163
Si,1509,15.014982003188518,0.2380952381,1.385355163,0.4659000251,2.1463832284305235
Si,1510,14.875896939279702,0.2857142857,1.4905543134900787,0.4008951164,2.4944180138184393
Si,1511,14.721341589958657,0.3333333333,1.3486230247156215,0.3895539466,2.5670385545517664
Si,1512,14.622535813963061,0.380952381,1.0172597442335904,0.3562716037,2.806847331122281
Si,1513,14.585009448199095,0.4285714286,0.7871568462084865,0.3273362118,3.0549629523145843
Si,1514,14.592395534671345,0.4761904762,0.6757278018015671,0.2908519101,3.4381758045054007
Si,1515,14.636508830149562,0.5238095238,0.6472009004064382,0.2356296699,4.243947718572091
Si,1516,14.702101991874247,0.5714285714,0.5867780370156166,0.209657258,4.769689394678624
Si,1517,14.766710902825215,0.619047619,0.4386870450831222,0.2084904506,4.796382746174563
Si,1518,14.814741093762791,0.6666666667,0.27447455535583876,0.2088530369,4.7880558254884535
Si,1519,14.84704648825244,0.7142857143,0.1957342015252096,0.2235413134,4.473446025659792
Si,1520,14.874949069734425,0.7619047619,0.22087656710359305,0.2438927283,4.100163243776382
Si,1521,14.736808915088945,0.2857142857,1.78646941,0.3583102067,2.7908777961138664
Si,1522,14.584876542680767,0.3333333333,1.7893269625468884,0.3758028532,2.660969685261559
Si,1523,14.488303317424043,0.380952381,1.2850576786096768,0.3581312654,2.792272266100786
Si,1524,14.465770346792375,0.4285714286,0.9179358981013475,0.3316607219,3.0151294198217204
Si,1525,14.484780580322097,0.4761904762,0.743300244496931,0.2792963612,3.5804261670416633
Si,1526,14.538133275429935,0.5238095238,0.7106276841769794,0.2215151753,4.514363400366096
Si,1527,14.618094375642261,0.5714285714,0.7094135273486307,0.1939870928,5.154982146317314
Si,1528,14.70469139346032,0.619047619,0.616908119232994,0.1878576313,5.323180075676809
Si,1529,14.775660737542925,0.6666666667,0.4368081864293865,0.1863792681,5.365403621305454
Si,1530,14.821186668422785,0.7142857143,0.27237902178936185,0.1962334122,5.095972132313561
Si,1531,14.372837972295512,0.3333333333,2.328535481,0.3051404846,3.2771790387331645
Si,1532,14.288429312663274,0.380952381,1.6294442365451156,0.3421278226,2.9228841793704503
Si,1533,14.313702670400877,0.4285714286,1.1166223183885786,0.3355375793,2.9802921094150006
Si,1534,14.359226346055193,0.4761904762,0.9029602717977058,0.2941760066,3.399325497540424
Si,1535,14.4273120031042,0.5238095238,0.8349906484278365,0.2356099352,4.244303191846045
Si,1536,14.51932535966387,0.5714285714,0.8331046401302368,0.2091913124,4.78031323828532
Si,1537,14.62165687124054,0.619047619,0.7745984573306173,0.2035839135,4.911979452639808
Si,1538,14.712317872333266,0.6666666667,0.6158569204999985,0.184156608,5.430160833544458
Si,1539,14.116124386567442,0.380952381,0.2485254052,0.4448286209,2.2480567864018033
Si,1540,14.145166156160245,0.4285714286,0.9332031756566943,0.4312873857,2.318639573417971
Si,1541,14.211980582199901,0.4761904762,0.990327433180188,0.3758202883,2.66084623723599
Si,1542,14.296279851456653,0.5238095238,0.9672779519821283,0.3079316675,3.2474737272677547
Si,1543,14.401461909233118,0.5714285714,0.9611931608356724,0.2484131039,4.025552534469178
Si,1544,14.51781444290177,0.619047619,0.9096161373814714,0.2224843946,4.4946972653874395
Si,1545,14.070433502729916,0.4285714286,0.2608633221,0.4638809866,2.1557253452646683
Si,1546,14.081565335801919,0.4761904762,0.6484382078378396,0.4282311989,2.3351871665789554
Si,1547,14.158524138759308,0.5238095238,0.9205368616884788,0.3944932338,2.534897722750245
Si,1548,14.271189695382494,0.5714285714,1.014616994146999,0.3146711757,3.1779205635071452
Si,1549,14.029614329418738,0.4761904762,0.177914397,0.4120333987,2.426987722730934
Si,1550,14.0544017393686,0.5238095238,0.5644102216376212,0.4018536175,2.4884683288934184
Si,1551,15.491075150812517,0.1428571429,0.9563962580149833,0.559945034,1.7858895771544607
Si,1552,15.345299582335587,0.1904761905,1.1378590695508444,0.5452221971,1.834114614773449
Si,1553,15.189584038042785,0.2380952381,1.0548535314727903,0.5349567823,1.8693098827546166
Si,1554,15.059526872759717,0.2857142857,0.8931926038120661,0.5047994482,1.9809847327800625
Si,1555,14.960844944774639,0.3333333333,0.7018576197573224,0.4506744361,2.2188966577596387
Si,1556,14.894275141474065,0.380952381,0.5042931279209856,0.4033012233,2.479536242953915
Si,1557,14.860133993391917,0.4285714286,0.3578818695890555,0.4028564895,2.4822735293184346
Si,1558,14.850505092278517,0.4761904762,0.28054100932190024,0.4223970987,2.3674405034449166
Si,1559,14.85119555735123,0.5238095238,0.2410079156116801,0.4209679789,2.375477590036718
Si,1560,15.360572897590247,0.1904761905,1.1488492617581119,0.5470099985,1.8281201490689023
Si,1561,15.197659709460916,0.2380952381,1.2635236709553712,0.5244194379,1.9068705843635931
Si,1562,15.038256615164851,0.2857142857,1.1414965951903528,0.4903147154,2.0395063998521796
Si,1563,14.920389028297125,0.3333333333,0.960112714604928,0.4470479744,2.23689638979382
Si,1564,14.844334989360224,0.380952381,0.7830036247170925,0.4061639167,2.4620601655725562
Si,1565,14.804924967548985,0.4285714286,0.642191712704519,0.3895386711,2.5671392192619717
Si,1566,14.79665332069168,0.4761904762,0.5606667750217382,0.3705655984,2.698577537466306
Si,1567,14.805271645212226,0.5238095238,0.49671926532942773,0.3677117582,2.7195214123560763
Si,1568,14.814135351640932,0.5714285714,0.4428992203518721,0.3530660267,2.8323314178560133
Si,1569,14.816837272588673,0.619047619,0.4311148725821961,0.3594134316,2.7823111550069295
Si,1570,14.821685326324282,0.6666666667,0.4568128019620069,0.3541688268,2.823512190599153
Si,1571,14.843641156568914,0.7142857143,0.5378426999173572,0.3331684095,3.00148504926005
Si,1572,14.89037230257928,0.7619047619,0.6716907783353411,0.3440546056,2.9065153720470933
Si,1573,14.956744960651847,0.8095238095,0.7988952503146521,0.3877054636,2.579277554447133
Si,1574,15.049900667731052,0.8571428571,1.137962116917453,0.4788649601,2.088271398665655
Si,1575,15.202227163482556,0.9047619048,1.275193357961326,0.5315785403,1.8811895593746941
Si,1576,15.179322503988342,0.2380952381,1.2969228881063544,0.5224857119,1.9139279356817946
Si,1577,15.012192631374198,0.2857142857,1.3484535937158766,0.4809485733,2.079224381805646
Si,1578,14.861512564861089,0.3333333333,1.1881526913842912,0.4379821265,2.283198193476966
Si,1579,14.765247761193931,0.380952381,0.9884082104817288,0.3959396033,2.5256377277377546
Si,1580,14.717941419669936,0.4285714286,0.8326125725789733,0.3649759812,2.7399063267454267
Si,1581,14.709127239076421,0.4761904762,0.749557200295511,0.3325071587,3.0074540467329793
Si,1582,14.7275962900954,0.5238095238,0.704329211884977,0.3127839967,3.197094514266752
Si,1583,14.756160319520877,0.5714285714,0.6436263099812989,0.2907681207,3.4391665688541897
Si,1584,14.78023909686127,0.619047619,0.5918847062479412,0.2859865109,3.4966684157689762
Si,1585,14.797987187128887,0.6666666667,0.5846837388716345,0.2841392367,3.519401303438498
Si,1586,14.819621661261724,0.7142857143,0.6208764792893925,0.284184982,3.5188347848726225
Si,1587,14.855338505350911,0.7619047619,0.7072877175898099,0.2821604011,3.544083422413309
Si,1588,14.903539631880466,0.8095238095,0.8226583323676165,0.3205307806,3.1198251791235303
Si,1589,14.955140801374785,0.8571428571,0.9395780417637681,0.3490781677,2.8646878909350937
Si,1590,14.963043781721913,0.2857142857,1.4312367708511529,0.4566147572,2.190029963403031
Si,1591,14.79926208347658,0.3333333333,1.3966296763944308,0.4130506606,2.4210105330600213
Si,1592,14.67609675217309,0.380952381,1.1460767984113127,0.3839203767,2.6047067587178683
Si,1593,14.617839118169883,0.4285714286,0.9344759155164365,0.3513287834,2.846336671656832
Si,1594,14.606773399652786,0.4761904762,0.8191801507973769,0.3042783812,3.2864641781523978
Si,1595,14.630766395661949,0.5238095238,0.7911011289916515,0.2667244207,3.749188009765166
Si,1596,14.677134421711905,0.5714285714,0.7764591249585963,0.2367879719,4.223187486999207
Si,1597,14.728264011926747,0.619047619,0.7277704703677885,0.2223334703,4.497748353635984
Si,1598,14.770330934526973,0.6666666667,0.6778474328681612,0.2192694581,4.560598674640497
Si,1599,14.80177877831,0.7142857143,0.6634723058198175,0.2305288034,4.337852733590339
Si,1600,14.830726998218804,0.7619047619,0.6914035214056811,0.2527244686,3.956878435790685
Si,1601,14.863038203455424,0.8095238095,0.7603733454778182,0.2858838321,3.4979242885278223
Si,1602,14.708447353032774,0.3333333333,1.5784597350597769,0.3791907614,2.637195052716809
Si,1603,14.572048383704157,0.380952381,1.3027934741687606,0.3713367499,2.6929734271366823
Si,1604,14.50802415071833,0.4285714286,1.0102854635688725,0.3442884887,2.9045409092122223
Si,1605,14.500073374550242,0.4761904762,0.8546855825802071,0.291580933,3.429579532897647
Si,1606,14.52929205282004,0.5238095238,0.814663486242166,0.2465659667,4.055709769615986
Si,1607,14.587553976048962,0.5714285714,0.842182600299499,0.2104732531,4.751197528765711
Si,1608,14.660539536330942,0.619047619,0.8387013933949029,0.1949629222,5.129180403718836
Si,1609,14.728176080412238,0.6666666667,0.7747375375398747,0.1920124984,5.207994314603429
Si,1610,14.776768976383508,0.7142857143,0.710444461491027,0.1983380455,5.0418970171812045
Si,1611,14.807188448459495,0.7619047619,0.694300949303853,0.2102937722,4.755252566628314
Si,1612,14.432920236552247,0.380952381,1.4746692985836591,0.3598251798,2.7791273544442485
Si,1613,14.376705556778854,0.4285714286,1.0641102438868772,0.3616721472,2.7649350599481273
Si,1614,14.382177830525213,0.4761904762,0.9165187277520006,0.3211014344,3.1142807003293784
Si,1615,14.422174756879246,0.5238095238,0.8660659989777421,0.2741481238,3.64766311780245
Si,1616,14.49066928138551,0.5714285714,0.8972528135182989,0.22237338,4.496941135670106
Si,1617,14.5787259489754,0.619047619,0.9237301525569661,0.1927432954,5.188247912461499
Si,1618,14.666683103345573,0.6666666667,0.8707023435408104,0.1831713841,5.459368038918476
Si,1619,14.73440356664526,0.7142857143,0.775922819962591,0.1863419783,5.3664773183316585
Si,1620,14.23365730560393,0.4285714286,1.0094309942160526,0.3850842523,2.5968343136009358
Si,1621,14.246917980870789,0.4761904762,0.9140971441377419,0.3602632506,2.7757480074211047
Si,1622,14.29976046661136,0.5238095238,0.9337394376276577,0.3194914371,3.129974340085373
Si,1623,14.380053322119462,0.5714285714,0.9658626916599647,0.2556182631,3.912083541576963
Si,1624,14.480687244101276,0.619047619,0.9955606645502784,0.2170559362,4.607107354477413
Si,1625,14.584498299817664,0.6666666667,0.952085487953238,0.1939639831,5.15559633297714
Si,1626,14.128227352862755,0.4761904762,0.6444725612321386,0.3734027448,2.6780735115796075
Si,1627,14.16801262064952,0.5238095238,0.8630972330526145,0.3403639265,2.9380316835662077
Si,1628,14.255423824226854,0.5714285714,0.9858574347666019,0.2939532881,3.4019010519107034
Si,1629,14.367799150670464,0.619047619,1.0384429098894699,0.2736927285,3.6537324373964872
Si,1630,14.066631569660599,0.5238095238,0.4191246863816919,0.3604255593,2.7744980182375207
Si,1631,14.13594595379986,0.5714285714,0.8485976346975052,0.3120988194,3.2041133699975797
Si,1632,15.033955976447555,0.2857142857,1.3895000512910058,0.4896021125,2.042474847369046
Si,1633,14.876666493218286,0.3333333333,1.241027224465107,0.4521913541,2.2114531623239633
Si,1634,14.797666359411505,0.380952381,0.9839492492038384,0.3526064655,2.8360228692403258
Si,1635,14.756164350915586,0.4285714286,0.8747765064666161,0.3276324064,3.0522011268296807
Si,1636,14.734639824200535,0.4761904762,0.7797851888816175,0.3348014306,2.9868450627821184
Si,1637,14.731136987832674,0.5238095238,0.7201081121069263,0.3067159313,3.2603458051935887
Si,1638,14.734969940200397,0.5714285714,0.686465299583098,0.3068176435,3.259264977700019
Si,1639,14.837171356935034,0.3333333333,1.4166598453183092,0.4643365587,2.1536103097281276
Si,1640,14.69021645510444,0.380952381,1.2336738770434295,0.4205087428,2.3780718406504437
Si,1641,14.633408319970792,0.4285714286,0.9906689051189113,0.3433908202,2.9121337588977285
Si,1642,14.616241976034264,0.4761904762,0.8832166181985929,0.2980914819,3.354674858959799
Si,1643,14.618063171724119,0.5238095238,0.8249527311864036,0.2620915282,3.8154609836793654
Si,1644,14.63447521672336,0.5714285714,0.8220677653777189,0.2551349654,3.9194941329668485
Si,1645,14.65682854757921,0.619047619,0.8562802739427366,0.2420033946,4.132173441834853
Si,1646,14.677483356192239,0.6666666667,0.9107787725372667,0.2442845825,4.093586217214506
Si,1647,14.695863925020605,0.7142857143,0.9758963509354421,0.2476621019,4.037759480874373
Si,1648,14.7168647874095,0.7619047619,1.055589627810637,0.259284925,3.856761051572898
Si,1649,14.74323507762053,0.8095238095,1.1685576765720491,0.2860894663,3.4954100650157356
Si,1650,14.773098406621125,0.8571428571,1.298642572416485,0.3180395811,3.144262725228448
Si,1651,14.627915788983275,0.380952381,1.298980176452755,0.4076851318,2.4528733623049437
Si,1652,14.516297384350418,0.4285714286,1.090859322518909,0.3781066513,2.6447564372692645
Si,1653,14.4934714603981,0.4761904762,0.9275929592307772,0.2979982406,3.355724510274172
Si,1654,14.502653483079188,0.5238095238,0.8550783387101563,0.250650195,3.9896238660416756
Si,1655,14.531385680392182,0.5714285714,0.8793470658137311,0.2292466988,4.362112978003764
Si,1656,14.575678914857509,0.619047619,0.9576015496472924,0.2133988353,4.686061189575762
Si,1657,14.62442029443294,0.6666666667,1.0211840493387463,0.2064765136,4.8431658524478305
Si,1658,14.665099427309688,0.7142857143,1.0612193124809224,0.199548681,5.011308493690319
Si,1659,14.693805859028947,0.7619047619,1.1002206735398457,0.2079708829,4.808365411810251
Si,1660,14.71546914975578,0.8095238095,1.1505804931017505,0.2404257827,4.159287696893084
Si,1661,14.435782713006578,0.4285714286,0.9929302046281332,0.3843185739,2.6020079900176794
Si,1662,14.377935050995928,0.4761904762,0.931599311766359,0.3404132595,2.937605901335344
Si,1663,14.39136159276983,0.5238095238,0.8934597524021207,0.2708185294,3.6925095273780038
Si,1664,14.431200244307606,0.5714285714,0.9127847730454585,0.2353959565,4.248161331522277
Si,1665,14.491639356228445,0.619047619,1.0033891444018304,0.221861933,4.507307704742661
Si,1666,14.56231698044121,0.6666666667,1.0751498964694524,0.1913861617,5.22503816951777
Si,1667,14.624551261444058,0.7142857143,1.096069393515113,0.1801969194,5.549484438078579
Si,1668,14.665959013608031,0.7619047619,1.1057677778562405,0.1860587479,5.374646509700606
Si,1669,14.28914891423142,0.4761904762,0.6937142465148776,0.3896504567,2.566402740725955
Si,1670,14.2800608072907,0.5238095238,0.8705101874687239,0.3370871918,2.966591506073355
Si,1671,14.327933199285301,0.5714285714,0.9384965065240589,0.2720981041,3.6751450485391306
Si,1672,14.400703004351776,0.619047619,1.0270584924439994,0.2333316641,4.285744945321375
Si,1673,14.487118146267067,0.6666666667,1.0976649310406135,0.194225185,5.148662878091737
Si,1674,14.567245746423108,0.7142857143,1.1065054818270927,0.1757525091,5.689819195872863
Si,1675,14.186218840012376,0.5238095238,0.49775035186280314,0.356449518,2.8054463521535746
Si,1676,14.21852500799505,0.5714285714,0.883637211252559,0.2924793205,3.419045142372724
Si,1677,14.29975095869506,0.619047619,1.0121350860868863,0.2596706728,3.8510317288321825
Si,1678,14.398468387781744,0.6666666667,1.0897378825885584,0.2442374632,4.094375968772345
Si,1679,14.122757655834922,0.5714285714,0.3326234696067067,0.3058200108,3.269897209747924
Si,1680,14.196531163592258,0.619047619,0.9095673043120674,0.2684820945,3.724643171688308
Si,1681,14.580442148557749,0.4285714286,1.3171210607189021,0.2928905942,3.414244157383733
Si,1682,14.568918682917277,0.4761904762,1.1967400521008134,0.2492672844,4.011757910417545
Si,1683,14.558551600487673,0.5238095238,1.0683052577389132,0.223800848,4.468258315089137
Si,1684,14.548236738386448,0.5714285714,0.9360768655417641,0.2148522736,4.654360799838424
Si,1685,14.540894344720726,0.619047619,0.8233718026535664,0.2190572761,4.5650161355220105
Si,1686,14.412093039262608,0.4761904762,1.090294950785854,0.2611694023,3.828932452245383
Si,1687,14.414434751193845,0.5238095238,0.982805022298379,0.2308823229,4.331210754636773
Si,1688,14.420531674669304,0.5714285714,0.8375464769903561,0.2145408363,4.661117283059644
Si,1689,14.433498823657715,0.619047619,0.7684044585743384,0.2137961858,4.677351919343736
Si,1690,14.460427803423228,0.6666666667,0.8781925679977907,0.2154170103,4.642158939107698
Si,1691,14.495678737332007,0.7142857143,1.0389782731921327,0.1911026159,5.232790745906268
Si,1692,14.525338874808304,0.7619047619,1.153481616004953,0.1898178869,5.26820741886575
Si,1693,14.544502043505942,0.8095238095,1.2214964182571773,0.206861832,4.834144560800371
Si,1694,14.282809830143849,0.5238095238,0.7678863717692671,0.2811611425,3.556679244892455
Si,1695,14.301017158816661,0.5714285714,0.7800455730524772,0.2560452251,3.905560041627193
Si,1696,14.334312181925554,0.619047619,0.7924432452033094,0.2286152058,4.37416223693726
Si,1697,14.383814166157117,0.6666666667,0.9275638618516433,0.213844651,4.676291856371941
Si,1698,14.441463002263562,0.7142857143,1.0629610977873982,0.1880625813,5.3173788910447115
Si,1699,14.48962478887428,0.7619047619,1.136411843250747,0.1743134422,5.736792225424828
Si,1700,14.195746326004489,0.5714285714,0.45019578341029415,0.2847179916,3.5122473096287465
Si,1701,14.23712725737745,0.619047619,0.8013650711018906,0.2644249911,3.7817908051732556
Si,1702,14.303078535231139,0.6666666667,0.9360440693526085,0.244910453,4.083125026925657
Si,1703,14.378366707849484,0.7142857143,1.0336581432248895,0.2295410145,4.356519910736911
Si,1704,14.151182198685175,0.619047619,0.18677675028676638,0.2842152504,3.518460035457689
Si,1705,14.220597253100587,0.6666666667,0.8675614701983774,0.2518390172,3.9707905912205885
Si,1706,14.384804674903197,0.5714285714,1.0163354261231201,0.2033460493,4.917725244441225
Si,1707,14.36863062224811,0.619047619,0.9030590597721296,0.201138491,4.971698828147219
Si,1708,14.354750070308897,0.6666666667,0.7246272696190729,0.2109251164,4.741019073819508
Si,1709,14.261331006362258,0.619047619,0.6892974917951759,0.2311149747,4.326850743003803
Si,1710,14.259785836273306,0.6666666667,0.6275878890407356,0.2474496941,4.0412254443760895
Si,1711,14.286456227453478,0.7142857143,0.7423384424395038,0.2490268759,4.015630828543836
Si,1712,14.327368523913407,0.7619047619,0.8750441628954934,0.2208777034,4.527392238360262
Si,1713,14.183309330089264,0.6666666667,0.35859288888652324,0.2580212965,3.87564907844729
Si,1714,14.22324963707229,0.7142857143,0.7147270336552856,0.2498029044,4.003156017748847
Si,1715,14.210381281923253,0.7142857143,0.5203260158278489,0.2484310906,4.025261079782097
SiC,0,0.0,0.0,0.0,0.0,
SiC,1,1.6436619095411984,0.08333333333,8.498681108,0.000840507819,1189.7569271749987
SiC,2,3.2307696681815847,0.1666666667,8.062946196,0.01280233353,78.11075985926138
SiC,3,4.710958235813493,0.25,7.39023081,0.01563281037,63.96802470776724
SiC,4,6.0454892467672225,0.3333333333,6.552325279,0.03724849218,26.846724296049075
SiC,5,7.210704043414115,0.4166666667,5.632705873,0.04681170689,21.36217767811457
SiC,6,8.198680005687063,0.5,0.2968532828,0.03172367544,31.522198677493467
SiC,7,2.137084846862087,0.08333333333,7.307978669542295,0.0009815231558,1018.824664594836
SiC,8,3.337292975593067,0.1666666667,7.030541682795174,0.005548513604,180.22844880097009
SiC,9,4.663405024282617,0.25,6.8966392054510814,0.009196600192,108.73583488710172
SiC,10,5.946935930300108,0.3333333333,6.5465761245180705,0.02709079388,36.912908659286586
SiC,11,7.131845934703899,0.4166666667,5.915985602348236,0.04622962771,21.631149752557675
SiC,12,8.17675256072653,0.5,0.5923792539544069,0.02921091586,34.23377770121036
SiC,13,3.8605541415884743,0.1666666667,5.425579754110534,0.002263926729,441.7104083760301
SiC,14,4.741091865611686,0.25,5.35885770424306,0.004668517286,214.20077055274288
SiC,15,5.8160854205975605,0.3333333333,5.937022171837963,0.01351436873,73.99531713088015
SiC,16,6.974985278553299,0.4166666667,6.153462387885213,0.03480382473,28.732474311595578
SiC,17,8.111607619110329,0.5,2.062850017005876,0.02425973706,41.22056218197115
SiC,18,5.1410360336005825,0.25,4.282387864982349,0.004032868595,247.9624556177735
SiC,19,5.886499363266808,0.3333333333,4.8470432619827655,0.008182179319,122.21682769502256
SiC,20,6.899267669292853,0.4166666667,5.771070349344661,0.02162266605,46.24776601033433
SiC,21,8.037048627596153,0.5,1.1657441273956228,0.02177818144,45.91751624234792
SiC,22,6.2947161855638,0.3333333333,4.376159143612623,0.008278780075,120.79074343571084
SiC,23,7.049155903358441,0.4166666667,4.941928589031687,0.01448520511,69.03595719950424
SiC,24,8.03756439942868,0.5,2.0753337191788908,0.01647888666,60.68371126232383
SiC,25,7.494889284291807,0.4166666667,4.36826082874902,0.01072620349,93.2296316149788
SiC,26,8.202473965093729,0.5,2.5798336656045042,0.01224815311,81.64496238894584
SiC,27,8.57548751242965,0.5,0.7918386908416375,0.0133867313,74.7008345495065
SiC,28,2.631679667493752,0.08333333333,7.166710740098411,0.005920669915,168.89980599433568
SiC,29,3.616953377776678,0.1666666667,6.747058196434677,0.003875069625,258.0598793757157
SiC,30,4.864578309519909,0.25,6.759867499733179,0.008414058178,118.84871471588724
SiC,31,6.119166782502327,0.3333333333,6.030066230200091,0.03849680444,25.97618203761746
SiC,32,7.2089381445176866,0.4166666667,5.365311608989891,0.04434147669,22.552248473617535
SiC,33,8.163432173708125,0.5,2.1795878522399623,0.03016569567,33.150238301797465
SiC,34,4.064494346652265,0.1666666667,5.231775709645376,0.003507574321,285.09730899013505
SiC,35,4.882750628879889,0.25,5.269516379265354,0.00554390739,180.3781935109129
SiC,36,5.923005466268084,0.3333333333,5.912761223954121,0.01622215039,61.644108577395585
SiC,37,7.044066924053078,0.4166666667,5.960780254606987,0.03575300031,27.96968062342738
SiC,38,8.100881995608027,0.5,2.1322155187443057,0.02798731945,35.7304672134294
SiC,39,5.228954258671676,0.25,4.092254249305952,0.004769191545,209.6791438474296
SiC,40,5.94262097718723,0.3333333333,4.702526481063,0.009345741382,107.00060692092453
SiC,41,6.927375433327473,0.4166666667,5.6074445317096835,0.02273408902,43.98680761389928
SiC,42,8.018700091883181,0.5,1.4678374741209317,0.02250108642,44.44229853324567
SiC,43,6.319333891780941,0.3333333333,4.193030894928199,0.009266482754,107.91581083646183
SiC,44,7.049489138795188,0.4166666667,4.783473388710087,0.01510416345,66.20691065151311
SiC,45,8.009143370719572,0.5,3.730007015154935,0.01602955259,62.384773023786565
SiC,46,7.475158433785402,0.4166666667,4.236650455030512,0.01067560339,93.67152033174212
SiC,47,8.164163990418153,0.5,4.098643659123218,0.01220635242,81.92455580436207
SiC,48,8.52728425004076,0.5,1.2507484117081398,0.01253670006,79.7658072071639
SiC,49,4.618043863332242,0.1666666667,4.839358975135998,0.006653421989,150.29859847358017
SiC,50,5.230240109654102,0.25,4.692445169678229,0.007520192003,132.97532823644318
SiC,51,6.203100369404083,0.3333333333,5.775435992622198,0.01895840243,52.747060502185995
SiC,52,7.198948268852509,0.4166666667,4.688786495684688,0.0374736339,26.685429085114695
SiC,53,8.06321165828254,0.5,1.1868262134073564,0.02853686625,35.042390122286115
SiC,54,5.4944249647630645,0.25,3.691002741488924,0.007579897889,131.92789858702542
SiC,55,6.121382025141135,0.3333333333,4.400704514532464,0.01242344764,80.49295404765758
SiC,56,7.0293791223270095,0.4166666667,5.184375744089821,0.02654753495,37.668280760658725
SiC,57,7.97997541035549,0.5,2.1627213458059136,0.02347143817,42.604973447180974
SiC,58,6.407332797267335,0.3333333333,3.6902086756766668,0.010870203,91.99460212472573
SiC,59,7.067223565610942,0.4166666667,4.329333700902487,0.01657966399,60.31485322037579
SiC,60,7.940966766169883,0.5,3.136443584628235,0.01628254911,61.415445041455186
SiC,61,7.431628083074994,0.4166666667,3.826117795490798,0.01058625147,94.46214298175934
SiC,62,8.0638152947845,0.5,1.6690236404923355,0.01201332929,83.24087152363407
SiC,63,8.394744086208823,0.5,1.080473790205389,0.01147678002,87.13245337606462
SiC,64,5.933733887714285,0.25,3.309792094982774,0.01350327373,74.05611557575972
SiC,65,6.399604238005441,0.3333333333,3.9128416419251018,0.01589134998,62.92731588307767
SiC,66,7.210104239363183,0.4166666667,3.7536078807777846,0.02947039199,33.9323616848844
SiC,67,7.9334420318689585,0.5,1.7575910108340158,0.02349036736,42.57064117706501
SiC,68,6.591182639906869,0.3333333333,3.0470361108406885,0.01501756207,66.58870430092385
SiC,69,7.1445786723343785,0.4166666667,3.6996848531275144,0.01680962457,59.48972838957342
SiC,70,7.875802113213978,0.5,0.36044366748853696,0.0173362372,57.68264407457461
SiC,71,7.4047723145833055,0.4166666667,3.128461150647054,0.01136543719,87.9860566102869
SiC,72,7.941043427922872,0.5,1.76006438591601,0.01182968527,84.53310271372926
SiC,73,8.21153051956698,0.5,1.759387579588778,0.01039756799,96.17633671275469
SiC,74,6.897762141517125,0.3333333333,2.5416846952539154,0.01955633705,51.134320166567186
SiC,75,7.326288253411893,0.4166666667,2.6116451887014165,0.01822441299,54.87145185684249
SiC,76,7.8429114757591405,0.5,1.1201022418486095,0.0169188819,59.105560634003844
SiC,77,7.44289999955326,0.4166666667,2.238831050739918,0.01120344626,89.25824936299557
SiC,78,7.84882924328981,0.5,0.5513061825158996,0.01222945956,81.76976219544407
SiC,79,8.025563593099788,0.5,0.898235595774108,0.01013503696,98.66762242177359
SiC,80,7.581382097002425,0.4166666667,1.4960140115849105,0.0115300877,86.7296091772138
SiC,81,7.827007130253715,0.5,0.6786429570658208,0.01240224618,80.63055558537542
SiC,82,7.887507742827664,0.5,0.546550966322089,0.009613478221,104.02062365061242
SiC,83,7.836542137908438,0.5,2.313954795370875e-16,0.009899092837,101.01935767914851
SiC,84,0.0,0.0,0.0,0.0,
SiC,85,1.6436619095411984,0.08333333333,8.498681108,0.0008359890354,1196.1879374668172
SiC,86,3.2307696681815847,0.1666666667,8.062946196,0.01280382357,78.10166974989019
SiC,87,4.710958235813493,0.25,7.39023081,0.01566887577,63.82078808197737
SiC,88,6.0454892467672225,0.3333333333,6.552325279,0.03725675812,26.840767969642123
SiC,89,7.210704043414115,0.4166666667,5.632705873,0.04696712249,21.29148959919601
SiC,90,8.198680005687063,0.5,0.2211097901,0.03174671093,31.499326094125244
SiC,91,2.330816188608301,0.08333333333,8.562413762798723,0.00984499859,101.57441779785974
SiC,92,3.6379361394738945,0.1666666667,8.228411517287425,0.009305399988,107.46448312695573
SiC,93,5.004095396338648,0.25,7.563792866848934,0.01631209129,61.30421797069283
SiC,94,6.276242662290921,0.3333333333,6.715833266149616,0.05225687727,19.13623722353741
SiC,95,7.401443057371028,0.4166666667,5.799899320502248,0.04242491081,23.57105721396801
SiC,96,8.17675256072653,0.5,0.5923792539544069,0.02933292959,34.091378323865534
SiC,97,4.602555559988905,0.1666666667,8.180424641513884,0.01263701625,79.13260379007583
SiC,98,5.753842039115065,0.25,7.6846158127615025,0.03624413985,27.590667184780767
SiC,99,6.888593806161143,0.3333333333,6.921896627257486,0.06052273639,16.522716249247896
SiC,100,7.92030916597915,0.4166666667,6.084463671315604,0.03546422679,28.197428522027565
SiC,101,8.111607619110329,0.5,2.062850017005876,0.0241067579,41.482143892937174
SiC,102,6.7180368326503554,0.25,7.41808946337367,0.06548631293,15.270366512601278
SiC,103,7.713956030330188,0.3333333333,6.855783536270572,0.04096057457,24.41372003439648
SiC,104,8.646462223216938,0.4166666667,6.2004576454150975,0.0352223917,28.391030584104257
SiC,105,8.037048627596153,0.5,1.1657441273956228,0.02176772606,45.93957114508083
SiC,106,8.601257597519291,0.3333333333,6.528373197402767,0.03440091493,29.06899429956528
SiC,107,9.086864690232845,0.4166666667,5.339433559917886,0.02821759878,35.43887656056608
SiC,108,8.03756439942868,0.5,2.0753337191788908,0.01657593136,60.32843514380962
SiC,109,9.061761957735083,0.4166666667,3.249695013734817,0.02437935082,41.018319453347935
SiC,110,8.202473965093729,0.5,2.5798336656045042,0.01225116265,81.62490602473554
SiC,111,8.57548751242965,0.5,0.7754404833735338,0.01336244658,74.83659478173196
SiC,112,2.631679667493752,0.08333333333,7.166710740098411,0.005927219101,168.71318285353865
SiC,113,3.707115383559426,0.1666666667,6.943532950772118,0.00712152941,140.41927547133446
SiC,114,4.92756025906512,0.25,6.562702098175907,0.01484589802,67.35867366546817
SiC,115,6.136731946444554,0.3333333333,6.566506165066282,0.03177422301,31.47205203681234
SiC,116,7.353070879066386,0.4166666667,6.151515852254495,0.03574328725,27.97728124460629
SiC,117,8.163432173708125,0.5,2.1795878522399623,0.03017996365,33.134566084873335
SiC,118,4.486524070488358,0.1666666667,7.157547460827736,0.00897696831,111.39618248245772
SiC,119,5.530283763920642,0.25,7.190808282700741,0.02161613338,46.26174267250011
SiC,120,6.629446809789823,0.3333333333,6.9561824737079245,0.05490048502,18.214775327316406
SiC,121,7.706910075478368,0.4166666667,6.44515471455318,0.03208460716,31.16759370040546
SiC,122,8.100881995608027,0.5,2.1322155187443057,0.02796313059,35.7613750285032
SiC,123,6.3959610031045315,0.25,7.363300582823716,0.05081292603,19.680031797609907
SiC,124,7.353034262288629,0.3333333333,7.23857720820652,0.03986116642,25.087073204617983
SiC,125,8.313213040257555,0.4166666667,6.794553660713435,0.03132332996,31.925085911268166
SiC,126,8.018700091883181,0.5,1.4678374741209317,0.02244748087,44.54842865403453
SiC,127,8.186892918981952,0.3333333333,7.296235318512335,0.03359926407,29.762556641616346
SiC,128,9.01283712980605,0.4166666667,5.092680379511306,0.02765255801,36.1630196974316
SiC,129,8.009143370719572,0.5,3.730007015154935,0.01610850125,62.07902178360634
SiC,130,9.000773196260528,0.4166666667,3.1908635675883508,0.02299901617,43.48012074118212
SiC,131,8.164163990418153,0.5,4.098643659123218,0.01221383066,81.87439533405157
SiC,132,8.52728425004076,0.5,0.6465647046724285,0.01254314237,79.72483852146534
SiC,133,4.618043863332242,0.1666666667,4.839358975135998,0.006655300336,150.25617921264615
SiC,134,5.398469044234813,0.25,4.8455037733707265,0.01346291044,74.27814397612526
SiC,135,6.288860270418666,0.3333333333,4.83155705536753,0.03277788587,30.508373967927295
SiC,136,7.392457220213641,0.4166666667,6.575642053071947,0.02300583019,43.46724250945191
SiC,137,8.06321165828254,0.5,1.1868262134073564,0.02854956273,35.02680617063167
SiC,138,5.9750446683629805,0.25,5.566885644374662,0.02213963347,45.16786609656551
SiC,139,6.779130735063415,0.3333333333,6.1293348172593065,0.04219519313,23.699381986926337
SiC,140,7.713989249149909,0.4166666667,6.538535391811312,0.02636917044,37.923073927387456
SiC,141,7.97997541035549,0.5,2.1627213458059136,0.02362139337,42.33450518080085
SiC,142,7.470247174847241,0.3333333333,6.5995179797511465,0.02932448649,34.10119390636259
SiC,143,8.281035432863263,0.4166666667,6.861593464694052,0.02620899186,38.154844159656285
SiC,144,7.940966766169883,0.5,3.136443584628235,0.0162643118,61.48431069797862
SiC,145,8.829979853786009,0.4166666667,2.993103900424807,0.01945018831,51.41338397664079
SiC,146,8.0638152947845,0.5,1.6690236404923355,0.01203972654,83.05836487877572
SiC,147,8.394744086208823,0.5,1.6515778274917754,0.01146941585,87.18839852685262
SiC,148,5.933733887714285,0.25,3.309792094982774,0.01346357151,74.2744968715957
SiC,149,6.522200526725401,0.3333333333,3.553874325020109,0.02793886707,35.79243200858967
SiC,150,7.306478543222736,0.4166666667,5.63964759491518,0.01715277147,58.299616580853325
SiC,151,7.9334420318689585,0.5,1.7575910108340158,0.0235074193,42.53976105322629
SiC,152,6.963456723137747,0.3333333333,4.550210444954408,0.03124347055,32.006687554113604
SiC,153,7.635530687783479,0.4166666667,5.40116074359111,0.02131775495,46.90925486034823
SiC,154,7.875802113213978,0.5,0.36044366748853696,0.01729830509,57.80913186564684
SiC,155,8.181095986658729,0.4166666667,5.879037994145575,0.02122242461,47.11996948401458
SiC,156,7.941043427922872,0.5,1.76006438591601,0.01182499532,84.56662966357943
SiC,157,8.21153051956698,0.5,1.437476704978539,0.01035397498,96.58126486992921
SiC,158,6.897762141517125,0.3333333333,2.5416846952539154,0.01956411711,51.11398558787302
SiC,159,7.3360034387861415,0.4166666667,3.531644699800279,0.0131116187,76.26823376125178
SiC,160,7.8429114757591405,0.5,1.1201022418486095,0.01692558477,59.082153650163065
SiC,161,7.671844377233205,0.4166666667,3.6364475734613473,0.01582898497,63.17524477376517
SiC,162,7.84882924328981,0.5,0.5513061825158996,0.01222450447,81.80290681344894
SiC,163,8.025563593099788,0.5,1.0256463492783092,0.01015434382,98.48002172532307
SiC,164,7.581382097002425,0.4166666667,1.4960140115849105,0.01149814976,86.97051446301566
SiC,165,7.827007130253715,0.5,0.6786429570658208,0.01243094045,80.44443652692424
SiC,166,7.887507742827664,0.5,0.5546148537690544,0.009611916653,104.03752301450591
SiC,167,7.836542137908438,0.5,1.2965558482387052e-14,0.009869592871,101.32130201016881
SiC,168,0.0,0.0,0.0,0.0,
SiC,169,2.3116356561063722,0.08333333333,11.84628566,0.001043293905,958.5026761945859
SiC,170,4.490941824962077,0.1666666667,10.88750573,0.00235868567,423.9649278913879
SiC,171,6.4629758800203625,0.25,9.760030927,0.006010165417,166.38477156909173
SiC,172,8.243139332659451,0.3333333333,8.955373493,0.01075204392,93.00557246979697
SiC,173,9.014397728375185,0.4166666667,3.836539961,0.04778651618,20.926405185790212
SiC,174,8.198680005687063,0.5,0.4244533997,0.03174163365,31.504364615461437
SiC,175,3.330867901681293,0.08333333333,11.95804263227573,0.007049169177,141.8606895210851
SiC,176,5.099563400332511,0.1666666667,11.09583989147504,0.008657094387,115.51219789189992
SiC,177,6.890819317476881,0.25,9.967209809248928,0.01892115702,52.85089061641327
SiC,178,8.563079987235238,0.3333333333,9.021584122846248,0.02187172616,45.72112839583942
SiC,179,9.0463945994161,0.4166666667,4.071738861501572,0.04942614031,20.2322089835058
SiC,180,8.36390333895622,0.5,2.087451416910027,0.03761701025,26.5837181996674
SiC,181,6.40162396357131,0.1666666667,10.704829484591015,0.02845771327,35.13985788359867
SiC,182,7.887944818907031,0.25,9.867229440372803,0.02250565329,44.43328025693583
SiC,183,9.352109426544482,0.3333333333,8.932030535146264,0.06392841202,15.642497105780603
SiC,184,9.10503814118447,0.4166666667,4.653079253648647,0.04309860414,23.202607600738876
SiC,185,8.821956878569537,0.5,3.1865008553372984,0.04125873653,24.23729091347432
SiC,186,9.110520890509186,0.25,9.337934802322355,0.0579587858,17.253639568136016
SiC,187,10.0038428913081,0.3333333333,3.9574403292260967,0.04540123041,22.02583478397849
SiC,188,9.122834858061854,0.4166666667,5.243816158173061,0.03539243534,28.254625328645158
SiC,189,9.482856542829799,0.5,5.519508152870831,0.05023885389,19.904912683508673
SiC,190,9.978024914904532,0.3333333333,1.9207028020873944,0.03307609633,30.233313811370195
SiC,191,9.458147098111912,0.4166666667,6.094026077507459,0.05045661248,19.81900787327687
SiC,192,9.830243581933342,0.5,3.801881964719395,0.02912858448,34.330538810995456
SiC,193,9.061761957735083,0.4166666667,3.249695013734817,0.02446033348,40.882517027727786
SiC,194,9.139270932274401,0.5,3.4017141839523313,0.02191009705,45.64105753242202
SiC,195,8.57548751242965,0.5,0.74160765354286,0.01328908298,75.24973705898253
SiC,196,4.150968746727518,0.08333333333,12.407096657379915,0.007666498148,130.4376497189757
SiC,197,5.711472430869418,0.1666666667,11.744126236421865,0.01782271687,56.1081684287565
SiC,198,7.36731485813505,0.25,10.597395050893098,0.02223619741,44.97171803081236
SiC,199,8.939508437832961,0.3333333333,9.459393099641451,0.04033437699,24.792746897960704
SiC,200,8.970568403512631,0.4166666667,3.8477849023391935,0.04512746201,22.159455804946564
SiC,201,8.4545332841449,0.5,3.1580477444280297,0.03046890529,32.820345545141834
SiC,202,6.98554544775986,0.1666666667,11.655482374465983,0.04038186248,24.763592825746258
SiC,203,8.419023080467625,0.25,10.875918674579218,0.02939876639,34.01503269675119
SiC,204,9.66983570428435,0.3333333333,3.4693637336774534,0.04951494539,20.19592250629765
SiC,205,8.978601524856725,0.4166666667,4.192480479224201,0.04189786268,23.867565933795266
SiC,206,8.751619244329305,0.5,2.4257370660497264,0.03360073938,29.761249854972686
SiC,207,9.653007313137081,0.25,10.486659033826502,0.07364459415,13.578729186329557
SiC,208,9.802915473401544,0.3333333333,3.957220663729894,0.04741754862,21.089238670136886
SiC,209,9.019060505066893,0.4166666667,4.814769240717503,0.03493610433,28.62368369850812
SiC,210,9.248262912698324,0.5,3.862270348414659,0.04274303108,23.395626719320628
SiC,211,9.886092350168623,0.3333333333,3.1014367628962107,0.03841979989,26.028245926920675
SiC,212,9.04674292910765,0.4166666667,7.04760088079719,0.03833149857,26.088205191712653
SiC,213,9.75729041286538,0.5,3.7909914973401486,0.0289337325,34.561735165001615
SiC,214,9.000773196260528,0.4166666667,3.1908635675883508,0.02300834402,43.46249339503747
SiC,215,9.080198982004864,0.5,3.410746733198776,0.02151935024,46.469804564136325
SiC,216,8.52728425004076,0.5,1.2069933138352034,0.01252417071,79.84560600100603
SiC,217,8.18441510729268,0.1666666667,11.896960208645941,0.02917686298,34.27373260399772
SiC,218,9.521054553594459,0.25,11.336420511169761,0.07715454594,12.960999093658849
SiC,219,9.494354890637153,0.3333333333,3.182283246611458,0.04696200013,21.293811959282067
SiC,220,8.837301041647114,0.4166666667,3.81650574165503,0.03757804793,26.61128118902796
SiC,221,8.669688043062367,0.5,2.451368023767185,0.02250637033,44.431864638210634
SiC,222,10.003590972906427,0.25,2.2538761682900885,0.0447123073,22.36520681633444
SiC,223,9.474571803886874,0.3333333333,3.514369736988116,0.04546002833,21.997346608340752
SiC,224,8.801653188042659,0.4166666667,4.063474819313711,0.03196833981,31.280948774424328
SiC,225,8.800874858300512,0.5,3.0498965477950106,0.02466083642,40.550125022888416
SiC,226,9.546352538967955,0.3333333333,2.912428624361551,0.03960064788,25.25211211266678
SiC,227,8.814932089733599,0.4166666667,4.444301283118819,0.02469442787,40.49496531218887
SiC,228,9.187052214430278,0.5,6.287068660949359,0.03462050529,28.884615970317633
SiC,229,8.829979853786009,0.4166666667,2.993103900424807,0.01946310476,51.37926411695479
SiC,230,8.912005316159544,0.5,3.3634585131703685,0.01838513016,54.391782451215455
SiC,231,8.394744086208823,0.5,1.3655001247435248,0.01147775823,87.12502737566376
SiC,232,9.753999395811281,0.25,2.345024170336574,0.04126559542,24.233262353833254
SiC,233,9.247855181607365,0.3333333333,3.1602982760194154,0.03809367343,26.251078196424807
SiC,234,8.629494388466277,0.4166666667,3.5788699208115653,0.02626896073,38.06774125091168
SiC,235,8.495176007145316,0.5,1.4251800896292026,0.01580647906,63.265196265663484
SiC,236,9.176768209289419,0.3333333333,2.6968096588146944,0.0318143747,31.432332378985905
SiC,237,8.571358797656531,0.4166666667,3.625891658569745,0.02133879541,46.863001438748974
SiC,238,8.543606020764729,0.5,3.292148189023255,0.0182434499,54.814193887747074
SiC,239,8.586815001039396,0.4166666667,2.6347996927115,0.01626836117,61.46900659201434
SiC,240,8.66155310234343,0.5,3.068993215326195,0.01449041857,69.01111897970522
SiC,241,8.21153051956698,0.5,1.051686865251674,0.01038297771,96.31148481007382
SiC,242,8.915794004354494,0.3333333333,2.5863023846786684,0.02260802226,44.23208666815954
SiC,243,8.392441387928786,0.4166666667,2.9870507960656467,0.01754345838,57.001303753199885
SiC,244,8.184474322480806,0.5,1.680080972086592,0.0127872215,78.20307171499297
SiC,245,8.335196541180592,0.4166666667,2.182343831997836,0.01440994678,69.39650890230422
SiC,246,8.242653125449152,0.5,2.987265184349722,0.0143040032,69.91049890145439
SiC,247,8.025563593099788,0.5,1.231741950443306,0.01015269253,98.49603906009355
SiC,248,8.15488116058766,0.4166666667,1.8097677783481232,0.01146830572,87.19683834867283
SiC,249,7.931751569232456,0.5,1.2145268954547441,0.01021604605,97.88522830709049
SiC,250,7.887507742827664,0.5,0.561470480076018,0.009607872007,104.08131990844912
SiC,251,7.836542137908438,0.5,9.95573342343439e-15,0.009861318014,101.40632302703467
SiC,252,10.836320025799607,0.0,0.0,0.04958492351,20.16742044178662
SiC,253,10.761925880609287,0.08333333333,0.7764054595,0.04911842783,20.358957812351463
SiC,254,10.54075412901188,0.1666666667,1.533981973,0.04906922146,20.37937367347829
SiC,255,10.17653387477474,0.25,2.276079431,0.04989896116,20.040497372150103
SiC,256,9.669783280237645,0.3333333333,3.03148806,0.04949302542,20.20486708003715
SiC,257,9.014397728375185,0.4166666667,3.836539961,0.04783454686,20.905392977313134
SiC,258,8.198680005687063,0.5,0.9424164726,0.03176167013,31.484490453651087
SiC,259,10.824259475888176,0.08333333333,0.14248457076162568,0.04881577462,20.485181435393965
SiC,260,10.612326724441486,0.1666666667,1.706917100121532,0.05251637041,19.041681521264906
SiC,261,10.246651716038564,0.25,2.396484983851628,0.05218594473,19.162247711980818
SiC,262,9.731314421068115,0.3333333333,3.1791355140133772,0.05108354692,19.575774594627543
SiC,263,9.166465980907576,0.4166666667,4.106103475620639,0.05130876833,19.489846132504113
SiC,264,8.36390333895622,0.5,2.087451416910027,0.0374218814,26.722333634460185
SiC,265,10.719086763689969,0.1666666667,0.7007920533140369,0.04510145136,22.172235479031375
SiC,266,10.426080356908312,0.25,2.6247417139702898,0.05299926435,18.868186422289465
SiC,267,9.87547245011192,0.3333333333,3.516735425537709,0.05216977748,19.168186032293576
SiC,268,9.593039735932338,0.4166666667,4.660061896274382,0.05343823118,18.71319424162123
SiC,269,8.821956878569537,0.5,3.1865008553372984,0.04122889828,24.25483196782623
SiC,270,10.431741412290421,0.25,1.4075899926031363,0.03937894911,25.394278481292872
SiC,271,10.329528409075929,0.3333333333,2.2780510370823324,0.03747835067,26.682070638729098
SiC,272,10.219807357364743,0.4166666667,5.119514443303402,0.05319638724,18.79826905328017
SiC,273,9.482856542829799,0.5,5.519508152870831,0.05026755608,19.893547209824888
SiC,274,10.026544526390708,0.3333333333,3.2638787640068343,0.03872294418,25.82448264655686
SiC,275,9.816625720002351,0.4166666667,2.712641110469683,0.02942417651,33.985658006780355
SiC,276,9.830243581933342,0.5,3.801881964719395,0.02914217585,34.314527684795365
SiC,277,9.3857232019903,0.4166666667,2.5213656882320943,0.0260771913,38.3476881576583
SiC,278,9.139270932274401,0.5,3.4017141839523313,0.02194155765,45.57561573118306
SiC,279,8.57548751242965,0.5,0.7580058610109636,0.01328899072,75.2502594869748
SiC,280,10.747449396858908,0.08333333333,0.5906482300227315,0.04830339731,20.702477583144553
SiC,281,10.519615172653513,0.1666666667,1.5897488453806121,0.04863055312,20.563204319975867
SiC,282,10.146110575022373,0.25,2.3410073140084617,0.05045763735,19.818605319616694
SiC,283,9.630213181976195,0.3333333333,3.0871620947977436,0.04846847024,20.63196950612073
SiC,284,9.37722327601502,0.4166666667,4.842003314124627,0.04963499212,20.147076836082714
SiC,285,8.4545332841449,0.5,3.1580477444280297,0.03069112987,32.5827040006592
SiC,286,10.57921186631972,0.1666666667,1.4424294428991766,0.05070086091,19.7235309628197
SiC,287,10.199037073882755,0.25,2.8035326180516673,0.05041678668,19.834663528778467
SiC,288,9.815175213682,0.3333333333,9.811413729571749,0.0668928934,14.949271128403604
SiC,289,9.722486607262175,0.4166666667,5.19225676529945,0.04735426241,21.117423207690504
SiC,290,8.751619244329305,0.5,2.4257370660497264,0.0336792069,29.691910589497876
SiC,291,10.355040771383122,0.25,1.601214111958339,0.04015472066,24.903672185077532
SiC,292,10.25500290535333,0.3333333333,2.3798533732785025,0.03696826759,27.05022618561932
SiC,293,10.155532881878793,0.4166666667,5.315928506241645,0.04541313521,22.020060834289183
SiC,294,9.248262912698324,0.5,3.862270348414659,0.04271963337,23.408440595425454
SiC,295,9.886092350168623,0.3333333333,3.1014367628962107,0.03840486211,26.038369754740412
SiC,296,9.748534737628948,0.4166666667,2.7682705422564857,0.02928671037,34.14518009589617
SiC,297,9.75729041286538,0.5,3.7909914973401486,0.02893982691,34.55445684281047
SiC,298,9.323499256509454,0.4166666667,2.569510263045372,0.02485175976,40.23859918401207
SiC,299,9.080198982004864,0.5,3.410746733198776,0.0214983924,46.515105938804986
SiC,300,8.52728425004076,0.5,0.6167827970348877,0.01253044188,79.80564528982117
SiC,301,10.404002846343488,0.1666666667,1.5179884172049296,0.04701797564,21.268461399883442
SiC,302,10.019609505717323,0.25,2.4913027865386868,0.04662649854,21.44703186627061
SiC,303,10.502146157395508,0.3333333333,3.1580363700625753,0.04299842068,23.256668133049207
SiC,304,9.87976079570141,0.4166666667,5.922553582395676,0.03868705913,25.848436725048117
SiC,305,8.669688043062367,0.5,2.451368023767185,0.02257969146,44.287584787042086
SiC,306,10.003590972906427,0.25,2.2538761682900885,0.04474055788,22.3510847290311
SiC,307,10.033263963735928,0.3333333333,2.655031332192005,0.03708247998,26.966912691366336
SiC,308,9.989327451202302,0.4166666667,6.2788726251241895,0.03460804147,28.89501854263699
SiC,309,8.800874858300512,0.5,3.0498965477950106,0.02471191145,40.46631528375762
SiC,310,9.546352538967955,0.3333333333,2.912428624361551,0.03970617617,25.184998820298134
SiC,311,9.547756091396996,0.4166666667,2.9020812147547774,0.02935955665,34.06045983327204
SiC,312,9.187052214430278,0.5,6.287068660949359,0.03465529307,28.855620928673332
SiC,313,8.976988207804238,0.4166666667,7.146896449097379,0.03284679436,30.44437119312242
SiC,314,8.912005316159544,0.5,3.3634585131703685,0.01830801216,54.62089446197964
SiC,315,8.394744086208823,0.5,0.9137876983417469,0.01148353125,87.08122773645955
SiC,316,9.753999395811281,0.25,2.345024170336574,0.04118238863,24.282224350423746
SiC,317,9.670108774377962,0.3333333333,3.017648344169469,0.03672073393,27.23257116555132
SiC,318,9.710086880659972,0.4166666667,3.5609306201291457,0.03262114506,30.65496315842691
SiC,319,8.495176007145316,0.5,1.4251800896292026,0.01583087727,63.16769329612773
SiC,320,9.176768209289419,0.3333333333,2.6968096588146944,0.03182897215,31.417916836500794
SiC,321,9.200437363186577,0.4166666667,3.658597199937699,0.02842421018,35.1812765831441
SiC,322,8.543606020764729,0.5,3.292148189023255,0.0182495908,54.79574917372942
SiC,323,8.586815001039396,0.4166666667,2.6347996927115,0.01628319306,61.41301625026609
SiC,324,8.66155310234343,0.5,3.068993215326195,0.0144700674,69.10817844566502
SiC,325,8.21153051956698,0.5,1.0191126083014996,0.01037255025,96.40830614438335
SiC,326,8.915794004354494,0.3333333333,2.5863023846786684,0.02263121787,44.18675149275119
SiC,327,8.8098216818067,0.4166666667,3.00025584384584,0.01853517187,53.951482457982735
SiC,328,8.184474322480806,0.5,1.680080972086592,0.01279375035,78.16316346988903
SiC,329,8.335196541180592,0.4166666667,2.182343831997836,0.01441466553,69.37379142920703
SiC,330,8.242653125449152,0.5,2.987265184349722,0.01425133445,70.16886758979963
SiC,331,8.025563593099788,0.5,1.004741700592197,0.0101466884,98.55432241321218
SiC,332,8.15488116058766,0.4166666667,1.8097677783481232,0.01148013072,87.10702207056401
SiC,333,7.931751569232456,0.5,1.2145268954547441,0.01022386878,97.81033202971136
SiC,334,7.887507742827664,0.5,0.5526707007084075,0.009608932427,104.06983372992764
SiC,335,7.836542137908438,0.5,4.796330348796446e-16,0.009863925826,101.37951335401698
SiC,336,10.836320025799607,0.0,0.0,0.04945622027,20.219903473023738
SiC,337,10.761925880609287,0.08333333333,0.7764054595,0.04917055686,20.33737390542947
SiC,338,10.54075412901188,0.1666666667,1.533981973,0.04935535314,20.261226723744194
SiC,339,10.17653387477474,0.25,2.276079431,0.04985368692,20.058696994761807
SiC,340,9.669783280237645,0.3333333333,3.03148806,0.04956701199,20.174708134550194
SiC,341,9.92768223447482,0.4166666667,8.78013253,0.04297691803,23.268304146471156
SiC,342,11.63306560073589,0.5,3.690335466,0.08774486241,11.396678649142576
SiC,343,10.837014867633256,0.08333333333,0.02536287503834392,0.0513140636,19.487834910038192
SiC,344,10.6927144919999,0.1666666667,2.182509802916859,0.05432762601,18.40684148090571
SiC,345,10.327569219684213,0.25,2.7659369755002667,0.05375290021,18.603647358435246
SiC,346,9.818663001949993,0.3333333333,3.398805148464367,0.05230985465,19.116856789048637
SiC,347,10.15224137144437,0.4166666667,8.573142746908779,0.04903967928,20.391650489603283
SiC,348,11.725504049007712,0.5,1.9007690677935485,0.06672001387,14.988006476564001
SiC,349,10.803533486818399,0.1666666667,0.2687949979507508,0.05303153099,18.856706214809584
SiC,350,10.702338126676233,0.25,1.8229677442035623,0.04498144939,22.23138679524884
SiC,351,10.237137747075767,0.3333333333,4.116853396997845,0.05239856236,19.08449306546967
SiC,352,10.748395876981531,0.4166666667,8.141793590413497,0.0706908939,14.146093574861416
SiC,353,11.230778207252245,0.5,3.180121303441188,0.04785518247,20.896378372956605
SiC,354,10.63031500339147,0.25,1.2239151600947265,0.05141386461,19.450006483377635
SiC,355,10.366912813405303,0.3333333333,8.538424587627711,0.07165547877,13.955666993863838
SiC,356,10.393120130546158,0.4166666667,3.3377979564090374,0.03579559503,27.936398295988877
SiC,357,10.560687871831288,0.5,3.755713764858981,0.03737723867,26.754250329429166
SiC,358,10.026544526390708,0.3333333333,3.2638787640068343,0.03866485241,25.86328248187926
SiC,359,9.939008914577457,0.4166666667,4.460520349508597,0.03189212251,31.355705462577564
SiC,360,10.246405643397951,0.5,4.262721354820121,0.05543692408,18.0385188499441
SiC,361,10.26818308004997,0.4166666667,5.848317797293208,0.05591003082,17.885878174874524
SiC,362,11.028979288708307,0.5,5.0420400258078395,0.05826357086,17.16338331550041
SiC,363,11.771205704451788,0.5,1.015390328028238,0.06956934609,14.374146893752988
SiC,364,10.747449396858908,0.08333333333,0.5906482300227315,0.04834929221,20.68282604131218
SiC,365,10.81239698316258,0.1666666667,1.668023378261997,0.05088680769,19.651458705996102
SiC,366,10.619620044272054,0.25,3.798233375102485,0.0533816884,18.733015570934995
SiC,367,10.093262006379877,0.3333333333,4.267526244213001,0.05326806708,18.772973280561544
SiC,368,10.428147265548608,0.4166666667,8.621919216272781,0.0562463842,17.778920622598882
SiC,369,11.558702901379224,0.5,2.40422697424464,0.05836486242,17.133596457469384
SiC,370,10.57921186631972,0.1666666667,1.4424294428991766,0.05069534061,19.725678690927726
SiC,371,10.62279629947134,0.25,1.9888418650182613,0.04391358493,22.771996446977393
SiC,372,10.513566380815945,0.3333333333,4.703168225786261,0.05076499951,19.698611438044313
SiC,373,10.937848876026429,0.4166666667,3.4885770878916187,0.04410476324,22.67328802012633
SiC,374,11.104769248214334,0.5,3.240281274095686,0.04581253087,21.82808897499358
SiC,375,10.372965140074161,0.25,2.2645491121871064,0.04926141911,20.299861799900956
SiC,376,10.54333148734341,0.3333333333,3.5197564562655463,0.04587168162,21.799942027065367
SiC,377,10.315976909981558,0.4166666667,3.369042219562256,0.03595325114,27.81389633182419
SiC,378,10.466983659522407,0.5,3.7508484134819433,0.03646007657,27.427260008082865
SiC,379,9.908110425911499,0.3333333333,2.030008382822128,0.03237695237,30.88616830182525
SiC,380,9.84581682149516,0.4166666667,4.348996158778763,0.03162923655,31.616317972746007
SiC,381,9.890272316016517,0.5,4.87502209547432,0.04720238265,21.185371243118805
SiC,382,9.828874179380442,0.4166666667,7.036913760092161,0.0491320289,20.35332190403397
SiC,383,10.605548926570181,0.5,5.515237170911362,0.05718841742,17.486058280925235
SiC,384,11.327748668922984,0.5,4.065438121317425,0.06502705378,15.378214787082424
SiC,385,10.404002846343488,0.1666666667,1.5179884172049296,0.04698820553,21.281936365106386
SiC,386,10.387717641467695,0.25,2.406137580102507,0.04477694694,22.332920583888296
SiC,387,10.502146157395508,0.3333333333,3.1580363700625753,0.0430568307,23.225118610506556
SiC,388,10.662676493632361,0.4166666667,3.4717159136970066,0.04243408422,23.565961617446213
SiC,389,10.74084179610065,0.5,3.474030145599648,0.04204785534,23.78242580778437
SiC,390,10.127015219062889,0.25,2.0639823527478054,0.03995860135,25.025900962872416
SiC,391,10.105463004162388,0.3333333333,3.5443369478363382,0.04210915374,23.74780567129013
SiC,392,10.086308402775337,0.4166666667,3.4559005167257357,0.0349356789,28.624032264047397
SiC,393,10.190136986225607,0.5,3.749306588017381,0.03461396774,28.890071416008084
SiC,394,9.700427881755283,0.3333333333,2.3090413903864704,0.03187833108,31.369270790571132
SiC,395,9.580842180671247,0.4166666667,4.07048631150036,0.03239197538,30.871843667102713
SiC,396,9.54404404744799,0.5,3.7343197127492456,0.02862343567,34.93640705920192
SiC,397,9.142911531569453,0.4166666667,2.6623701094553014,0.02251065065,44.423416077491304
SiC,398,9.752331311951329,0.5,5.782559326753046,0.04043524619,24.73089925806632
SiC,399,10.416373791365782,0.5,5.165916717824639,0.0450509436,22.1970933367975
SiC,400,9.753999395811281,0.25,2.345024170336574,0.04123287139,24.252494824857745
SiC,401,9.670108774377962,0.3333333333,3.017648344169469,0.03678180833,27.18735280843654
SiC,402,9.710086880659972,0.4166666667,3.5609306201291457,0.03263027,30.64639060602318
SiC,403,9.751891826266121,0.5,3.7237363027145776,0.03137113013,31.876441679214697
SiC,404,9.363242133377126,0.3333333333,2.644352347933485,0.03123266332,32.01776261455246
SiC,405,9.226606884211545,0.4166666667,3.0245710825431105,0.02626855883,38.06832367438256
SiC,406,9.210276552543187,0.5,3.5622343895017092,0.02578116126,38.78801229762759
SiC,407,8.863177055492228,0.4166666667,2.678974984497075,0.01706765466,58.59035819043224
SiC,408,8.895763266146567,0.5,4.992646617299474,0.02535760107,39.4359070970273
SiC,409,9.446267653793324,0.5,4.88390148997956,0.0320881204,31.164181246340622
SiC,410,8.915794004354494,0.3333333333,2.5863023846786684,0.0226584307,44.13368309747948
SiC,411,8.8098216818067,0.4166666667,3.00025584384584,0.01852824593,53.971649759940334
SiC,412,8.796921747133853,0.5,3.202378171512125,0.01755457874,56.96519493922074
SiC,413,8.518117345487717,0.4166666667,2.4963659101524533,0.0126951627,78.7701602280371
SiC,414,8.371751732340964,0.5,2.615311132095524,0.01162181199,86.04510216310942
SiC,415,8.60902219423495,0.5,4.092119322787958,0.01583916166,63.134654564792164
SiC,416,8.15488116058766,0.4166666667,1.8097677783481232,0.01146870852,87.19377585158124
SiC,417,8.095186515011726,0.5,1.8660157137595028,0.01031366783,96.95871696500042
SiC,418,8.039327452634726,0.5,2.144506274829001,0.01109563766,90.1255097401946
SiC,419,7.836542137908438,0.5,6.372325580039944e-16,0.009873925176,101.27684605415527
SiC,420,10.836320025799607,0.0,0.0,0.04944211247,20.225673015220984
SiC,421,10.914381301413993,0.08333333333,0.7932278899,0.05001388574,19.994447246081943
SiC,422,11.122983635408872,0.1666666667,1.330506835,0.05305974945,18.84667776168702
SiC,423,11.397553708653202,0.25,1.473028513,0.0570319657,17.53402653627981
SiC,424,11.661059002394602,0.3333333333,1.225413742,0.06641447501,15.05695858996748
SiC,425,11.847468217265547,0.4166666667,0.6877314493,0.07779550659,12.8542128438115
SiC,426,11.63306560073589,0.5,3.690335466,0.08772680538,11.399024456303529
SiC,427,10.837014867633256,0.08333333333,0.02536287503834392,0.05132718619,19.482852543255692
SiC,428,10.89182348032951,0.1666666667,1.4965286604270847,0.05138546744,19.460755147700958
SiC,429,11.09475497250483,0.25,2.5475466586704973,0.05303477463,18.855552926858923
SiC,430,11.35727455920478,0.3333333333,2.927158075302558,0.05277755608,18.9474480115033
SiC,431,11.593180292926544,0.4166666667,2.6115122185227926,0.05999431254,16.668246666436424
SiC,432,11.725504049007712,0.5,1.9007690677935485,0.06677559576,14.975530934896147
SiC,433,10.803533486818399,0.1666666667,0.2687949979507508,0.05313424796,18.820253196258847
SiC,434,10.749780096859634,0.25,3.630251946459789,0.05319527697,18.79866140304072
SiC,435,10.823786882791708,0.3333333333,2.9561771237851704,0.04533465513,22.058180372883317
SiC,436,11.030138110172903,0.4166666667,3.4839972623450253,0.04477294712,22.334915709698762
SiC,437,11.230778207252245,0.5,3.180121303441188,0.04784720256,20.899863450658543
SiC,438,10.63031500339147,0.25,1.2239151600947265,0.05144370919,19.438722746578065
SiC,439,10.751039986487742,0.3333333333,3.1863829045558894,0.04755521708,21.028187050807592
SiC,440,10.717749236689071,0.4166666667,3.7094565715564602,0.0422316759,23.67890875010243
SiC,441,10.560687871831288,0.5,3.755713764858981,0.03738144768,26.75123790176336
SiC,442,11.438840708370302,0.3333333333,7.83151206909307,0.1264864583,7.905984667767396
SiC,443,10.956703454430254,0.4166666667,5.307404110198943,0.06112147038,16.360862946896926
SiC,444,10.246405643397951,0.5,4.262721354820121,0.05541449446,18.045820136856662
SiC,445,11.718796672424078,0.4166666667,0.37204445608420217,0.06985818919,14.314714016995262
SiC,446,11.028979288708307,0.5,5.0420400258078395,0.05813691613,17.200774766998293
SiC,447,11.771205704451788,0.5,1.2769301054995708,0.06954158422,14.379885232933798
SiC,448,10.747449396858908,0.08333333333,0.5906482300227315,0.04831005754,20.699623451535224
SiC,449,10.81239698316258,0.1666666667,1.668023378261997,0.0507401076,19.708275116074056
SiC,450,11.011251941104423,0.25,2.485219329341613,0.05343228895,18.715275344759494
SiC,451,11.264588675926033,0.3333333333,2.7723766845874174,0.05358842148,18.660747459658143
SiC,452,11.476066718517213,0.4166666667,2.5912791714465007,0.05634110312,17.749031251129683
SiC,453,11.558702901379224,0.5,2.40422697424464,0.05835059247,17.137786570275765
SiC,454,10.63954750365431,0.1666666667,1.0866818439047714,0.04554120048,21.958138772366414
SiC,455,10.768946628501219,0.25,2.9336285659398684,0.0502895797,19.884835108295803
SiC,456,10.742565942289307,0.3333333333,3.0281822493417154,0.04495331703,22.245299481073687
SiC,457,11.120710145243988,0.4166666667,8.675173813214958,0.0886686235,11.27794658952837
SiC,458,11.104769248214334,0.5,3.240281274095686,0.04572055069,21.872002522023866
SiC,459,10.372965140074161,0.25,2.2645491121871064,0.04925318118,20.303257090042848
SiC,460,10.879901460472098,0.3333333333,9.64953490944991,0.0857477831,11.662109081395014
SiC,461,10.580203326812361,0.4166666667,3.692958155788546,0.04104540893,24.3632607414249
SiC,462,10.466983659522407,0.5,3.7508484134819433,0.03654821445,27.361117774113314
SiC,463,11.476722954136317,0.3333333333,1.2554087806889493,0.06191458814,16.151282436682298
SiC,464,10.706253949431273,0.4166666667,5.745924872238735,0.05036347955,19.85565749100431
SiC,465,9.890272316016517,0.5,4.87502209547432,0.04720747755,21.183084797124476
SiC,466,11.346981883302625,0.4166666667,3.4469992019994677,0.06366634998,15.706884410903685
SiC,467,10.605548926570181,0.5,5.515237170911362,0.05723668666,17.471311816846526
SiC,468,11.327748668922984,0.5,4.069080113482277,0.06509679741,15.361738822598092
SiC,469,10.404002846343488,0.1666666667,1.5179884172049296,0.04701593726,21.26938349585504
SiC,470,10.387717641467695,0.25,2.406137580102507,0.04479767459,22.322587258206163
SiC,471,10.806495067464244,0.3333333333,10.353746569139831,0.08424263642,11.87047369949821
SiC,472,10.662676493632361,0.4166666667,3.4717159136970066,0.04245356638,23.555147076432732
SiC,473,10.74084179610065,0.5,3.474030145599648,0.04205614808,23.77773632758238
SiC,474,10.752206378952982,0.25,10.995254186610378,0.08516875378,11.741395237308591
SiC,475,11.08641462164169,0.3333333333,5.237202967551856,0.04636489204,21.568043319011252
SiC,476,10.207200170702672,0.4166666667,3.731693689140781,0.03765807992,26.554726160345353
SiC,477,10.190136986225607,0.5,3.749306588017381,0.03459848699,28.902997992051787
SiC,478,11.21495110123225,0.3333333333,3.6123061117285467,0.04800380482,20.83168206665498
SiC,479,10.184980386759571,0.4166666667,6.299758915309284,0.03741645126,26.72621176848614
SiC,480,9.54404404744799,0.5,3.7343197127492456,0.02863923938,34.9171284450502
SiC,481,10.573799391860128,0.4166666667,4.536017334075503,0.04375450945,22.85478714240276
SiC,482,9.752331311951329,0.5,5.782559326753046,0.04043887658,24.72867904778971
SiC,483,10.416373791365782,0.5,5.42640934789687,0.04506197908,22.191657366505527
SiC,484,11.950427485275801,0.25,10.673148114487319,0.1621178842,6.1683509190530135
SiC,485,11.02498388211552,0.3333333333,6.12206494710926,0.03900044598,25.640732429388493
SiC,486,9.789968032569735,0.4166666667,6.8895709444780024,0.02819322704,35.46951182924961
SiC,487,9.751891826266121,0.5,3.7237363027145776,0.03137376184,31.873767803166317
SiC,488,10.856702066713417,0.3333333333,5.345982967406799,0.03582696364,27.911938339187707
SiC,489,9.669330026058313,0.4166666667,6.661895605867413,0.02715107038,36.830960474273574
SiC,490,9.210276552543187,0.5,3.5622343895017092,0.02572256244,38.87637564618932
SiC,491,9.76628910655907,0.4166666667,4.7501834626641015,0.03023219842,33.07731664457632
SiC,492,8.895763266146567,0.5,4.992646617299474,0.02526558892,39.57952467153495
SiC,493,9.446267653793324,0.5,4.86694070946204,0.03208391519,31.168265907637192
SiC,494,10.461371294412036,0.3333333333,5.925421787369753,0.0305295273,32.7551746927965
SiC,495,9.277553516270004,0.4166666667,6.47970270839368,0.02037707584,49.07475478090972
SiC,496,8.796921747133853,0.5,3.202378171512125,0.01755711018,56.95698151619164
SiC,497,9.09240379313981,0.4166666667,4.789712573281321,0.01924884109,51.951179570987875
SiC,498,8.371751732340964,0.5,2.615311132095524,0.01169722237,85.49038125193819
SiC,499,8.60902219423495,0.5,3.8054757415665144,0.01582887808,63.17567138655982
SiC,500,8.640320392582737,0.4166666667,4.487966321790985,0.0131899001,75.81558559340415
SiC,501,8.095186515011726,0.5,1.8660157137595028,0.01031434511,96.95235027868871
SiC,502,8.039327452634726,0.5,2.273350880350436,0.01109281149,90.14847145842916
SiC,503,7.836542137908438,0.5,6.4989259211164165e-15,0.009887610669,101.13666824840068
SiC,504,10.836320025799607,0.0,0.0,0.04958996933,20.165368390236914
SiC,505,10.914381301413993,0.08333333333,0.7932278899,0.05015410275,19.938548297526868
SiC,506,11.122983635408872,0.1666666667,1.330506835,0.05315802507,18.811835065038093
SiC,507,11.397553708653202,0.25,1.473028513,0.05706368754,17.524279329109756
SiC,508,11.661059002394602,0.3333333333,1.225413742,0.06645999772,15.046645114450058
SiC,509,11.847468217265547,0.4166666667,0.6877314493,0.07774865745,12.861958428582486
SiC,510,11.914400952723698,0.5,1.603781721e-15,0.08367448044,11.951075103681875
SiC,511,10.910243037344287,0.08333333333,0.5477491543074577,0.05291696425,18.89753152270068
SiC,512,11.038904924663806,0.1666666667,1.5508464444768566,0.05310533749,18.83049891526073
SiC,513,11.305257968252652,0.25,1.7049813416743669,0.05880117702,17.00646229683244
SiC,514,11.554666859346368,0.3333333333,1.5647725880212942,0.06384460428,15.663030749072412
SiC,515,11.710996259480027,0.4166666667,1.4828956445932628,0.06820048776,14.662651732331247
SiC,516,11.757168206640094,0.5,6.003093457773836,0.1009167986,9.90915302380589
SiC,517,11.11634989504276,0.1666666667,0.913079233120333,0.05537695748,18.058052401328855
SiC,518,11.047831710562656,0.25,2.150258508945697,0.05543987021,18.037560265060367
SiC,519,11.25053747487374,0.3333333333,2.2253302090973346,0.05775722934,17.313849909823254
SiC,520,11.322350079140625,0.4166666667,2.628940601524487,0.05430403622,18.414837452390017
SiC,521,12.124438205403802,0.5,5.2598115042386535,0.146574976,6.82244696393469
SiC,522,11.366877113808902,0.25,0.887502776379737,0.06460258797,15.479256039469776
SiC,523,10.85363771653772,0.3333333333,4.691723183856158,0.05454882386,18.33220093922663
SiC,524,11.564740020793268,0.4166666667,7.59777436836388,0.1285332353,7.780088921483797
SiC,525,12.691552641122952,0.5,3.458922939619721,0.1595020041,6.269513700737256
SiC,526,11.578343477610359,0.3333333333,0.659310582367343,0.06839022209,14.621973279806323
SiC,527,12.318973714105624,0.4166666667,4.719713049361338,0.08451928906,11.83161868872445
SiC,528,12.981018095519428,0.5,2.8931072181714317,0.08530427692,11.722741650313962
SiC,529,11.718796672424078,0.4166666667,0.37204445608420217,0.07010768944,14.263770607585439
SiC,530,12.433013237845477,0.5,4.41677178801109,0.08830914503,11.323855526630728
SiC,531,11.771205704451788,0.5,1.1435065471203305,0.06956426259,14.375197303446326
SiC,532,11.199125394184207,0.08333333333,2.0541532918389955,0.05891478936,16.973666728900277
SiC,533,10.983175648368247,0.1666666667,3.4122762507189064,0.05369640548,18.62322051282305
SiC,534,11.011251941104423,0.25,2.485219329341613,0.05340116328,18.726183824061447
SiC,535,11.264588675926033,0.3333333333,2.7723766845874174,0.05353229818,18.680311400746216
SiC,536,11.476066718517213,0.4166666667,2.5912791714465007,0.05641919766,17.724463329420555
SiC,537,11.919964810590512,0.5,7.35269261056601,0.1179699114,8.476737738738354
SiC,538,11.468145670900945,0.1666666667,2.7566101515832715,0.07034297443,14.216060780812223
SiC,539,11.086477971675238,0.25,4.381638000455086,0.05950910348,16.80415165952018
SiC,540,10.993653725455161,0.3333333333,3.142027090536904,0.05183584166,19.291670936090284
SiC,541,11.133105955043042,0.4166666667,3.031019846084306,0.04887013833,20.46239348142234
SiC,542,12.37802656578199,0.5,5.737050960178169,0.1486528152,6.72708417028351
SiC,543,11.613668496553597,0.25,1.8829929588138312,0.07092907988,14.09858977011729
SiC,544,10.976490929082313,0.3333333333,4.6953292431727,0.05176702298,19.317317134237104
SiC,545,12.011281071682538,0.4166666667,8.510518302172107,0.1487926433,6.720762383283771
SiC,546,13.037393575898026,0.5,5.804256792935966,0.1596258442,6.264649718920641
SiC,547,11.476722954136317,0.3333333333,1.2554087806889493,0.06191287895,16.151728315001897
SiC,548,12.033710656854723,0.4166666667,5.281349239853314,0.07954017329,12.572263280770631
SiC,549,12.602524717760447,0.5,4.534166386274651,0.09187672538,10.88414934102215
SiC,550,11.346981883302625,0.4166666667,3.4469992019994677,0.06354969502,15.73571674396369
SiC,551,12.006019802376631,0.5,5.183287965618484,0.07961837441,12.559914811252424
SiC,552,11.327748668922984,0.5,4.0892973405569455,0.0649589519,15.394337050564387
SiC,553,11.992482496720084,0.1666666667,2.190833091279917,0.09364205189,10.678962921217126
SiC,554,11.555290697385256,0.25,4.3785840519798285,0.06886917749,14.520283767657931
SiC,555,10.86384847379912,0.3333333333,4.901087562004461,0.04833031822,20.69094590786661
SiC,556,11.967245068210886,0.4166666667,9.116228814333072,0.1456895524,6.863910167384109
SiC,557,12.993853093383942,0.5,3.858285365927281,0.09021318472,11.084854205111583
SiC,558,11.931738865688882,0.25,1.9464076196051787,0.08014096742,12.478012584490461
SiC,559,11.92817290528749,0.3333333333,10.164047099601799,0.1519547274,6.580907465732455
SiC,560,12.246998900712288,0.4166666667,4.8244252724185035,0.08750118506,11.428416647320777
SiC,561,12.425101397342669,0.5,5.031501761803139,0.09070997656,11.024145721596028
SiC,562,11.21495110123225,0.3333333333,3.6123061117285467,0.04812580119,20.77887485035343
SiC,563,11.419299893640597,0.4166666667,5.852087221952127,0.05820464839,17.180758370010317
SiC,564,11.790014189992547,0.5,5.87987082288221,0.07936952116,12.599294860102694
SiC,565,10.573799391860128,0.4166666667,4.536017334075503,0.04374198106,22.861333112195354
SiC,566,11.111389220086318,0.5,6.275745776637576,0.05658458615,17.672657308990498
SiC,567,10.416373791365782,0.5,5.158990246473755,0.04501322048,22.215695507596795
SiC,568,12.05597738036519,0.25,2.67172169360048,0.08164138272,12.248690145653622
SiC,569,11.956629801154573,0.3333333333,4.854207072290873,0.07783532111,12.847637624398825
SiC,570,11.754583296406514,0.4166666667,5.670791215486634,0.07317798439,13.66531216097082
SiC,571,11.649173015216302,0.5,5.839594495291141,0.06878868283,14.537275011811706
SiC,572,10.856702066713417,0.3333333333,5.345982967406799,0.03583850336,27.90295091161976
SiC,573,10.748124409578198,0.4166666667,6.3090058648702,0.03691093383,27.092243306703683
SiC,574,10.867045729493146,0.5,6.288571425263353,0.04124840875,24.243359448381145
SiC,575,9.76628910655907,0.4166666667,4.7501834626641015,0.03021598893,33.09506110545163
SiC,576,10.121332571129651,0.5,6.34445473131528,0.03466664514,28.84617175851704
SiC,577,9.446267653793324,0.5,4.888296834878061,0.03207521283,31.176722202906113
SiC,578,10.461371294412036,0.3333333333,5.925421787369753,0.03053093645,32.753662883471755
SiC,579,10.120838442777833,0.4166666667,6.320845414538191,0.02944417668,33.962573002737464
SiC,580,9.976480757041019,0.5,6.242244733664243,0.02941444635,33.99690030201775
SiC,581,9.09240379313981,0.4166666667,4.789712573281321,0.0192497924,51.948612183474765
SiC,582,9.203143627472715,0.5,5.7111428234546215,0.02175158384,45.973663681494926
SiC,583,8.60902219423495,0.5,3.786976491037359,0.01588485586,62.9530421184445
SiC,584,8.640320392582737,0.4166666667,4.487966321790985,0.01325449642,75.4460952957125
SiC,585,8.475362469279778,0.5,4.4093486513707285,0.01144008626,87.41192830830981
SiC,586,8.039327452634726,0.5,2.4521787088230558,0.01111199183,89.99286674241553
SiC,587,7.836542137908438,0.5,3.788246668820121e-16,0.009854624657,101.4751991888066
SiC,588,10.836320025799607,0.0,0.0,0.0494370483,20.227744867203164
SiC,589,10.98147197746302,0.08333333333,1.495651693,0.05773626346,17.320137121322468
SiC,590,11.391549927425087,0.1666666667,2.734744191,0.07035186984,14.214263277923987
SiC,591,11.999372974699547,0.25,3.54317318,0.09108012203,10.979344095198067
SiC,592,12.710600296754441,0.3333333333,3.787444906,0.1067500014,9.367681375974202
SiC,593,13.386250926563037,0.4166666667,3.031403875,0.08108964984,12.332030067624226
SiC,594,11.914400952723698,0.5,2.238377575e-15,0.08368637852,11.94937596398693
SiC,595,10.910243037344287,0.08333333333,0.5477491543074577,0.05292817243,18.893529742077284
SiC,596,11.32643117475477,0.1666666667,2.850734588068403,0.06347303318,15.75472212213571
SiC,597,11.937783586343006,0.25,3.613067872470724,0.08907790633,11.226128242118508
SiC,598,12.64922320995114,0.3333333333,3.8451123467920882,0.1055901075,9.47058416433566
SiC,599,13.329040614845944,0.4166666667,3.161115921420492,0.08286367317,12.068014387298975
SiC,600,11.757168206640094,0.5,6.003093457773836,0.1008385486,9.916842456417506
SiC,601,11.11634989504276,0.1666666667,0.913079233120333,0.05540179313,18.049957293864217
SiC,602,11.732974789994193,0.25,3.8672597134834157,0.07812978526,12.799216031020741
SiC,603,12.446939349478699,0.3333333333,4.08114059746461,0.1008966082,9.911135942427052
SiC,604,13.140920971350887,0.4166666667,3.5602134949145356,0.08977090359,11.13946679836466
SiC,605,12.124438205403802,0.5,5.2598115042386535,0.1462116936,6.839398240853152
SiC,606,11.366877113808902,0.25,0.887502776379737,0.06463585698,15.471288642609407
SiC,607,12.08550735615438,0.3333333333,4.485124706238497,0.0843684218,11.852775939919265
SiC,608,12.801985015162142,0.4166666667,4.140618691982721,0.09407028231,10.63034972835089
SiC,609,12.691552641122952,0.5,3.458922939619721,0.1594659623,6.270930708828764
SiC,610,11.578343477610359,0.3333333333,0.659310582367343,0.06841859784,14.615909000920269
SiC,611,12.455351947136705,0.4166666667,6.850145730035209,0.1690973071,5.913754731816187
SiC,612,12.981018095519428,0.5,2.8931072181714317,0.08522292538,11.733931867993336
SiC,613,13.035039803205201,0.4166666667,3.8873130864160546,0.08230901924,12.149336843440683
SiC,614,12.433013237845477,0.5,4.41677178801109,0.08827787098,11.327867209513439
SiC,615,11.771205704451788,0.5,1.1488138864074782,0.06957162177,14.373676717008923
SiC,616,11.199125394184207,0.08333333333,2.0541532918389955,0.05878742595,17.010440308281606
SiC,617,11.68709578501393,0.1666666667,3.185901997705829,0.08253445647,12.116151759762113
SiC,618,12.275593787098133,0.25,3.4481760543070044,0.1035530636,9.656884743292133
SiC,619,12.881937689711782,0.3333333333,3.1427438493933946,0.109215773,9.156186625168143
SiC,620,13.403860278283664,0.4166666667,2.248312194764315,0.08607006849,11.618440853409853
SiC,621,11.919964810590512,0.5,7.35269261056601,0.1182017528,8.46011143076721
SiC,622,11.468145670900945,0.1666666667,2.7566101515832715,0.07031518554,14.221679034482996
SiC,623,12.03918501234774,0.25,4.233575348711947,0.09330516308,10.717520520730437
SiC,624,12.611876066977038,0.3333333333,3.7074374573895033,0.1023518797,9.770216266971012
SiC,625,13.109694335431715,0.4166666667,3.0664504445988565,0.09048909295,11.051055628909362
SiC,626,12.37802656578199,0.5,5.737050960178169,0.1486344325,6.727916157650752
SiC,627,11.613668496553597,0.25,1.8829929588138312,0.07094638239,14.095151384927435
SiC,628,12.136731497137813,0.3333333333,4.0477591919940865,0.08429235816,11.863471634069658
SiC,629,12.6372387583842,0.4166666667,4.1474409584364045,0.09341644601,10.704753206870581
SiC,630,13.037393575898026,0.5,5.804256792935966,0.1595982142,6.265734269099359
SiC,631,11.955034314230364,0.3333333333,9.007957237253004,0.1490976435,6.707014118569889
SiC,632,12.933166840892822,0.4166666667,7.977392328689861,0.159387534,6.274016385748211
SiC,633,12.602524717760447,0.5,4.534166386274651,0.09187888166,10.883893903938926
SiC,634,12.608904063273972,0.4166666667,5.680206808525884,0.09291312376,10.762742221250232
SiC,635,12.006019802376631,0.5,5.183287965618484,0.07961790281,12.559989207281658
SiC,636,11.327748668922984,0.5,4.075293927892713,0.06485113011,15.419931746814704
SiC,637,11.992482496720084,0.1666666667,2.190833091279917,0.09361580286,10.681957206471584
SiC,638,12.483382166108404,0.25,2.2695847203480057,0.1084557957,9.220346349826283
SiC,639,12.826474660537421,0.3333333333,1.9778562612171442,0.09738073972,10.268971080680963
SiC,640,12.971262889043189,0.4166666667,3.153264046557904,0.09239927976,10.822595182531973
SiC,641,12.993853093383942,0.5,3.858285365927281,0.0902146305,11.084676559197346
SiC,642,11.931738865688882,0.25,1.9464076196051787,0.08026455216,12.458799969463382
SiC,643,12.137382394700126,0.3333333333,4.372033166752166,0.08316181572,12.0247494759726
SiC,644,12.679034859750162,0.4166666667,4.982871325816437,0.09185099961,10.887197790399748
SiC,645,12.425101397342669,0.5,5.031501761803139,0.09075792517,11.018321519877027
SiC,646,12.632328664460223,0.3333333333,5.328753556337234,0.09352885919,10.691887067376086
SiC,647,12.240172874118581,0.4166666667,6.167270476531377,0.09236140526,10.827033187563261
SiC,648,11.790014189992547,0.5,5.87987082288221,0.07923438011,12.620784041115911
SiC,649,11.696078840142912,0.4166666667,6.827477185840012,0.08219002966,12.166925892796911
SiC,650,11.111389220086318,0.5,6.275745776637576,0.05666357632,17.648021267712316
SiC,651,10.416373791365782,0.5,5.449763083303113,0.04498827772,22.228012510811006
SiC,652,12.05597738036519,0.25,2.67172169360048,0.08151876796,12.26711375827815
SiC,653,11.956629801154573,0.3333333333,4.854207072290873,0.07778795686,12.8554604127187
SiC,654,11.754583296406514,0.4166666667,5.670791215486634,0.07326430559,13.64921146726179
SiC,655,11.649173015216302,0.5,5.839594495291141,0.06877041787,14.541136014184874
SiC,656,11.614820525285223,0.3333333333,6.469446694064712,0.06958904614,14.370077698553148
SiC,657,11.205523141192252,0.4166666667,6.705416418467098,0.04945394849,20.220832320440667
SiC,658,10.867045729493146,0.5,6.288571425263353,0.04121590131,24.262480455750104
SiC,659,10.637523164186641,0.4166666667,6.978669997183457,0.03959070555,25.258453622077468
SiC,660,10.121332571129651,0.5,6.34445473131528,0.03468892268,28.827646486022264
SiC,661,9.446267653793324,0.5,4.864658626354415,0.03208713976,31.165133679088633
SiC,662,10.461371294412036,0.3333333333,5.925421787369753,0.03051902817,32.766443100013035
SiC,663,10.120838442777833,0.4166666667,6.320845414538191,0.02941422097,33.99716079579041
SiC,664,9.976480757041019,0.5,6.242244733664243,0.02940755186,34.0048707475101
SiC,665,9.581907934691321,0.4166666667,6.377478735520739,0.02461188302,40.63077982238841
SiC,666,9.203143627472715,0.5,5.7111428234546215,0.02179912746,45.8733957051692
SiC,667,8.60902219423495,0.5,4.313673091835385,0.0159381281,62.742625340048555
SiC,668,8.640320392582737,0.4166666667,4.487966321790985,0.01315855669,75.9961767509017
SiC,669,8.475362469279778,0.5,4.4093486513707285,0.01145294101,87.3138173964977
SiC,670,8.039327452634726,0.5,2.0891436801218575,0.01109989858,90.090913245083
SiC,671,7.836542137908438,0.5,1.1438834077742332e-14,0.009845447808,101.56978326444855
SiC,672,10.836320025799607,0.0,0.0,0.04959408003,20.16369694518154
SiC,673,10.98147197746302,0.08333333333,1.495651693,0.05781315599,17.297101029616357
SiC,674,11.391549927425087,0.1666666667,2.734744191,0.07043912216,14.196656195239557
SiC,675,11.999372974699547,0.25,3.54317318,0.0911266289,10.973740739354838
SiC,676,12.710600296754441,0.3333333333,3.787444906,0.1067511194,9.367583268639711
SiC,677,13.386250926563037,0.4166666667,3.031403875,0.08109285505,12.331542641869286
SiC,678,13.717749768021681,0.5,6.941385778e-15,0.06171982615,16.20224913741109
SiC,679,11.271154812046968,0.08333333333,3.0390048252600215,0.06031942087,16.578408505532458
SiC,680,11.758437819043676,0.1666666667,3.941690817073148,0.08512263748,11.747756291444272
SiC,681,12.350251200029117,0.25,4.207368910892499,0.1068848579,9.355862183356095
SiC,682,12.967148553919179,0.3333333333,3.7695400130785015,0.1112957764,8.985066930176876
SiC,683,13.436504103027403,0.4166666667,8.9369062552664,0.1452854086,6.883003665930427
SiC,684,13.704888372718305,0.5,0.19134157963006954,0.06901779154,14.489017653084993
SiC,685,12.31113865790511,0.1666666667,4.254849584317971,0.1061297936,9.422424807203244
SiC,686,12.877013302082366,0.25,3.9009421472290886,0.1244776151,8.033572937565062
SiC,687,13.362466872346262,0.3333333333,2.853939236796471,0.106645012,9.376903628647911
SiC,688,13.5491774518766,0.4166666667,7.670721050907025,0.1568040573,6.377386001478165
SiC,689,13.616228507894096,0.5,0.8201941858074695,0.07599949729,13.157981771697585
SiC,690,13.338881348005502,0.25,2.921341634616612,0.1087816738,9.192724887084795
SiC,691,13.635812020711933,0.3333333333,1.3272391277101605,0.1044336465,9.57545803976116
SiC,692,13.674569906735401,0.4166666667,0.8006217280964963,0.0888630584,11.253270121524425
SiC,693,13.381918878617723,0.5,1.7240417205764826,0.08505015521,11.757768078504602
SiC,694,13.68756450517685,0.3333333333,0.6010478428545518,0.09541812855,10.480188777502491
SiC,695,13.464467290711719,0.4166666667,2.547652075894357,0.08719300579,11.468809808076236
SiC,696,13.361802002571498,0.5,3.6123499835039263,0.1760937184,5.678794275491885
SiC,697,13.300272690431324,0.4166666667,5.858188442273147,0.1772296099,5.642398020083889
SiC,698,14.022477237671858,0.5,3.9541358993282474,0.1878556797,5.323235377269246
SiC,699,14.587162456480508,0.5,2.577953380592866,0.223723372,4.4698056848526315
SiC,700,11.199125394184207,0.08333333333,2.0541532918389955,0.0585803021,17.070584550638568
SiC,701,11.68709578501393,0.1666666667,3.185901997705829,0.08243680485,12.130504109415394
SiC,702,12.275593787098133,0.25,3.4481760543070044,0.1036100987,9.651568838820149
SiC,703,12.881937689711782,0.3333333333,3.1427438493933946,0.1091938369,9.15802602408598
SiC,704,13.403860278283664,0.4166666667,2.248312194764315,0.08611562298,11.612294789207365
SiC,705,13.639721969058025,0.5,0.9780813229360635,0.07072827251,14.138617620819367
SiC,706,12.233652827677616,0.1666666667,4.261173106890564,0.1022463234,9.780302770280343
SiC,707,12.782882842596445,0.25,3.8427277781927596,0.1200817694,8.327658769491784
SiC,708,13.231669448774985,0.3333333333,2.8271055379241856,0.1048031965,9.541693702061846
SiC,709,13.478499743311716,0.4166666667,1.9775401559142127,0.08825942987,11.330234077796904
SiC,710,13.436026714592499,0.5,2.294715691875715,0.08158926932,12.256513734397052
SiC,711,13.206087375011167,0.25,2.892332591406717,0.1066572565,9.375827138400096
SiC,712,13.432486500686254,0.3333333333,2.2127879058723825,0.1041057801,9.605614587772537
SiC,713,13.387621290411795,0.4166666667,3.152271737029008,0.09500423888,10.525846128435402
SiC,714,13.086914494793168,0.5,3.56115791516287,0.09112701838,10.973693837210787
SiC,715,13.388066499308755,0.3333333333,3.242728356857302,0.09695567564,10.313991351192652
SiC,716,13.088407505032622,0.4166666667,4.643960643104822,0.0921891095,10.847268244846209
SiC,717,13.767670197654972,0.5,5.789974717619852,0.1737557794,5.755204249626243
SiC,718,13.7681914269105,0.4166666667,7.086392851016903,0.1703697536,5.86958646631511
SiC,719,14.447992045733457,0.5,5.153894875517795,0.1759652424,5.68294048506934
SiC,720,14.996402242399572,0.5,3.7243560864357144,0.1936771467,5.163231785673554
SiC,721,11.992482496720084,0.1666666667,2.190833091279917,0.09357676721,10.686413196513332
SiC,722,12.483382166108404,0.25,2.2695847203480057,0.1085214488,9.214768242202089
SiC,723,12.826474660537421,0.3333333333,1.9778562612171442,0.09733748328,10.273534575816084
SiC,724,12.971262889043189,0.4166666667,3.153264046557904,0.09240248847,10.822219363980295
SiC,725,13.015734163777156,0.5,6.458977021070795,0.1562440023,6.400245675222313
SiC,726,12.788777281195554,0.25,3.3130885975751743,0.09990723618,10.009284995116158
SiC,727,12.848786693868638,0.3333333333,3.990699702708407,0.09447947591,10.584309347276522
SiC,728,12.958452284856802,0.4166666667,9.00137828472369,0.1528025974,6.544391371713686
SiC,729,13.822990283408743,0.5,6.941318616135375,0.1659997626,6.024105000738116
SiC,730,12.997901710248852,0.3333333333,9.468286024439415,0.1492979791,6.698014306879522
SiC,731,13.913382788520922,0.4166666667,8.418294359888955,0.1582417721,6.319443891010368
SiC,732,14.630907960800734,0.5,6.887376273920714,0.1871147975,5.344312760726473
SiC,733,14.720872221341336,0.4166666667,7.4930523335646475,0.1831547896,5.45986267781446
SiC,734,15.320661408792766,0.5,5.8757720061767005,0.16011253,6.245607386255155
SiC,735,15.818716953394349,0.5,4.6542454623285545,0.153270979,6.524392331310156
SiC,736,12.05597738036519,0.25,2.67172169360048,0.08158828181,12.256662082047098
SiC,737,13.066064511290326,0.3333333333,9.863530807902382,0.146423691,6.829495918116147
SiC,738,14.003454690324189,0.4166666667,8.73971708486177,0.1573567952,6.354984535170553
SiC,739,14.72807293209362,0.5,6.990889935059045,0.1736209111,5.759674878241093
SiC,740,14.111970711524597,0.3333333333,9.08815116073614,0.1582086328,6.320767598466978
SiC,741,14.964344344987278,0.4166666667,8.018566186607305,0.1673371965,5.975957652666901
SiC,742,15.574618085540257,0.5,6.77995602691144,0.147991134,6.757161547258635
SiC,743,15.733803368338954,0.4166666667,7.01200874980755,0.143522564,6.967545535209363
SiC,744,16.24990722195196,0.5,5.529455232481029,0.13613143,7.34584217619693
SiC,745,16.680035058053157,0.5,4.4057440776443455,0.1306344625,7.6549478664559905
SiC,746,15.116478290313983,0.3333333333,8.25968009107094,0.1511669545,6.615202398616821
SiC,747,15.907217859036045,0.4166666667,7.173695020247099,0.1378954264,7.251872133157275
SiC,748,16.425291226421923,0.5,5.661149644449133,0.1338316748,7.472072672589763
SiC,749,16.633726985670265,0.4166666667,6.065942463491167,0.1310188701,7.632488352530832
SiC,750,17.071529098056917,0.5,4.76354636381303,0.1233401427,8.107660475408222
SiC,751,17.428931846856003,0.5,3.4466973117035637,0.1278486133,7.821750851950774
SiC,752,17.309000750897564,0.4166666667,4.809285662752563,0.1343466351,7.443431681453404
SiC,753,17.672190246103515,0.5,3.375060653845702,0.1196269211,8.359322390016773
SiC,754,17.95267966569555,0.5,1.9574456152174284,0.1155231745,8.656271820161937
SiC,755,18.144027738563334,0.5,5.8061778159472875e-15,0.1098669338,9.101919616873845
SiC,756,18.8735978651617,0.0,0.0,0.09791543134,10.212894804370679
SiC,757,18.65428453400379,0.08333333333,2.336414633,0.09658448765,10.353629494042256
SiC,758,17.95932292034416,0.1666666667,4.970533618,0.1134258662,8.816331172968376
SiC,759,16.764613591713907,0.25,7.428822964,0.1243871469,8.039415847394118
SiC,760,15.179406448671527,0.3333333333,8.967048789,0.1618855149,6.17720492545439
SiC,761,13.408391694851542,0.4166666667,9.397334925,0.1398796028,7.149005144301139
SiC,762,13.717749768021681,0.5,5.188022036e-16,0.0617235518,16.2012711653447
SiC,763,18.510684265049598,0.08333333333,2.7009854732196916,0.09787347683,10.217272670684176
SiC,764,17.821574985548885,0.1666666667,5.088323323802911,0.1152378052,8.67770779098455
SiC,765,16.65632039857467,0.25,7.28368411630528,0.1297095843,7.709530528500814
SiC,766,15.127977756980584,0.3333333333,8.6205102940848,0.1654535653,6.043991848630173
SiC,767,13.501840229518995,0.4166666667,2.4521898391699746,0.08616451496,11.605705672041772
SiC,768,13.704888372718305,0.5,0.19134157963006954,0.06898793941,14.495287271256679
SiC,769,17.441331194669438,0.1666666667,5.019442340864265,0.131323697,7.614771917363856
SiC,770,16.367905858591378,0.25,6.762025273174532,0.1473579702,6.786195538950224
SiC,771,15.00949081706027,0.3333333333,7.561741056055348,0.1688402874,5.922757035060578
SiC,772,13.663113840030231,0.4166666667,1.0052037405757275,0.08725716573,11.460376825604234
SiC,773,13.616228507894096,0.5,0.8201941858074695,0.07596029824,13.164771902822903
SiC,774,15.996780468204516,0.25,5.150306492449297,0.1619279874,6.175584690803117
SiC,775,14.913496680247082,0.3333333333,5.8635725540859545,0.1847469298,5.412809842537367
SiC,776,13.794265058673803,0.4166666667,6.038140972753537,0.1756591993,5.692841615952874
SiC,777,13.381918878617723,0.5,1.7240417205764826,0.08509554623,11.75149633915218
SiC,778,14.929328923788638,0.3333333333,2.4631937485839175,0.1966508966,5.085153524797099
SiC,779,14.168680574847082,0.4166666667,4.606641125775609,0.1860020149,5.376285845815318
SiC,780,13.361802002571498,0.5,3.6123499835039263,0.1761169306,5.678045810775673
SiC,781,14.604449069032883,0.4166666667,0.308964709733654,0.2041383128,4.898639487530828
SiC,782,14.022477237671858,0.5,3.9541358993282474,0.1875282891,5.332528786986091
SiC,783,14.587162456480508,0.5,0.9541264142141073,0.2194674966,4.556483376773524
SiC,784,18.373287728453178,0.08333333333,2.981786710546378,0.1037654615,9.637118030839192
SiC,785,17.692344418519102,0.1666666667,5.146197451117868,0.120047285,8.330050946175083
SiC,786,16.55908428820532,0.25,7.094068143151653,0.1369463937,7.3021272994646225
SiC,787,15.091934696187641,0.3333333333,8.225451007109308,0.1639086932,6.100957676355875
SiC,788,13.489229966391875,0.4166666667,8.440666600514396,0.148704158,6.724761522808259
SiC,789,13.639721969058025,0.5,0.9780813229360635,0.07073643275,14.136986572877468
SiC,790,17.33683211213407,0.1666666667,4.920547146782589,0.1375218007,7.2715743606460785
SiC,791,16.30427195628658,0.25,6.442110047356731,0.1498356986,6.673976958385536
SiC,792,15.02134764705299,0.3333333333,7.049810745791503,0.1690561594,5.915194119806794
SiC,793,13.672235579593524,0.4166666667,7.208818889689733,0.1625938766,6.150293116266102
SiC,794,13.436026714592499,0.5,2.294715691875715,0.08162272236,12.251490407162157
SiC,795,15.9916264741049,0.25,4.5939772382213455,0.1638128295,6.104527972883833
SiC,796,15.006546686162384,0.3333333333,5.343765963755872,0.1807449143,5.532659128323811
SiC,797,14.014163527754642,0.4166666667,5.975679665823629,0.1753969798,5.701352447118933
SiC,798,13.086914494793168,0.5,3.56115791516287,0.09123370168,10.960861848042468
SiC,799,15.121635577329371,0.3333333333,2.527728375380173,0.183505187,5.449437241248118
SiC,800,14.476469657207936,0.4166666667,5.233921991366854,0.1868245628,5.352615229029188
SiC,801,13.767670197654972,0.5,5.789974717619852,0.1736722517,5.757972216122306
SiC,802,14.963476342575545,0.4166666667,3.320225221357282,0.1933898019,5.1709034818552135
SiC,803,14.447992045733457,0.5,5.153894875517795,0.1757574625,5.689658838810329
SiC,804,14.996402242399572,0.5,3.970265967794971,0.1935732453,5.166003175956465
SiC,805,17.053785184015005,0.1666666667,4.4240304184583135,0.1614782943,6.192782778236221
SiC,806,16.151210769486774,0.25,5.42938678492174,0.1586259209,6.30413991815634
SiC,807,15.091971919345731,0.3333333333,5.72092921935831,0.1702528661,5.873616244513841
SiC,808,14.032311891112586,0.4166666667,6.40297596481818,0.1736275544,5.759454502804424
SiC,809,13.015734163777156,0.5,6.458977021070795,0.1562593071,6.399618803890114
SiC,810,16.007455897420865,0.25,3.032906923150659,0.1640559303,6.095482182029966
SiC,811,15.283852013765735,0.3333333333,4.427805291467136,0.1656796743,6.035743395953791
SiC,812,14.570061894465054,0.4166666667,5.955412174873644,0.1893561386,5.281054036026905
SiC,813,13.822990283408743,0.5,6.941318616135375,0.1662314741,6.015707948294011
SiC,814,15.594832642932806,0.3333333333,2.8878477629789767,0.1651056828,6.056726716132148
SiC,815,15.169931366035977,0.4166666667,5.653162801745632,0.1585231611,6.308226463949816
SiC,816,14.630907960800734,0.5,6.887376273920714,0.1853668842,5.394706850232529
SiC,817,15.711040041617304,0.4166666667,4.271874505860686,0.1599754192,6.250960335036272
SiC,818,15.320661408792766,0.5,5.8757720061767005,0.1597605852,6.259366155601689
SiC,819,15.818716953394349,0.5,4.610407988996737,0.1531615523,6.529053701684114
SiC,820,16.10314424188414,0.25,0.31544752608434834,0.1648791861,6.065046921043724
SiC,821,15.704576867603702,0.3333333333,4.029335402099417,0.1585695518,6.306380945449579
SiC,822,15.270305424601359,0.4166666667,5.846688631627148,0.1525601959,6.554789695311344
SiC,823,14.72807293209362,0.5,6.990889935059045,0.1729414999,5.782302111281735
SiC,824,16.168506789687836,0.3333333333,3.189078731626358,0.1507045923,6.635497861998463
SiC,825,15.956007056714128,0.4166666667,5.4407802410014945,0.1471998346,6.793485894310916
SiC,826,15.574618085540257,0.5,6.77995602691144,0.1477172017,6.769692280191631
SiC,827,16.508575575747425,0.4166666667,4.169040521175936,0.1381562415,7.238181852247334
SiC,828,16.24990722195196,0.5,5.529455232481029,0.1361367799,7.345553499462492
SiC,829,16.680035058053157,0.5,4.317237917393793,0.1307609705,7.64754189400881
SiC,830,16.700948017575435,0.3333333333,3.0281069175803794,0.1431645421,6.984969779049782
SiC,831,16.67184617017471,0.4166666667,4.792588597389857,0.1344387045,7.438334099686299
SiC,832,16.425291226421923,0.5,5.661149644449133,0.1338078831,7.473401243876341
SiC,833,17.204974326712186,0.4166666667,3.538808426584163,0.1267119256,7.891917002009478
SiC,834,17.071529098056917,0.5,4.76354636381303,0.1232458353,8.113864436602183
SiC,835,17.428931846856003,0.5,3.446559153783359,0.127895957,7.818855446697193
SiC,836,17.691127901796087,0.4166666667,2.5216240741403984,0.1180530788,8.470765948376096
SiC,837,17.672190246103515,0.5,3.375060653845702,0.1198645929,8.342747226733374
SiC,838,17.95267966569555,0.5,1.959920885874004,0.1152540973,8.67648112671479
SiC,839,18.144027738563334,0.5,6.3117119043087115e-15,0.1097063169,9.115245395682406
SiC,840,18.8735978651617,0.0,0.0,0.09793157172,10.211211588221408
SiC,841,18.731255413638262,0.08333333333,1.470275694,0.09654179373,10.358208205626633
SiC,842,18.32554893270936,0.1666666667,2.72185757,0.1066167006,9.37939360693366
SiC,843,17.716131175186813,0.25,3.575063555,0.1380383689,7.24436262155804
SiC,844,16.995030478885084,0.3333333333,3.853099337,0.1940576887,5.153106824568709
SiC,845,16.307205181887763,0.4166666667,3.08448523,0.2201192066,4.54299293299379
SiC,846,15.970250485106687,0.5,9.056648039e-16,0.2369478006,4.220338814995525
SiC,847,18.510684265049598,0.08333333333,2.7009854732196916,0.09788559275,10.216008014110942
SiC,848,18.10519281836431,0.1666666667,3.55629178778874,0.1170096453,8.546304002854711
SiC,849,17.50716784913311,0.25,4.08609749154786,0.1536762096,6.507188084628552
SiC,850,16.82000570303717,0.3333333333,4.018936551154245,0.1894513614,5.278399651552992
SiC,851,16.194779148679284,0.4166666667,2.9311404602322972,0.2200569023,4.544279182103165
SiC,852,15.918189009277505,0.5,0.5287820581257237,0.2321762104,4.307073486457422
SiC,853,17.441331194669438,0.1666666667,5.019442340864265,0.1312217386,7.620688543445347
SiC,854,16.906539391511824,0.25,5.037779895528399,0.1537214548,6.505272808542273
SiC,855,16.341630221008103,0.3333333333,4.175313071845372,0.1930449661,5.18014025541586
SiC,856,15.900168302507863,0.4166666667,2.5006191877780872,0.2107985233,4.743866248896061
SiC,857,15.778292834482915,0.5,0.9051821478981413,0.2202576776,4.5401368565052005
SiC,858,15.996780468204516,0.25,5.150306492449297,0.1620019131,6.172766610371591
SiC,859,15.672144276483536,0.3333333333,4.016008072468916,0.1857825007,5.382638279881869
SiC,860,15.510876775930566,0.4166666667,2.1742989228560807,0.2060677967,4.852771835357815
SiC,861,15.581772509260443,0.5,1.1467255778388359,0.2135266913,4.683255259151763
SiC,862,14.929328923788638,0.3333333333,2.4631937485839175,0.1966639906,5.084814952392205
SiC,863,15.083071110716691,0.4166666667,2.5851433515598092,0.2099162022,4.763805697319347
SiC,864,15.33829727572691,0.5,1.647287070979059,0.2078996598,4.810012680934651
SiC,865,14.604449069032883,0.4166666667,0.308964709733654,0.203979353,4.902456965828301
SiC,866,15.020442031553557,0.5,1.9890881151947846,0.2111590517,4.735766674216411
SiC,867,14.587162456480508,0.5,0.5543292450713908,0.2181594271,4.583803749822003
SiC,868,18.373287728453178,0.08333333333,2.981786710546378,0.1037560241,9.637994600064866
SiC,869,17.9856873027237,0.1666666667,3.579823329179197,0.1254317051,7.9724659662623045
SiC,870,17.415003879476142,0.25,3.937110722357246,0.1589292415,6.292108302800903
SiC,871,16.761494536801166,0.3333333333,3.7550043900047534,0.1908230845,5.240456114731758
SiC,872,16.172458113544483,0.4166666667,2.636440542325818,0.2121391005,4.713888187717662
SiC,873,15.9054282396869,0.5,0.19400225772097263,0.2223472547,4.497469516092028
SiC,874,17.33683211213407,0.1666666667,4.920547146782589,0.137345167,7.280926019042228
SiC,875,16.842094117307145,0.25,4.759002005547867,0.1609213294,6.214216622050849
SiC,876,16.33325431015603,0.3333333333,3.6847216854631095,0.1828561064,5.468780997734293
SiC,877,15.958587356229005,0.4166666667,1.9855164276702524,0.2025501442,4.93704906481128
SiC,878,15.863115556389749,0.5,0.8487682519638338,0.2136935785,4.679597800829565
SiC,879,15.9916264741049,0.25,4.5939772382213455,0.1640103584,6.0971758720332145
SiC,880,15.75080441713469,0.3333333333,3.4499654009763234,0.1798994564,5.558660487425464
SiC,881,15.677307464964214,0.4166666667,2.2478995506119954,0.1952526012,5.121570692805705
SiC,882,15.779469669103971,0.5,1.9073171462833003,0.202287915,4.943449043903587
SiC,883,15.121635577329371,0.3333333333,2.527728375380173,0.1838820352,5.438269153984217
SiC,884,15.35495859238112,0.4166666667,3.4354216885377733,0.187792136,5.32503661388675
SiC,885,15.632026174330482,0.5,3.050294712434946,0.1935352454,5.167017500782315
SiC,886,14.963476342575545,0.4166666667,3.320225221357282,0.1937986084,5.159995772188425
SiC,887,15.384565492528953,0.5,3.6926779155051075,0.1880530949,5.317647127965454
SiC,888,14.996402242399572,0.5,3.7719626616821733,0.1941024574,5.151918287872228
SiC,889,17.053785184015005,0.1666666667,4.4240304184583135,0.1619121311,6.176189475156627
SiC,890,16.67676523566283,0.25,3.5564413374574744,0.165736105,6.033688314323545
SiC,891,16.324731069573133,0.3333333333,1.9795632132825254,0.1795676439,5.5689320095823795
SiC,892,16.101391229763458,0.4166666667,0.9054741298653889,0.1879332106,5.321039303310875
SiC,893,16.031617957359877,0.5,1.2283703777277886,0.191680161,5.217023998639067
SiC,894,16.007455897420865,0.25,3.032906923150659,0.1639914061,6.097880515703439
SiC,895,15.972322857536183,0.3333333333,2.4154918012163495,0.1716706394,5.825107913007517
SiC,896,16.052545097587583,0.4166666667,2.2752973047185168,0.1721928698,5.807441394997878
SiC,897,16.16674429193254,0.5,2.125883366741199,0.1716310782,5.826450608407352
SiC,898,15.594832642932806,0.3333333333,2.8878477629789767,0.1651146938,6.0563961752021855
SiC,899,15.936493339705033,0.4166666667,3.7963432385188067,0.1632938913,6.123927796924269
SiC,900,16.20588706553799,0.5,3.1386115920148248,0.1596194138,6.264902095511893
SiC,901,15.711040041617304,0.4166666667,4.271874505860686,0.1599030693,6.253788650697276
SiC,902,16.104829358506105,0.5,4.0923574782492755,0.1509978028,6.622612921888159
SiC,903,15.818716953394349,0.5,4.612046521233186,0.1531021281,6.531587851913078
SiC,904,16.10314424188414,0.25,0.31544752608434834,0.1648418211,6.066421696429559
SiC,905,16.28060076202305,0.3333333333,1.3538027803634247,0.1610049536,6.210989026364962
SiC,906,16.455241099105923,0.4166666667,2.0976155526652907,0.1574350561,6.351825475037894
SiC,907,16.527299120295055,0.5,2.3161642874528243,0.1540560733,6.491142988258938
SiC,908,16.168506789687836,0.3333333333,3.189078731626358,0.1509017378,6.626828919129917
SiC,909,16.556681987578795,0.4166666667,3.4995267177527434,0.1468255278,6.810804735278466
SiC,910,16.772525788723787,0.5,2.862156365014278,0.1419745049,7.043518135205697
SiC,911,16.508575575747425,0.4166666667,4.169040521175936,0.1379930285,7.2467429033923985
SiC,912,16.84305264386741,0.5,3.6623014038360617,0.1350418468,7.405111998216541
SiC,913,16.680035058053157,0.5,4.458737793121739,0.1306176588,7.655932660155749
SiC,914,16.700948017575435,0.3333333333,3.0281069175803794,0.1434118167,6.972926101981386
SiC,915,17.08083854814319,0.4166666667,2.861619963205721,0.1299674772,7.6942325999076955
SiC,916,17.21975356613616,0.5,2.6663216266096086,0.1333213628,7.500673402957443
SiC,917,17.204974326712186,0.4166666667,3.538808426584163,0.1270302478,7.872140827233748
SiC,918,17.465149368522912,0.5,2.839876688584234,0.1243399643,8.042466520154855
SiC,919,17.428931846856003,0.5,3.4310550376835254,0.1275600542,7.839444771888472
SiC,920,17.691127901796087,0.4166666667,2.5216240741403984,0.1182529689,8.456447303624525
SiC,921,17.868210757959602,0.5,1.9106609934257879,0.1153998543,8.665522205949614
SiC,922,17.95267966569555,0.5,1.955550889377112,0.1150214223,8.694032641952473
SiC,923,18.144027738563334,0.5,9.452755859385447e-15,0.1097079667,9.115108319658612
SiC,924,18.8735978651617,0.0,0.0,0.09794038011,10.210293230196449
SiC,925,18.731255413638262,0.08333333333,1.470275694,0.09674180829,10.336792516864376
SiC,926,18.32554893270936,0.1666666667,2.72185757,0.1066574681,9.375808537498932
SiC,927,17.716131175186813,0.25,3.575063555,0.1382629348,7.232596367540725
SiC,928,16.995030478885084,0.3333333333,3.853099337,0.1941009578,5.151958090955901
SiC,929,16.307205181887763,0.4166666667,3.08448523,0.219298017,4.560004753713756
SiC,930,15.970250485106687,0.5,2.927283461e-15,0.2368022466,4.222932908610336
SiC,931,18.59411468678187,0.08333333333,2.00283209082445,0.09761323682,10.24451224626443
SiC,932,18.20346606192032,0.1666666667,2.9078522685170185,0.11362544,8.800846007725031
SiC,933,17.61651386813639,0.25,3.596153978447135,0.1491081487,6.706541585543809
SiC,934,16.92062291693306,0.3333333333,3.801584311642813,0.1945206158,5.140843277137106
SiC,935,16.25536216213347,0.4166666667,3.0360524703020366,0.2203079425,4.539100990423893
SiC,936,15.918189009277505,0.5,0.5287820581257237,0.2326326123,4.298623439392982
SiC,937,17.85572470253317,0.1666666667,3.300354988936709,0.1435810191,6.964708888878474
SiC,938,17.332100403844954,0.25,3.6254587904423055,0.1710406027,5.846564992254907
SiC,939,16.70849170723008,0.3333333333,3.632243373154584,0.2003423964,4.991454719366629
SiC,940,16.1109351309964,0.4166666667,2.8600139775107625,0.2198846122,4.547839841973262
SiC,941,15.778292834482915,0.5,0.9051821478981413,0.2202305936,4.540695203393395
SiC,942,16.90238734144095,0.25,3.5784975385951507,0.1962610341,5.095254922026317
SiC,943,16.391046207457716,0.3333333333,3.299883722876767,0.2072377939,4.825374663477346
SiC,944,15.902696292567596,0.4166666667,2.5425729133291513,0.2126408683,4.702764844757738
SiC,945,15.581772509260443,0.5,1.1467255778388359,0.2135893649,4.681881049967952
SiC,946,16.02048772697815,0.3333333333,2.783542865615281,0.2079008627,4.809984850534245
SiC,947,15.657018857551295,0.4166666667,2.265558018411038,0.2146949304,4.657771835305525
SiC,948,15.33829727572691,0.5,1.647287070979059,0.2085217566,4.795662650772049
SiC,949,15.370772198878843,0.4166666667,2.328828732538435,0.2102015641,4.757338530194125
SiC,950,15.020442031553557,0.5,1.9890881151947846,0.2114193347,4.729936367546426
SiC,951,14.587162456480508,0.5,1.0694977215902104,0.2210298364,4.524276071897775
SiC,952,18.373287728453178,0.08333333333,2.981786710546378,0.1037539054,9.63819141211816
SiC,953,17.9856873027237,0.1666666667,3.579823329179197,0.1255655922,7.9639651474522335
SiC,954,17.415003879476142,0.25,3.937110722357246,0.1581038364,6.324957210209733
SiC,955,16.761494536801166,0.3333333333,3.7550043900047534,0.190073377,5.261126075536607
SiC,956,16.172458113544483,0.4166666667,2.636440542325818,0.2122121069,4.712266489447874
SiC,957,15.9054282396869,0.5,0.19400225772097263,0.2223655188,4.4971001142466696
SiC,958,17.649407486563312,0.1666666667,3.816157995693029,0.1407783004,7.103367473244477
SiC,959,17.15711380926789,0.25,3.762943871213946,0.1758553308,5.686492388094272
SiC,960,16.600871994148033,0.3333333333,3.2400988708239753,0.1951315965,5.124746673202154
SiC,961,16.112099094757205,0.4166666667,2.120721851844105,0.2052167258,4.872897158366026
SiC,962,15.863115556389749,0.5,0.8487682519638338,0.2136512884,4.680524079629187
SiC,963,16.785463605456187,0.25,3.2133132775391218,0.1902907128,5.25511721137449
SiC,964,16.37813902805186,0.3333333333,2.4144887520540412,0.1922439281,5.2017247560600595
SiC,965,16.022952782398733,0.4166666667,2.0139517825348756,0.1992469188,5.018898189355588
SiC,966,15.779469669103971,0.5,1.9073171462833003,0.2024012592,4.940680724776835
SiC,967,16.13806972780754,0.3333333333,2.080597318767652,0.195383429,5.118141313816332
SiC,968,15.894880276072923,0.4166666667,2.6328602601583424,0.1971489632,5.072306664811312
SiC,969,15.632026174330482,0.5,3.050294712434946,0.1937177941,5.162148395535544
SiC,970,15.693676574734457,0.4166666667,3.4302094079096443,0.1933014361,5.173267308178058
SiC,971,15.384565492528953,0.5,3.6926779155051075,0.1878161528,5.324355680231993
SiC,972,14.996402242399572,0.5,3.7642573783406554,0.1939848568,5.155041566110536
SiC,973,17.053785184015005,0.1666666667,4.4240304184583135,0.1614518072,6.1937987399623236
SiC,974,16.67676523566283,0.25,3.5564413374574744,0.1656219796,6.037845957493917
SiC,975,16.324731069573133,0.3333333333,1.9795632132825254,0.1794672837,5.572046221369315
SiC,976,16.101391229763458,0.4166666667,0.9054741298653889,0.1877072637,5.327444342261754
SiC,977,16.031617957359877,0.5,1.2283703777277886,0.1916688659,5.217331439325848
SiC,978,16.48468608456395,0.25,2.2819647041848707,0.1757026964,5.691432291530843
SiC,979,16.342340306702198,0.3333333333,0.6340942170190246,0.1770489985,5.648153948749956
SiC,980,16.25570967695171,0.4166666667,1.4567983030246707,0.1734469924,5.765450217169635
SiC,981,16.16674429193254,0.5,2.125883366741199,0.1716193219,5.826849733054446
SiC,982,16.371428673679244,0.3333333333,1.2426436135736099,0.1699783657,5.8831016281503175
SiC,983,16.347070948653194,0.4166666667,2.445729152808699,0.16217485,6.166184214136779
SiC,984,16.20588706553799,0.5,3.1386115920148248,0.1597026357,6.261637421429231
SiC,985,16.31249813416819,0.4166666667,3.4583053618968393,0.1535423735,6.51286011284696
SiC,986,16.104829358506105,0.5,4.0923574782492755,0.1509471883,6.624833567701505
SiC,987,15.818716953394349,0.5,4.5880622345751165,0.1531113009,6.531196548667036
SiC,988,16.10314424188414,0.25,0.31544752608434834,0.1646982205,6.071711017667006
SiC,989,16.28060076202305,0.3333333333,1.3538027803634247,0.1610521395,6.20916929824456
SiC,990,16.455241099105923,0.4166666667,2.0976155526652907,0.1573096462,6.356889257309893
SiC,991,16.527299120295055,0.5,2.3161642874528243,0.1541851899,6.485707224205974
SiC,992,16.581429769539376,0.3333333333,2.14140672231277,0.150518844,6.643686421083594
SiC,993,16.772204773203573,0.4166666667,2.4225493833964276,0.1442768613,6.931118344199798
SiC,994,16.772525788723787,0.5,2.862156365014278,0.1419058448,7.046926089685631
SiC,995,16.92293836670714,0.4166666667,2.9682603259316016,0.1355099573,7.3795315113718205
SiC,996,16.84305264386741,0.5,3.6623014038360617,0.1349629822,7.4094391195217675
SiC,997,16.680035058053157,0.5,4.311413112620104,0.1307282831,7.649454091239418
SiC,998,16.700948017575435,0.3333333333,3.0281069175803794,0.1436591604,6.960920537302541
SiC,999,17.08083854814319,0.4166666667,2.861619963205721,0.1297275249,7.708464343020854
SiC,1000,17.21975356613616,0.5,2.6663216266096086,0.133307954,7.501427859285876
SiC,1001,17.411896570198206,0.4166666667,2.577592168670947,0.1277475204,7.827940588348202
SiC,1002,17.465149368522912,0.5,2.839876688584234,0.1243084435,8.044505842437003
SiC,1003,17.428931846856003,0.5,3.5314714235839064,0.1286749632,7.7715196113613505
SiC,1004,17.691127901796087,0.4166666667,2.5216240741403984,0.1178396715,8.486106480702468
SiC,1005,17.868210757959602,0.5,1.9106609934257879,0.1154168754,8.664244258340059
SiC,1006,17.95267966569555,0.5,1.9959132061235962,0.1148501454,8.706998119307562
SiC,1007,18.144027738563334,0.5,5.428140235214275e-15,0.1096821078,9.117257318061862
SiC,1008,22.551347807312105,0.0,0.0,0.3040125498,3.2893378929845745
SiC,1009,22.486113283744633,0.08333333333,0.6395140461,0.2775036368,3.6035563768870937
SiC,1010,22.330410857002242,0.1666666667,0.9269545153,0.2228952108,4.486413128442148
SiC,1011,22.151550685758227,0.25,0.904128222,0.1841163624,5.431347800731913
SiC,1012,21.996680225565356,0.3333333333,0.6925573979,0.1686909343,5.928000838631907
SiC,1013,21.893688419918536,0.4166666667,0.3720125424,0.1758425965,5.686904196731422
SiC,1014,21.85772960461162,0.5,1.342183691e-15,0.1727695611,5.78805660923798
SiC,1015,22.490252585504567,0.08333333333,0.4146384332618219,0.2580533202,3.8751681211656814
SiC,1016,22.350298683620565,0.1666666667,0.9340316802516232,0.2179906442,4.5873528364938885
SiC,1017,22.174603292504443,0.25,0.9076696703365166,0.1892940932,5.282785020362167
SiC,1018,22.028875185623097,0.3333333333,0.7085100812845848,0.1761790039,5.676045260010691
SiC,1019,21.94224305981614,0.4166666667,0.5672035655232437,0.1862923084,5.367908147086979
SiC,1020,21.925354301198954,0.5,0.6823268739742663,0.1680114869,5.951973989702248
SiC,1021,22.363380153604602,0.1666666667,0.43219991468215635,0.2077646928,4.813137335912158
SiC,1022,22.240590412051315,0.25,0.8554870797985473,0.2094361681,4.774724485612856
SiC,1023,22.123270459835727,0.3333333333,0.7879350129401292,0.2100536687,4.760688095518134
SiC,1024,22.07538791534731,0.4166666667,0.8640618474032692,0.1668914701,5.991917977598305
SiC,1025,22.100505398325197,0.5,1.0831592888719475,0.1677211635,5.962276788045297
SiC,1026,22.31478843060526,0.25,0.17850013966518763,0.2205748183,4.533609084242414
SiC,1027,22.272143914026415,0.3333333333,0.9356203704323636,0.1910896066,5.233146992098105
SiC,1028,22.25171890764416,0.4166666667,0.8951949755915811,0.1836556692,5.444972128309339
SiC,1029,22.30370301825551,0.5,0.9048250858527492,0.1890120769,5.290667222968334
SiC,1030,22.398205292336378,0.3333333333,0.32665678939241144,0.250210989,3.996627022644477
SiC,1031,22.346683845144604,0.4166666667,0.12202376420112862,0.2355866457,4.244722772925834
SiC,1032,22.37411235338915,0.5,0.2790517294881691,0.2264928243,4.415150913017247
SiC,1033,22.280173042172983,0.4166666667,0.519926043112022,0.2410784023,4.148028153743907
SiC,1034,22.248782005563797,0.5,0.8321359605333669,0.253268522,3.9483785513621785
SiC,1035,22.1735524083307,0.5,0.02266161647200005,0.2410988169,4.1476769270699805
SiC,1036,22.53196841707498,0.08333333333,0.017497275309457015,0.3044984391,3.2840890841860473
SiC,1037,22.40635910246537,0.1666666667,0.9960659760696144,0.2547405887,3.925562098695111
SiC,1038,22.247667125187434,0.25,1.0604313694113123,0.2308068908,4.332626277031413
SiC,1039,22.110115062380626,0.3333333333,1.0029189207776072,0.199851947,5.003704066991151
SiC,1040,22.019022603378023,0.4166666667,0.9218932538148542,0.1701079219,5.878620988550211
SiC,1041,21.987350387730874,0.5,0.8860941882760721,0.1778674517,5.622164091531761
SiC,1042,22.440326587039817,0.1666666667,0.8447220640575721,0.2334601505,4.283386256105408
SiC,1043,22.31628209974618,0.25,1.143790058708852,0.2270702504,4.403923447648605
SiC,1044,22.19693513425988,0.3333333333,1.0551707573770883,0.1970720506,5.074286267156749
SiC,1045,22.13927934626552,0.4166666667,1.0150575161906805,0.1861642663,5.3716001458009135
SiC,1046,22.14873415256132,0.5,1.1135876849469397,0.171742508,5.8226702966280195
SiC,1047,22.400284492512935,0.25,0.8669428826731649,0.2159373463,4.630972905495968
SiC,1048,22.33025318220012,0.3333333333,1.025791168730419,0.2041738732,4.897786305010939
SiC,1049,22.296373598900743,0.4166666667,0.8947037553371521,0.1931260029,5.177966638277066
SiC,1050,22.336211704537064,0.5,0.9210927125502696,0.1960289124,5.101288313835485
SiC,1051,22.41809479008161,0.3333333333,0.3719580073954613,0.244526447,4.0895371943142
SiC,1052,22.37292684004905,0.4166666667,0.2987782360463817,0.2318368888,4.313377414509196
SiC,1053,22.40022130800053,0.5,0.3667792474355802,0.2281472511,4.383134117016762
SiC,1054,22.31183427612906,0.4166666667,0.5585437597367057,0.2391868352,4.180832106264685
SiC,1055,22.294852571025114,0.5,0.7386760313293628,0.234194768,4.26995021511326
SiC,1056,22.22254968995603,0.5,0.5006504740108604,0.2507464318,3.988092643318723
SiC,1057,22.599716299588263,0.1666666667,0.09219492124722205,0.2778099075,3.5995836469583073
SiC,1058,22.487926376856333,0.25,1.1224431406942161,0.230375372,4.340741769914538
SiC,1059,22.375791119728884,0.3333333333,1.1464932338315705,0.2068285838,4.834921661345341
SiC,1060,22.301023135492738,0.4166666667,1.1225335128684064,0.1908249523,5.240404820999921
SiC,1061,22.27505126103385,0.5,1.1090953856841899,0.1896662753,5.2724186122085985
SiC,1062,22.541810399600838,0.25,0.43082232057728453,0.2402820674,4.161775411792549
SiC,1063,22.457319814961647,0.3333333333,0.8778847820346378,0.2153618058,4.643348881132014
SiC,1064,22.408406598977262,0.4166666667,0.8332520293559895,0.2051825249,4.873709398436202
SiC,1065,22.420800503691645,0.5,0.8215882741953229,0.2066322022,4.839516732402129
SiC,1066,22.474758310667767,0.3333333333,0.4571908540043056,0.2297869305,4.351857600534857
SiC,1067,22.44501863391711,0.4166666667,0.4896989630288057,0.2237704526,4.46886525178347
SiC,1068,22.470859014562016,0.5,0.4905299510478531,0.2254243479,4.436078042659384
SiC,1069,22.401163648503076,0.4166666667,0.6554619418371053,0.2248934872,4.446549397451826
SiC,1070,22.400030162913872,0.5,0.8057755261737218,0.2304921763,4.338542054019384
SiC,1071,22.355653244779468,0.5,0.8594406065417339,0.2473168179,4.043396678362325
SiC,1072,22.61679730146121,0.25,0.03253474863078409,0.2332203692,4.287790142131376
SiC,1073,22.57299641281234,0.3333333333,0.4458332240388797,0.2217417495,4.509750654781408
SiC,1074,22.533149744640077,0.4166666667,0.5721378791875651,0.2122032026,4.712464221781731
SiC,1075,22.517925492079726,0.5,0.613353354881178,0.2109269058,4.740978853348352
SiC,1076,22.559458741099427,0.3333333333,0.5186346799630864,0.2222422634,4.499594202746947
SiC,1077,22.54631972068797,0.4166666667,0.571060356079732,0.2212359619,4.520060804816199
SiC,1078,22.564765937747264,0.5,0.5015599988084503,0.2315865682,4.318039719541904
SiC,1079,22.531148944188494,0.4166666667,0.7448297548620435,0.2274220777,4.397110474556182
SiC,1080,22.54601166038012,0.5,0.822380949418583,0.2356457013,4.243658995191693
SiC,1081,22.535733290915797,0.5,0.9822199423289658,0.2448401874,4.084296824876552
SiC,1082,22.658883661654638,0.3333333333,0.27898084801463574,0.2289565783,4.367640394632854
SiC,1083,22.653054898342795,0.4166666667,0.4814947808168139,0.2287099042,4.372351094710484
SiC,1084,22.65001233329571,0.5,0.5082711980175215,0.2377389598,4.206294167524157
SiC,1085,22.674388217900763,0.4166666667,0.7363759971575425,0.2398311787,4.169599655142753
SiC,1086,22.695377126161883,0.5,0.7281750172442842,0.2497353223,4.004239331425965
SiC,1087,22.713880909564093,0.5,0.8417473909120783,0.2506579076,3.9895011076043945
SiC,1088,22.79713369846438,0.4166666667,0.4693670507512935,0.2528603374,3.9547522963955353
SiC,1089,22.80512362674847,0.5,0.5529007735493032,0.270148122,3.7016729659146033
SiC,1090,22.84311598067876,0.5,0.48208086718273907,0.2679300605,3.7323173000216596
SiC,1091,22.890177206083354,0.5,6.9353526319823685e-15,0.2673813107,3.739977178591937
SiC,1092,22.551347807312105,0.0,0.0,0.3041703167,3.287631780935053
SiC,1093,22.486113283744633,0.08333333333,0.6395140461,0.2770720198,3.6091699216753605
SiC,1094,22.330410857002242,0.1666666667,0.9269545153,0.2227960736,4.488409440264031
SiC,1095,22.151550685758227,0.25,0.904128222,0.1839920625,5.435017067652035
SiC,1096,21.996680225565356,0.3333333333,0.6925573979,0.1684992177,5.9347456543117225
SiC,1097,21.893688419918536,0.4166666667,0.3720125424,0.1758687408,5.686058792774389
SiC,1098,21.85772960461162,0.5,1.412255989e-15,0.1727824974,5.787623254946655
SiC,1099,22.51637387462403,0.08333333333,0.16555461129019522,0.3126939666,3.198015014083102
SiC,1100,22.382126075337233,0.1666666667,0.9647278394727996,0.2469913292,4.048725124234037
SiC,1101,22.22391310669152,0.25,1.0938955646982234,0.2105271817,4.749980462974107
SiC,1102,22.08025573294375,0.3333333333,1.069779851439957,0.183187084,5.458900148222241
SiC,1103,21.97516069472397,0.4166666667,0.915969729917434,0.1675076053,5.969878192748541
SiC,1104,21.925354301198954,0.5,0.6823268739742663,0.1680352146,5.951133531030703
SiC,1105,22.51400308667624,0.1666666667,0.15147179824845056,0.2673384463,3.740576837488713
SiC,1106,22.409485048787147,0.25,1.2902390824563092,0.2373232286,4.2136625474848275
SiC,1107,22.28992783962102,0.3333333333,1.4082965252733533,0.2083746883,4.79904737066858
SiC,1108,22.179966241128845,0.4166666667,1.34149416151259,0.1808241716,5.530234100627286
SiC,1109,22.100505398325197,0.5,1.0831592888719475,0.167600498,5.966569383343957
SiC,1110,22.46570853778664,0.25,0.2014688642370925,0.2576805287,3.880774403269842
SiC,1111,22.521226524754397,0.3333333333,1.168831588287304,0.2373979131,4.212336944928266
SiC,1112,22.405357285760584,0.4166666667,1.138648820687416,0.207657792,4.815615105837203
SiC,1113,22.30370301825551,0.5,0.9048250858527492,0.1891420444,5.2870317817078645
SiC,1114,22.488853183836444,0.3333333333,1.0798744891382284,0.1712425027,5.839671718369484
SiC,1115,22.47870468480568,0.4166666667,0.740985579346695,0.2244268112,4.4557956095042535
SiC,1116,22.37411235338915,0.5,0.2790517294881691,0.2260716533,4.423376329596648
SiC,1117,22.334367448887505,0.4166666667,1.4073142693245775,0.2640136646,3.787682737994161
SiC,1118,22.248782005563797,0.5,0.8321359605333669,0.2533093203,3.9477426208229422
SiC,1119,22.1735524083307,0.5,0.0463258620360452,0.2397945512,4.170236542055339
SiC,1120,22.53196841707498,0.08333333333,0.017497275309457015,0.3038501345,3.2910961242309407
SiC,1121,22.40635910246537,0.1666666667,0.9960659760696144,0.2544275803,3.930391504022019
SiC,1122,22.247667125187434,0.25,1.0604313694113123,0.2305777371,4.336932145215332
SiC,1123,22.110115062380626,0.3333333333,1.0029189207776072,0.2003187693,4.99204344902093
SiC,1124,22.019022603378023,0.4166666667,0.9218932538148542,0.170011502,5.881954975022807
SiC,1125,21.987350387730874,0.5,0.8860941882760721,0.1777372149,5.6262837277079445
SiC,1126,22.537550983605357,0.1666666667,0.28388597366166085,0.2806687585,3.562918813423974
SiC,1127,22.430253129564722,0.25,1.2757799223741433,0.234588277,4.2627876072426245
SiC,1128,22.312673229580582,0.3333333333,1.3691930382441762,0.2013457628,4.966580801570263
SiC,1129,22.212689452358198,0.4166666667,1.2983914232732983,0.1830212499,5.463846414262741
SiC,1130,22.14873415256132,0.5,1.1135876849469397,0.1715762275,5.828313249281576
SiC,1131,22.4863877305285,0.25,0.3011475014225458,0.2456176734,4.0713682617270495
SiC,1132,22.53264194487865,0.3333333333,1.1034415473426693,0.2363275886,4.2314145628277275
SiC,1133,22.426247486125998,0.4166666667,1.0868558393464518,0.2147121567,4.657398143493196
SiC,1134,22.336211704537064,0.5,0.9210927125502696,0.1966867562,5.084226408122541
SiC,1135,22.544496664476828,0.3333333333,1.081876841172118,0.1803896871,5.543554158091336
SiC,1136,22.498825848486078,0.4166666667,0.7068952741230314,0.2314623022,4.320357961081405
SiC,1137,22.40022130800053,0.5,0.3667792474355802,0.2278283272,4.389269816839527
SiC,1138,22.37862791335005,0.4166666667,1.394293783763194,0.2689473742,3.718199528716574
SiC,1139,22.294852571025114,0.5,0.7386760313293628,0.2341566004,4.270646218350205
SiC,1140,22.22254968995603,0.5,0.5001317613006707,0.2480072603,4.032140021991122
SiC,1141,22.599716299588263,0.1666666667,0.09219492124722205,0.2783307524,3.5928476870671515
SiC,1142,22.487926376856333,0.25,1.1224431406942161,0.2298979986,4.349755135275893
SiC,1143,22.375791119728884,0.3333333333,1.1464932338315705,0.2063798346,4.845434642091723
SiC,1144,22.301023135492738,0.4166666667,1.1225335128684064,0.1909425746,5.237176685686106
SiC,1145,22.27505126103385,0.5,1.1090953856841899,0.1897707555,5.269515829060395
SiC,1146,22.6152885126007,0.25,1.2943082321230672,0.214910644,4.653096660954587
SiC,1147,22.558066851544613,0.3333333333,0.8870071649813392,0.2268008605,4.409154347101783
SiC,1148,22.47906098497678,0.4166666667,0.9140073010397083,0.210713829,4.745772998126288
SiC,1149,22.420800503691645,0.5,0.8215882741953229,0.2065283083,4.841951247416478
SiC,1150,22.64496414540226,0.3333333333,0.2640590117058894,0.2369684843,4.2199704443988795
SiC,1151,22.550093236642198,0.4166666667,0.5878985243392767,0.2308749742,4.331348616129049
SiC,1152,22.470859014562016,0.5,0.4905299510478531,0.225566224,4.4332878489822125
SiC,1153,22.48381293777466,0.4166666667,0.9965518177296074,0.235499543,4.246292741213515
SiC,1154,22.400030162913872,0.5,0.8057755261737218,0.2304868891,4.33864157698851
SiC,1155,22.355653244779468,0.5,0.8591109483710456,0.2482261954,4.0285836810597955
SiC,1156,22.61679730146121,0.25,0.03253474863078409,0.2334386063,4.2837815725941475
SiC,1157,22.57299641281234,0.3333333333,0.4458332240388797,0.2223486252,4.497441794841374
SiC,1158,22.533149744640077,0.4166666667,0.5721378791875651,0.212610638,4.703433513049333
SiC,1159,22.517925492079726,0.5,0.613353354881178,0.2068774505,4.833779600353302
SiC,1160,22.658766507701028,0.3333333333,0.09842062182786065,0.2340548374,4.272503021550453
SiC,1161,22.609694980294748,0.4166666667,0.4379051005207585,0.2280647134,4.384720394014272
SiC,1162,22.564765937747264,0.5,0.5015599988084503,0.2316050501,4.317695143384095
SiC,1163,22.612874195775973,0.4166666667,0.7995155678163562,0.2405917659,4.1564182226238024
SiC,1164,22.54601166038012,0.5,0.822380949418583,0.2356708896,4.243205436603911
SiC,1165,22.535733290915797,0.5,0.9813379131785221,0.2449048067,4.08321916370129
SiC,1166,22.658883661654638,0.3333333333,0.27898084801463574,0.2292127336,4.362759364604515
SiC,1167,22.653054898342795,0.4166666667,0.4814947808168139,0.2285478392,4.37545156191527
SiC,1168,22.65001233329571,0.5,0.5082711980175215,0.2393188899,4.178525148674442
SiC,1169,22.732324946200666,0.4166666667,0.5232354252717628,0.2435406069,4.106091434725746
SiC,1170,22.695377126161883,0.5,0.7281750172442842,0.2494684724,4.008522561506654
SiC,1171,22.713880909564093,0.5,0.8407723487126717,0.2511582925,3.981552789064291
SiC,1172,22.79713369846438,0.4166666667,0.4693670507512935,0.2525261548,3.9599858509388746
SiC,1173,22.80512362674847,0.5,0.5529007735493032,0.2699436365,3.704477027003376
SiC,1174,22.84311598067876,0.5,0.48430470146625465,0.2675084622,3.7381995013389897
SiC,1175,22.890177206083354,0.5,3.1052570522161884e-15,0.2685235601,3.724068009628627
SiC,1176,22.551347807312105,0.0,0.0,0.3038849709,3.2907188435096115
SiC,1177,22.57186391398378,0.08333333333,0.2115395194,0.3668419,2.725969961446607
SiC,1178,22.63003062117645,0.1666666667,0.38935672,0.3495549707,2.8607803745358096
SiC,1179,22.717440600852274,0.25,0.5165368566,0.2806934471,3.562605434261312
SiC,1180,22.82447389163101,0.3333333333,0.596552906,0.2836266085,3.5257622875676
SiC,1181,22.943379249896708,0.4166666667,0.6431049273,0.3078924198,3.2478876896338584
SiC,1182,22.97725358108296,0.5,4.738412678e-16,0.3180773909,3.1438889673060384
SiC,1183,22.51637387462403,0.08333333333,0.16555461129019522,0.3122161399,3.2029093701571316
SiC,1184,22.600022465952293,0.1666666667,0.6179056843818458,0.3154322562,3.170252820833737
SiC,1185,22.71064552830345,0.25,0.5989864502230212,0.2807558297,3.561813840405537
SiC,1186,22.819540343043066,0.3333333333,0.539693006128781,0.2792435396,3.5811034390712906
SiC,1187,22.919808195923373,0.4166666667,0.591737466778903,0.292075654,3.4237704728378353
SiC,1188,22.974145428283823,0.5,0.06042376837323905,0.3538889476,2.8257452140898676
SiC,1189,22.519668652509438,0.1666666667,0.23853323979861848,0.2658871585,3.760993970680987
SiC,1190,22.580510515563066,0.25,0.9938808112493503,0.2747328802,3.6398992332916986
SiC,1191,22.70949977186813,0.3333333333,1.0561133622156234,0.2592163069,3.857781988946313
SiC,1192,22.84257311908337,0.4166666667,0.8610554199490281,0.2728799284,3.664615444101677
SiC,1193,22.916844062432244,0.5,0.9106021382979486,0.286688367,3.488108047300015
SiC,1194,22.619591712121032,0.25,0.36979972425270063,0.2629311337,3.803277253354801
SiC,1195,22.555258101024425,0.3333333333,1.1194289731752065,0.2355284588,4.245771424374471
SiC,1196,22.708019853714294,0.4166666667,0.8807101328261814,0.2573369226,3.88595616165964
SiC,1197,22.71839151980626,0.5,1.234317654031529,0.2930342554,3.412570310713237
SiC,1198,22.61465601494136,0.3333333333,0.5762098686372369,0.2398948627,4.168492766977456
SiC,1199,22.52487274858514,0.4166666667,1.1628509604250152,0.2389865756,4.184335448505418
SiC,1200,22.465341510572376,0.5,1.3314125252340434,0.2656499182,3.7643527495729527
SiC,1201,22.349248865784947,0.4166666667,1.1059364574156025,0.2391232869,4.181943184890204
SiC,1202,22.25664948003467,0.5,0.7030666030697641,0.2464803305,4.057118870181002
SiC,1203,22.1735524083307,0.5,0.04510661795164636,0.2404678295,4.158560428142426
SiC,1204,22.53196841707498,0.08333333333,0.017497275309457015,0.3035197568,3.294678443811932
SiC,1205,22.626571595389773,0.1666666667,0.4004898495842207,0.3173821288,3.1507760181108218
SiC,1206,22.71319189598446,0.25,0.49884115739422563,0.2785615193,3.5898712877245567
SiC,1207,22.813284200962535,0.3333333333,0.5545351641808619,0.2764884853,3.616787147265695
SiC,1208,22.921948877654444,0.4166666667,0.6150565066231933,0.2883713795,3.46775051578931
SiC,1209,22.969535473526182,0.5,0.08906253126907236,0.3089139986,3.237146922871756
SiC,1210,22.545488581744156,0.1666666667,0.31797790362227984,0.2675040074,3.738261754354563
SiC,1211,22.61421295941078,0.25,1.0803507105956143,0.2667199074,3.749251451637239
SiC,1212,22.739462679341965,0.3333333333,1.0629434341645891,0.2676052186,3.736847903159688
SiC,1213,22.857199235536594,0.4166666667,0.6322513577960525,0.2710830125,3.6889069173967513
SiC,1214,22.939192185738353,0.5,0.8367482400394406,0.2883780104,3.4676707791032046
SiC,1215,22.62581465448043,0.25,0.3171923091619084,0.2630564927,3.801464809843867
SiC,1216,22.58894983374447,0.3333333333,1.1322603112959615,0.2333170926,4.286012605661965
SiC,1217,22.726695842764933,0.4166666667,0.8494803007634595,0.2556750019,3.9112153811232653
SiC,1218,22.745423016045265,0.5,1.2230364538727083,0.2725602115,3.6689140887315466
SiC,1219,22.624429513095205,0.3333333333,0.4989991693249892,0.2449345495,4.082723331769086
SiC,1220,22.552643487703815,0.4166666667,1.1083586960196117,0.2442568532,4.094050942272599
SiC,1221,22.5029864451774,0.5,1.325775417262659,0.2645721374,3.7796874978113246
SiC,1222,22.385776707759895,0.4166666667,1.0855588016477373,0.2388497164,4.186733043154662
SiC,1223,22.29700709923623,0.5,0.93507302943561,0.2556292816,3.9119149173402055
SiC,1224,22.22254968995603,0.5,0.5005041429625131,0.251900989,3.969813711211749
SiC,1225,22.599716299588263,0.1666666667,0.09219492124722205,0.2781404013,3.5953065262223736
SiC,1226,22.681574413722238,0.25,0.48774538458277694,0.2514402693,3.9770876907822337
SiC,1227,22.767894579925237,0.3333333333,0.5132370240254152,0.253250521,3.9486592013763318
SiC,1228,22.858010607436476,0.4166666667,0.5811713203185058,0.2740948967,3.648371465647941
SiC,1229,22.91857511117078,0.5,0.25684094330879703,0.2469841978,4.048842026767107
SiC,1230,22.63363521007408,0.25,0.17509215677184842,0.2426123892,4.121801047743031
SiC,1231,22.69678136614028,0.3333333333,1.055966604956414,0.2298054255,4.35150735812371
SiC,1232,22.76890916085646,0.4166666667,0.7232901607777348,0.2539720567,3.9374410436862837
SiC,1233,22.8157277863813,0.5,1.166936338318404,0.2668497464,3.7474272075980513
SiC,1234,22.64496414540226,0.3333333333,0.2640590117058894,0.2373688789,4.21285218447396
SiC,1235,22.624831092847614,0.4166666667,0.9410496495038748,0.2410259364,4.148931085741858
SiC,1236,22.60322256256205,0.5,1.2635756524230353,0.254696323,3.9262443533588036
SiC,1237,22.48381293777466,0.4166666667,0.9965518177296074,0.2354224723,4.247682858099014
SiC,1238,22.426282579790946,0.5,1.0776162734101133,0.255130517,3.919562472410935
SiC,1239,22.355653244779468,0.5,0.8591932804022856,0.248007536,4.03213553962328
SiC,1240,22.61679730146121,0.25,0.03253474863078409,0.2332166144,4.287859175782632
SiC,1241,22.69798841314418,0.3333333333,0.4915604253381315,0.2360190015,4.236946998523761
SiC,1242,22.782305264247498,0.4166666667,0.5099824329172457,0.2512880801,3.9794963597240685
SiC,1243,22.877750435873224,0.5,0.274814823096627,0.2674386466,3.739175368680616
SiC,1244,22.658766507701028,0.3333333333,0.09842062182786065,0.2341585303,4.27061102031524
SiC,1245,22.71050319603784,0.4166666667,0.6744358559319624,0.239804963,4.1700554796274165
SiC,1246,22.733240055292452,0.5,1.0934653398002228,0.2565164877,3.8983848912258434
SiC,1247,22.612874195775973,0.4166666667,0.7995155678163562,0.2406656562,4.155142099581386
SiC,1248,22.59656874002522,0.5,1.0579196724317759,0.2542133504,3.9337037115734423
SiC,1249,22.535733290915797,0.5,0.9814651233107039,0.245108879,4.079819564594394
SiC,1250,22.658883661654638,0.3333333333,0.27898084801463574,0.2287506811,4.371571683158586
SiC,1251,22.757586528064028,0.4166666667,0.49060544311019777,0.2420639618,4.131139524297416
SiC,1252,22.841359785459215,0.5,0.00826781285011554,0.2579289978,3.877035961561046
SiC,1253,22.732324946200666,0.4166666667,0.5232354252717628,0.2440076263,4.09823256413523
SiC,1254,22.758099388952648,0.5,0.8252632648338094,0.258426635,3.86957017801203
SiC,1255,22.713880909564093,0.5,0.8451539996485142,0.2512665454,3.9798374208873093
SiC,1256,22.79713369846438,0.4166666667,0.4693670507512935,0.2524754889,3.9607805270795144
SiC,1257,22.86703240087861,0.5,0.14052985832554693,0.2657635003,3.7627439391458073
SiC,1258,22.84311598067876,0.5,0.48840816770991907,0.2685168261,3.724161403678978
SiC,1259,22.890177206083354,0.5,4.4389465715452216e-16,0.2670912121,3.7440393195175443
SiC,1260,22.551347807312105,0.0,0.0,0.3040294753,3.289154773606255
SiC,1261,22.57186391398378,0.08333333333,0.2115395194,0.3665626778,2.7280464176050385
SiC,1262,22.63003062117645,0.1666666667,0.38935672,0.3494625494,2.8615369564404602
SiC,1263,22.717440600852274,0.25,0.5165368566,0.2794698171,3.5782039376444703
SiC,1264,22.82447389163101,0.3333333333,0.596552906,0.2882254617,3.469506108522958
SiC,1265,22.943379249896708,0.4166666667,0.6431049273,0.3057232974,3.270931618572815
SiC,1266,22.97725358108296,0.5,1.834056918e-15,0.318530024,3.1394214819762167
SiC,1267,22.54345739861393,0.08333333333,0.06436035574942922,0.2895639681,3.4534683529915333
SiC,1268,22.608589490060034,0.1666666667,0.7651680484418659,0.2885998884,3.465004804901373
SiC,1269,22.719412228202792,0.25,0.843746998429878,0.2902554348,3.4452412603024927
SiC,1270,22.833620160154126,0.3333333333,0.7357748291936146,0.3217045576,3.1084421292015914
SiC,1271,22.92496341551605,0.4166666667,0.47695932699241533,0.3101106602,3.224655351593102
SiC,1272,22.974145428283823,0.5,0.06042376837323905,0.3533896771,2.829737439435805
SiC,1273,22.519668652509438,0.1666666667,0.23853323979861848,0.2655123674,3.7663029025441923
SiC,1274,22.682437622387084,0.25,0.8118987499345174,0.297564146,3.3606199316768497
SiC,1275,22.794664218536376,0.3333333333,0.43064808417935463,0.2635275074,3.7946702788871742
SiC,1276,22.8439274799026,0.4166666667,0.6000653201196395,0.2695608736,3.7097371982993903
SiC,1277,22.916844062432244,0.5,0.9106021382979486,0.2862322203,3.493666781999245
SiC,1278,22.619591712121032,0.25,0.36979972425270063,0.2628711894,3.8041445404591
SiC,1279,22.728905104360976,0.3333333333,0.49585103255158497,0.2541639811,3.934467801739985
SiC,1280,22.722610192136315,0.4166666667,1.0782630742248074,0.211070038,4.7377638696402755
SiC,1281,22.71839151980626,0.5,1.234317654031529,0.2934644964,3.4075672262479517
SiC,1282,22.61465601494136,0.3333333333,0.5762098686372369,0.2402306892,4.162665491782637
SiC,1283,22.596858386106156,0.4166666667,2.048625272977611,0.2687099486,3.7214848397317577
SiC,1284,22.465341510572376,0.5,1.3314125252340434,0.2654491409,3.7671999864438064
SiC,1285,22.349248865784947,0.4166666667,1.1059364574156025,0.239243778,4.179837019627738
SiC,1286,22.25664948003467,0.5,0.7030666030697641,0.246218655,4.061430682415189
SiC,1287,22.1735524083307,0.5,0.021442372387601213,0.2407115463,4.154349948604854
SiC,1288,22.56564030317362,0.08333333333,0.08620555142350371,0.3381273352,2.95746571157433
SiC,1289,22.63952464325023,0.1666666667,0.5712356128019224,0.2938099384,3.4035608374777833
SiC,1290,22.753360120803745,0.25,0.6355926014652914,0.3027281051,3.303294220632969
SiC,1291,22.86351058846688,0.3333333333,0.5307543126918712,0.3050344426,3.278318315388821
SiC,1292,22.94154689903689,0.4166666667,0.3057781656555113,0.3227846509,3.0980407439194004
SiC,1293,22.969535473526182,0.5,0.08906253126907236,0.3087817623,3.238533236391209
SiC,1294,22.545488581744156,0.1666666667,0.31797790362227984,0.2673453222,3.7404806329541977
SiC,1295,22.68783865678937,0.25,0.6831842244433765,0.273242262,3.6597559714243615
SiC,1296,22.789114358346808,0.3333333333,0.47462430451944937,0.2715719595,3.682265289248318
SiC,1297,22.858277271543628,0.4166666667,0.8004902289526933,0.2556331253,3.911856097782489
SiC,1298,22.939192185738353,0.5,0.8367482400394406,0.2882670418,3.4690056614026696
SiC,1299,22.62581465448043,0.25,0.3171923091619084,0.2633736828,3.7968865733611556
SiC,1300,22.728763154067234,0.3333333333,0.4778369741275615,0.2503701446,3.99408644188641
SiC,1301,22.743502381938512,0.4166666667,0.9918397351310934,0.2255956134,4.432710303754514
SiC,1302,22.745423016045265,0.5,1.2230364538727083,0.2727451765,3.6664259761895366
SiC,1303,22.624429513095205,0.3333333333,0.4989991693249892,0.2448307607,4.084454082243923
SiC,1304,22.62520706456968,0.4166666667,1.9391273446314055,0.2755729391,3.6288033333966787
SiC,1305,22.5029864451774,0.5,1.325775417262659,0.2651981948,3.7707647322190594
SiC,1306,22.385776707759895,0.4166666667,1.0855588016477373,0.2381903552,4.198322804297997
SiC,1307,22.29700709923623,0.5,0.93507302943561,0.2555452364,3.9132014906148336
SiC,1308,22.22254968995603,0.5,0.5001244367795961,0.2492962975,4.011291022081866
SiC,1309,22.637314363062547,0.1666666667,0.6048790450728955,0.2396053658,4.173529239051791
SiC,1310,22.719117775642577,0.25,0.533627486533256,0.2498880146,4.00179256936639
SiC,1311,22.817707005422598,0.3333333333,0.4910734020770364,0.253888033,3.9387441313549423
SiC,1312,22.891314097588342,0.4166666667,0.35820702565379425,0.271385884,3.684790031304649
SiC,1313,22.91857511117078,0.5,0.25684094330879703,0.247268209,4.044191544251449
SiC,1314,22.63363521007408,0.25,0.17509215677184842,0.2425759955,4.122419441951749
SiC,1315,22.721550586271693,0.3333333333,0.4748565680100661,0.248283413,4.027655282795713
SiC,1316,22.79952673627321,0.4166666667,0.7241030017092652,0.2278218565,4.389394482877458
SiC,1317,22.8157277863813,0.5,1.166936338318404,0.2667076593,3.749423629694762
SiC,1318,22.685708940833877,0.3333333333,1.0131964199435868,0.2085689919,4.794576561406873
SiC,1319,22.699599554548595,0.4166666667,1.6344058110117887,0.2752254067,3.633385492968008
SiC,1320,22.60322256256205,0.5,1.2635756524230353,0.2549911941,3.921704055426438
SiC,1321,22.495976975004734,0.4166666667,1.3099140161053227,0.2637716046,3.791158648469624
SiC,1322,22.426282579790946,0.5,1.0776162734101133,0.2549952553,3.9216415961289455
SiC,1323,22.355653244779468,0.5,0.8591435992745086,0.2475401612,4.039748520612986
SiC,1324,22.851119882766852,0.25,0.5393475444933512,0.2224418161,4.495557613818637
SiC,1325,22.85555691567883,0.3333333333,0.42918108316280945,0.2303921965,4.340424785177132
SiC,1326,22.872450066972444,0.4166666667,0.1804042753641094,0.2579363778,3.8769250329450813
SiC,1327,22.877750435873224,0.5,0.274814823096627,0.2673208598,3.740822922491588
SiC,1328,22.84541317538087,0.3333333333,0.7456112831724228,0.2513158717,3.9790562897424833
SiC,1329,22.792436606375393,0.4166666667,1.1968100435914424,0.2704884971,3.6970148850000766
SiC,1330,22.733240055292452,0.5,1.0934653398002228,0.2564231955,3.899803206375689
SiC,1331,22.646668647096288,0.4166666667,1.0827799342530833,0.2669093735,3.746590038734627
SiC,1332,22.59656874002522,0.5,1.0579196724317759,0.2550519246,3.9207702571478658
SiC,1333,22.535733290915797,0.5,0.9811961136942188,0.2448147742,4.084720798684542
SiC,1334,22.931841328212755,0.3333333333,0.6416141175788271,0.2677164248,3.7352956612470045
SiC,1335,22.85347606029087,0.4166666667,0.25728940847147147,0.2651859299,3.7709391308094435
SiC,1336,22.841359785459215,0.5,0.00826781285011554,0.2582692823,3.871927745702339
SiC,1337,22.78235422030799,0.4166666667,0.7030832278875041,0.260072942,3.845075125116246
SiC,1338,22.758099388952648,0.5,0.8252632648338094,0.2585666793,3.8674743501646542
SiC,1339,22.713880909564093,0.5,0.8417649253146942,0.2512920205,3.979433958986374
SiC,1340,22.86277223685489,0.4166666667,0.07977722882964862,0.2717403187,3.679983908107487
SiC,1341,22.86703240087861,0.5,0.14052985832554693,0.265733259,3.763172151514538
SiC,1342,22.84311598067876,0.5,0.4819366921524643,0.268500097,3.7243934403494836
SiC,1343,22.890177206083354,0.5,8.637227366325448e-16,0.2673332871,3.7406490259700997
SiC,1344,22.551347807312105,0.0,0.0,0.3039501911,3.290012736563797
SiC,1345,22.58341915172554,0.08333333333,0.3250911624,0.314414856,3.1805112923798995
SiC,1346,22.66832909372429,0.1666666667,0.5377471705,0.3151038165,3.17355724569588
SiC,1347,22.778158911923583,0.25,0.5826842118,0.3089302523,3.236976607357013
SiC,1348,22.88110222305924,0.3333333333,0.4722723999,0.330293343,3.0276117311876916
SiC,1349,22.952155148951764,0.4166666667,0.2590701465,0.3979761937,2.5127131115631856
SiC,1350,23.068860381115154,0.5,0.05345011558,0.3156594792,3.167970759295354
SiC,1351,22.606513520728825,0.08333333333,0.4144351153134935,0.3588137425,2.7869612602700133
SiC,1352,22.669499980725124,0.1666666667,0.5688691144602321,0.322334014,3.1023719389415727
SiC,1353,22.756912904767393,0.25,0.6322154660933028,0.2854445047,3.5033079408937735
SiC,1354,22.859238615146385,0.3333333333,0.676003043767071,0.2952457216,3.387009283591935
SiC,1355,22.96995083609666,0.4166666667,0.2319312317080698,0.3361051548,2.9752593369032136
SiC,1356,23.03207571080853,0.5,0.39510764710956825,0.3191756582,3.133071004347662
SiC,1357,22.7696954817683,0.1666666667,0.74241857562034,0.2844378263,3.5157067996479765
SiC,1358,22.853509212265514,0.25,0.7135163647286951,0.2582269243,3.8725628735686413
SiC,1359,22.943427967224792,0.3333333333,0.737957472348771,0.2902349834,3.4454840291316864
SiC,1360,22.995632284615397,0.4166666667,0.09291384749253194,0.2765289935,3.616257331078016
SiC,1361,22.94725667811328,0.5,0.25538029655628136,0.2734258877,3.6572981746965727
SiC,1362,22.95581184517776,0.25,0.5346789945439046,0.2407909145,4.152980614224961
SiC,1363,23.01074100660256,0.3333333333,0.15469337020084065,0.2278255568,4.389323191154822
SiC,1364,22.890496279913265,0.4166666667,1.9466068898824676,0.2834172574,3.528366653370911
SiC,1365,22.880882191350416,0.5,0.4606312466323916,0.2040127366,4.901654752863111
SiC,1366,22.916403378310314,0.3333333333,2.6834819244922543,0.2727985601,3.6657084979973105
SiC,1367,22.686300503841856,0.4166666667,1.1594184499987708,0.1827137466,5.47304195009047
SiC,1368,22.87714346666675,0.5,0.8366995082421356,0.2059309857,4.855995791992171
SiC,1369,22.841941592269183,0.4166666667,1.3906861233177326,0.2070210227,4.8304273013331995
SiC,1370,23.01999287443042,0.5,0.8814177673681496,0.2490510152,4.015241613036396
SiC,1371,23.1737110846663,0.5,0.6108954238497665,0.2884700904,3.466563894417527
SiC,1372,22.56564030317362,0.08333333333,0.08620555142350371,0.3372835114,2.964864768660612
SiC,1373,22.63952464325023,0.1666666667,0.5712356128019224,0.2935121987,3.407013420325007
SiC,1374,22.753360120803745,0.25,0.6355926014652914,0.3028935638,3.301489762457607
SiC,1375,22.86351058846688,0.3333333333,0.5307543126918712,0.3052091573,3.276441666581673
SiC,1376,22.94154689903689,0.4166666667,0.3057781656555113,0.322828457,3.097620356312021
SiC,1377,23.041969450521886,0.5,0.22916684925392483,0.3026769746,3.3038522382534747
SiC,1378,22.727110600546627,0.1666666667,0.9126632280639193,0.289407001,3.4553414276249663
SiC,1379,22.838134383213504,0.25,0.8982961363179477,0.2807156262,3.5623239558724644
SiC,1380,22.928967944870177,0.3333333333,0.6649983568241868,0.2716864173,3.6807140008614634
SiC,1381,22.96776611619284,0.4166666667,0.2995024896768993,0.2711388945,3.6881466299553716
SiC,1382,22.94170131116268,0.5,0.32499509859990994,0.2687106744,3.7214747878285253
SiC,1383,22.932829011958596,0.25,0.638515026360092,0.2402957679,4.16153812753021
SiC,1384,22.98246910448358,0.3333333333,0.3752112504951513,0.2256381807,4.431874060044661
SiC,1385,22.905732182615452,0.4166666667,1.8446775248224554,0.2908059676,3.4387189790255186
SiC,1386,22.881001653050703,0.5,0.313628567985524,0.2191447143,4.563194705353658
SiC,1387,22.921175225476073,0.3333333333,2.500092854405715,0.2829180068,3.534592977345972
SiC,1388,22.715107405302042,0.4166666667,1.0709878843154725,0.1983217744,5.04231067428368
SiC,1389,22.88277236320106,0.5,0.4473483129338217,0.209260454,4.778733778337306
SiC,1390,22.8563403558862,0.4166666667,1.2596258203966102,0.2191406283,4.563279788679879
SiC,1391,23.015777385199232,0.5,0.905878743274884,0.2386481644,4.190268978243187
SiC,1392,23.15482057066787,0.5,0.19831640508904358,0.2778483739,3.5990853067216744
SiC,1393,22.637314363062547,0.1666666667,0.6048790450728955,0.2400627052,4.165578319076611
SiC,1394,22.719117775642577,0.25,0.533627486533256,0.2499630394,4.000591457042429
SiC,1395,22.817707005422598,0.3333333333,0.4910734020770364,0.2541984336,3.933934548053014
SiC,1396,22.891314097588342,0.4166666667,0.35820702565379425,0.272640851,3.667828927074468
SiC,1397,22.96590214124583,0.5,0.3425513577995592,0.2852642975,3.5055210510526646
SiC,1398,22.883049308717535,0.25,0.7770077815176971,0.2304029627,4.340221967119696
SiC,1399,22.915345507234573,0.3333333333,0.6432048174323107,0.2268171828,4.408837053944751
SiC,1400,22.91921827221131,0.4166666667,0.3328813207978576,0.2311486385,4.326220593334795
SiC,1401,22.879744710972137,0.5,0.17398183410793455,0.2485842422,4.022781135078723
SiC,1402,22.93189256018894,0.3333333333,2.007191341524119,0.2942924014,3.3979810394112335
SiC,1403,22.788920603119088,0.4166666667,0.8176431462844278,0.2214947841,4.514779000613044
SiC,1404,22.896268304487897,0.5,0.4015866758997508,0.220959831,4.525709471600745
SiC,1405,22.890529320479448,0.4166666667,0.9069683620682039,0.2161692785,4.626004245094429
SiC,1406,23.00170625794806,0.5,0.6176588673897552,0.2378336193,4.204620032034303
SiC,1407,23.10265605792853,0.5,0.37680432824617016,0.2649373511,3.774477233383949
SiC,1408,22.851119882766852,0.25,0.5393475444933512,0.2222291974,4.499858757083375
SiC,1409,22.85555691567883,0.3333333333,0.42918108316280945,0.2310189783,4.328648699594738
SiC,1410,22.872450066972444,0.4166666667,0.1804042753641094,0.258437035,3.8694144591157382
SiC,1411,22.880521912305742,0.5,0.06543721125450902,0.2282782103,4.380619589954793
SiC,1412,22.93923703560132,0.3333333333,1.3530327996271563,0.2771144812,3.6086168996642103
SiC,1413,22.873546612699357,0.4166666667,0.4700634301425131,0.2213033712,4.5186839883079015
SiC,1414,22.910301855257,0.5,0.3403079300116614,0.2445675341,4.0888501561745105
SiC,1415,22.92345687074024,0.4166666667,0.45141177963939555,0.2311143652,4.326862153871861
SiC,1416,22.976207535219494,0.5,0.3924770850648922,0.2426874559,4.120526115746389
SiC,1417,23.030502893914417,0.5,0.40747601945660245,0.2577544846,3.8796609166737266
SiC,1418,22.931841328212755,0.3333333333,0.6416141175788271,0.2678448238,3.733505041511278
SiC,1419,22.900487661184204,0.4166666667,0.3404807723505813,0.2741187995,3.648053332438441
SiC,1420,22.87145369336671,0.5,0.30741556845663,0.2620863316,3.8155366359441234
SiC,1421,22.926404101976413,0.4166666667,0.5456132069087829,0.2665109827,3.7521905846771695
SiC,1422,22.935194850187656,0.5,0.5367081077778826,0.2655128662,3.766295827060753
SiC,1423,22.95856326808745,0.5,0.3369734312496716,0.2612632806,3.8275566229722986
SiC,1424,22.86277223685489,0.4166666667,0.07977722882964862,0.2726291217,3.6679867277729636
SiC,1425,22.86937224910546,0.5,0.09722475954676944,0.2676086391,3.7368001397978787
SiC,1426,22.907787875606907,0.5,0.1839359200029395,0.2638705943,3.789736414748356
SiC,1427,22.890177206083354,0.5,2.5403609910126883e-15,0.2675407844,3.737747881103992
SiC,1428,22.551347807312105,0.0,0.0,0.3038576531,3.2910146899308095
SiC,1429,22.58341915172554,0.08333333333,0.3250911624,0.3143595851,3.1810704918760244
SiC,1430,22.66832909372429,0.1666666667,0.5377471705,0.3152391282,3.1721950435212505
SiC,1431,22.778158911923583,0.25,0.5826842118,0.3086686708,3.23971978564661
SiC,1432,22.88110222305924,0.3333333333,0.4722723999,0.3303647702,3.0269571401169943
SiC,1433,22.952155148951764,0.4166666667,0.2590701465,0.3981345356,2.5117137816064403
SiC,1434,23.068860381115154,0.5,0.006727706156,0.3157207397,3.1673560658390922
SiC,1435,22.606513520728825,0.08333333333,0.4144351153134935,0.3587923324,2.787127565717176
SiC,1436,22.69716679166596,0.1666666667,0.6375329100637815,0.314633844,3.1782976277656894
SiC,1437,22.811090727536843,0.25,0.6728685491519354,0.3043364973,3.2858365949262045
SiC,1438,22.911321529146402,0.3333333333,0.520834590093402,0.329179785,3.037853615464267
SiC,1439,22.97728342263479,0.4166666667,0.7261656805997889,0.3040814646,3.288592421492829
SiC,1440,23.03207571080853,0.5,0.39510764710956825,0.3183831884,3.140869356279114
SiC,1441,22.7696954817683,0.1666666667,0.74241857562034,0.283899652,3.522371348310071
SiC,1442,22.886701182548755,0.25,0.7058267210231989,0.2787218166,3.587806696291459
SiC,1443,22.97283910042642,0.3333333333,0.4239366880399435,0.2746941393,3.6404125786894794
SiC,1444,23.060850462970212,0.4166666667,0.8124160468387572,0.3161487856,3.163067661645954
SiC,1445,22.94725667811328,0.5,0.25538029655628136,0.2730986049,3.66168110000477
SiC,1446,22.95581184517776,0.25,0.5346789945439046,0.2409361962,4.150476415631235
SiC,1447,23.028141925826613,0.3333333333,0.6321823974860286,0.2717937902,3.6792599244601876
SiC,1448,22.986072913521987,0.4166666667,0.3683860189900132,0.2159803022,4.630051860349698
SiC,1449,22.880882191350416,0.5,0.4606312466323916,0.2040825602,4.899977729699218
SiC,1450,23.061208243282284,0.3333333333,0.3388879167555053,0.2572894338,3.8866734060184323
SiC,1451,23.010988333384123,0.4166666667,0.6940537749889903,0.234402731,4.266161898941356
SiC,1452,22.87714346666675,0.5,0.8366995082421356,0.2066039789,4.840177838414321
SiC,1453,23.144210761034557,0.4166666667,0.22555042723868904,0.2716369839,3.6813838294130754
SiC,1454,23.01999287443042,0.5,0.8814177673681496,0.2490780203,4.014806279556735
SiC,1455,23.1737110846663,0.5,0.060653988691822695,0.2896222783,3.4527730596890347
SiC,1456,22.56564030317362,0.08333333333,0.08620555142350371,0.3378821894,2.9596114603606867
SiC,1457,22.64383560953178,0.1666666667,0.6980354772279597,0.2860816921,3.4955050519291864
SiC,1458,22.777048742533538,0.25,0.7436911531283668,0.291583768,3.42954618790714
SiC,1459,22.88768178389963,0.3333333333,0.6439604318244653,0.2949083064,3.390884482730189
SiC,1460,22.98073859687185,0.4166666667,0.5348422662748719,0.298438386,3.3507753925461854
SiC,1461,23.041969450521886,0.5,0.22916684925392483,0.3024612516,3.3062086290725383
SiC,1462,22.727110600546627,0.1666666667,0.9126632280639193,0.2890266041,3.4598891099104883
SiC,1463,22.84871621340782,0.25,0.7773416632691587,0.2610088545,3.831287646986704
SiC,1464,22.95406944869178,0.3333333333,0.6227919617840832,0.2784827065,3.5908872495822286
SiC,1465,23.043373228950944,0.4166666667,0.6622972584543466,0.2966799551,3.3706355377562884
SiC,1466,22.94170131116268,0.5,0.32499509859990994,0.2689291778,3.7184511111088523
SiC,1467,22.932829011958596,0.25,0.638515026360092,0.2401610844,4.163871938279772
SiC,1468,23.020143785147464,0.3333333333,0.5624856460419003,0.2636610247,3.7927486671108275
SiC,1469,22.9670908217693,0.4166666667,0.33506873047381225,0.2190903788,4.564326400260895
SiC,1470,22.881001653050703,0.5,0.313628567985524,0.2191332982,4.563432432287463
SiC,1471,23.044549081586002,0.3333333333,0.36205041095006074,0.2480985734,4.03065598602914
SiC,1472,22.99975474778235,0.4166666667,0.655128908092305,0.2265532741,4.413972845780206
SiC,1473,22.88277236320106,0.5,0.4473483129338217,0.2093931628,4.775705121542774
SiC,1474,23.124394792873037,0.4166666667,0.30316842490311235,0.2697388385,3.7072896345255075
SiC,1475,23.015777385199232,0.5,0.905878743274884,0.2386329876,4.19053547481966
SiC,1476,23.15482057066787,0.5,0.19461746659923734,0.2779881005,3.5972762798168767
SiC,1477,22.637314363062547,0.1666666667,0.6048790450728955,0.23996965,4.167193643029441
SiC,1478,22.852224418071913,0.25,0.960810938600832,0.2478529661,4.0346501223492925
SiC,1479,22.97954561916491,0.3333333333,0.43913151073860024,0.254119334,3.935159061923246
SiC,1480,23.021149612556815,0.4166666667,0.13028498863425902,0.2737360953,3.6531535927114542
SiC,1481,22.96590214124583,0.5,0.3425513577995592,0.2847282795,3.512120403902486
SiC,1482,22.883049308717535,0.25,0.7770077815176971,0.2306801616,4.335006500186187
SiC,1483,23.003166679621366,0.3333333333,0.41219816275104276,0.2443236573,4.092931528002303
SiC,1484,22.94512433610123,0.4166666667,1.5727505248098799,0.282615167,3.538380514447054
SiC,1485,22.879744710972137,0.5,0.17398183410793455,0.2486586513,4.021577350202574
SiC,1486,23.00572097321854,0.3333333333,0.34078853606391607,0.2377972861,4.205262458628202
SiC,1487,22.971968252324306,0.4166666667,0.553099862825912,0.2300155093,4.347532925250445
SiC,1488,22.896268304487897,0.5,0.4015866758997508,0.2210089587,4.524703459453022
SiC,1489,23.071152037225236,0.4166666667,0.4028922331290846,0.2570220826,3.8907162757539653
SiC,1490,23.00170625794806,0.5,0.6176588673897552,0.2375678792,4.2093232610715665
SiC,1491,23.10265605792853,0.5,0.37670825905888755,0.2643651466,3.7826468914718885
SiC,1492,22.851119882766852,0.25,0.5393475444933512,0.2222109389,4.50022849887702
SiC,1493,22.986312966922654,0.3333333333,0.35103775195951026,0.2374480354,4.211447773469344
SiC,1494,22.989491466206633,0.4166666667,0.8734611046495306,0.2771753917,3.607823890377495
SiC,1495,22.880521912305742,0.5,0.06543721125450902,0.2280874445,4.384283414600667
SiC,1496,22.967526906313374,0.3333333333,0.22964041683029285,0.2328809429,4.294039639084612
SiC,1497,22.94244047446488,0.4166666667,0.39302177978452413,0.2339370338,4.274654524580024
SiC,1498,22.910301855257,0.5,0.3403079300116614,0.2430767615,4.113926785222536
SiC,1499,23.000955364926554,0.4166666667,0.4079130649078616,0.2499730969,4.0004304959267
SiC,1500,22.976207535219494,0.5,0.3924770850648922,0.2426814431,4.120628208016454
SiC,1501,23.030502893914417,0.5,0.39661329752171665,0.2578185909,3.878696243390259
SiC,1502,22.94231776600376,0.3333333333,0.019200671328273092,0.2341952072,4.269942207425328
SiC,1503,22.927981184223007,0.4166666667,0.1106992811710548,0.2742095367,3.6468461747705514
SiC,1504,22.87145369336671,0.5,0.30741556845663,0.2623823566,3.811231871525923
SiC,1505,22.933640924985284,0.4166666667,0.09081671346117644,0.2360216659,4.236899168501293
SiC,1506,22.935194850187656,0.5,0.5367081077778826,0.2655464839,3.765819020885932
SiC,1507,22.95856326808745,0.5,0.3369734365441333,0.2612077475,3.8283703663881568
SiC,1508,22.90984926634533,0.4166666667,0.1247441242230465,0.2849809947,3.509005928808347
SiC,1509,22.86937224910546,0.5,0.09722475954676944,0.2677513783,3.734808038521309
SiC,1510,22.907787875606907,0.5,0.1838804447464632,0.2647738414,3.7768081420448056
SiC,1511,22.890177206083354,0.5,5.508572252792062e-15,0.2675402029,3.7377560051181375
SiC,1512,23.60235354359911,0.0,0.0,0.3405147979,2.936729934108981
SiC,1513,23.581848195801594,0.08333333333,0.2122485209,0.3365402113,2.9714131221857945
SiC,1514,23.522899464880545,0.1666666667,0.3982405937,0.3476834472,2.8761794904339064
SiC,1515,23.432534550869303,0.25,0.5386069565,0.3119312756,3.205834355905798
SiC,1516,23.320415782193955,0.3333333333,0.6256582039,0.3255193297,3.0720141901299813
SiC,1517,23.196464289133566,0.4166666667,0.6640541727,0.3140655285,3.184048898254047
SiC,1518,23.068860381115154,0.5,0.1384627969,0.3153985357,3.170591765052383
SiC,1519,23.564762355618377,0.08333333333,0.2511339908267003,0.3448217222,2.9000493171366686
SiC,1520,23.514844378562756,0.1666666667,0.35201573476011605,0.3372509738,2.965150815525977
SiC,1521,23.43572533691489,0.25,0.4837184375922323,0.3235384272,3.0908229623736023
SiC,1522,23.328701515855272,0.3333333333,0.6770626174571569,0.3189909956,3.1348847265079356
SiC,1523,23.1737653405864,0.4166666667,0.8633674677399185,0.3178424238,3.146213107880283
SiC,1524,23.101873047439508,0.5,0.34134767256694576,0.3090638383,3.2355774959001407
SiC,1525,23.489009074960535,0.1666666667,0.2665342068757204,0.3478932465,2.874444991561514
SiC,1526,23.440667288883827,0.25,0.32724083192134684,0.3289097579,3.0403476211369647
SiC,1527,23.339028586732184,0.3333333333,1.0489834168787722,0.3149601786,3.1750045496068946
SiC,1528,23.08599904482398,0.4166666667,1.3835549377124052,0.3012352234,3.319664907420651
SiC,1529,23.182300406381565,0.5,0.4716709323479827,0.3021258127,3.3098793878726402
SiC,1530,23.43509635657979,0.25,0.12792102577239553,0.3091254869,3.2349322277767834
SiC,1531,23.235750318103292,0.3333333333,2.3840963126359926,0.3018857885,3.312511016065932
SiC,1532,23.14804824136041,0.4166666667,0.7558292872240541,0.2869370701,3.4850847248544476
SiC,1533,23.265149642008147,0.5,0.3587970339970738,0.2907979225,3.438814113261074
SiC,1534,23.061208243282284,0.3333333333,0.3388879167555053,0.2572803873,3.8868100693348104
SiC,1535,23.18675335478785,0.4166666667,0.6964814517587478,0.2729324421,3.663910351974973
SiC,1536,23.304408598722052,0.5,0.1843079783044139,0.288089216,3.471146938037417
SiC,1537,23.144210761034557,0.4166666667,0.22555042723868904,0.2720107009,3.6763259558955093
SiC,1538,23.274534085903607,0.5,0.4143468413284984,0.2839120321,3.522217753870249
SiC,1539,23.1737110846663,0.5,0.7019737335386245,0.2892527756,3.457183765741538
SiC,1540,23.71980058103676,0.08333333333,0.4572781983293547,0.3332343436,3.0008911722507103
SiC,1541,23.623628851180328,0.1666666667,0.860419382730589,0.3448987181,2.8994019041557
SiC,1542,23.485404374654447,0.25,0.8405978152566851,0.3206552364,3.118614282514178
SiC,1543,23.329845569332704,0.3333333333,0.8187904861294738,0.324869439,3.078159654161868
SiC,1544,23.178208166738305,0.4166666667,0.7723211754157168,0.3170726372,3.1538514607592254
SiC,1545,23.08394540493129,0.5,0.25997908851088136,0.3018269684,3.313156558875605
SiC,1546,23.58940813517593,0.1666666667,1.0689235629220524,0.3403907468,2.9378001881689224
SiC,1547,23.481924977035057,0.25,0.748674913467875,0.328145047,3.047432862821787
SiC,1548,23.326619387227765,0.3333333333,1.0926261052954378,0.3240181093,3.086247253773479
SiC,1549,23.09851486222477,0.4166666667,1.3013391199098452,0.303560907,3.294231822808462
SiC,1550,23.14373710000842,0.5,0.5977250905480627,0.3003550981,3.329392463540142
SiC,1551,23.440398508015935,0.25,0.4129447755744024,0.305846805,3.2696107451572036
SiC,1552,23.222447972889235,0.3333333333,2.2180836557120354,0.297973554,3.356002526318158
SiC,1553,23.120527486910845,0.4166666667,0.6956271348431338,0.2839524344,3.52171659353099
SiC,1554,23.220562336954472,0.5,0.5780105704486248,0.2925229521,3.418535170731309
SiC,1555,23.044549081586002,0.3333333333,0.36205041095006074,0.2479726909,4.032702134943038
SiC,1556,23.15817853306568,0.4166666667,0.6786973382984898,0.2745705875,3.6420506985293897
SiC,1557,23.261816237218053,0.5,0.4418671979181792,0.2820815465,3.545074154646979
SiC,1558,23.124394792873037,0.4166666667,0.30316842490311235,0.2696817124,3.708074941754931
SiC,1559,23.241624997616217,0.5,0.45121288393505543,0.2770351137,3.6096507285458954
SiC,1560,23.15482057066787,0.5,0.19996305750597698,0.2778469297,3.5991040141409196
SiC,1561,23.706806709933407,0.1666666667,0.7070573890490796,0.3447608579,2.9005612936781127
SiC,1562,23.505924332875747,0.25,1.1506185315890336,0.3211309716,3.113994252929293
SiC,1563,23.294584170986415,0.3333333333,1.1141023677226287,0.3296741194,3.033298464010396
SiC,1564,23.109343987369666,0.4166666667,0.9354457476873388,0.2957742271,3.380957190911378
SiC,1565,23.060264549962714,0.5,0.2960850581652642,0.2787239654,3.5877790363842177
SiC,1566,23.416282730334373,0.25,1.0040134295474719,0.3124495218,3.200516980275948
SiC,1567,23.186357695599323,0.3333333333,1.8085130404145184,0.3071577567,3.2556560210090892
SiC,1568,23.051251955676292,0.4166666667,0.5016423217477582,0.2615126356,3.8239070081858793
SiC,1569,23.098512108844258,0.5,0.8615042725440624,0.2782863482,3.5934209725635404
SiC,1570,23.00572097321854,0.3333333333,0.34078853606391607,0.2379400175,4.2027398774987486
SiC,1571,23.083581895041267,0.4166666667,0.6017668542372909,0.2639236493,3.7889745865983673
SiC,1572,23.148167750807183,0.5,0.788781519947629,0.2799747554,3.5717505979112287
SiC,1573,23.071152037225236,0.4166666667,0.4028922331290846,0.2570166384,3.890798690019751
SiC,1574,23.153912352985117,0.5,0.5751647275818872,0.2752243836,3.6333989994627784
SiC,1575,23.10265605792853,0.5,0.34037806043616675,0.2642991214,3.783591843601187
SiC,1576,23.303673955420233,0.25,1.4502874947564772,0.3085102094,3.2413838165836726
SiC,1577,23.128078052059035,0.3333333333,1.3894265233449208,0.291373816,3.4320173779788092
SiC,1578,22.99072512391702,0.4166666667,0.28375262170575555,0.2437655906,4.102301713456026
SiC,1579,22.95489536735346,0.5,0.4275932005014419,0.2524147246,3.961734013674098
SiC,1580,22.967526906313374,0.3333333333,0.22964041683029285,0.2330936596,4.290120982767392
SiC,1581,22.99282771987021,0.4166666667,0.452267528716642,0.2434604869,4.107442701413574
SiC,1582,22.999658984253095,0.5,0.8511913801235776,0.2622534614,3.813105057457213
SiC,1583,23.000955364926554,0.4166666667,0.4079130649078616,0.2497331303,4.004274478114769
SiC,1584,23.039986077536568,0.5,0.610252992247327,0.2682960263,3.7272262798325317
SiC,1585,23.030502893914417,0.5,0.39645493507374807,0.2579880425,3.8761486397184473
SiC,1586,22.94231776600376,0.3333333333,0.019200671328273092,0.2337091392,4.278822828337216
SiC,1587,22.927981184223007,0.4166666667,0.1106992811710548,0.2758116122,3.625663154729205
SiC,1588,22.92294977126056,0.5,0.10979852707637569,0.2313983014,4.321552897967815
SiC,1589,22.936996579636425,0.4166666667,0.2703153820964438,0.2513735806,3.9781428008986244
SiC,1590,22.942844568865393,0.5,0.21550755371592842,0.2534382898,3.945733696313792
SiC,1591,22.95856326808745,0.5,0.33697126392254717,0.2607205049,3.8355249441679033
SiC,1592,22.90984926634533,0.4166666667,0.1247441242230465,0.2859417509,3.497215768080407
SiC,1593,22.914774666200184,0.5,0.12851938565418033,0.2516085656,3.974427490635478
SiC,1594,22.907787875606907,0.5,0.18456535705503832,0.2647543704,3.7770859022616534
SiC,1595,22.890177206083354,0.5,4.286859170385354e-17,0.2677284148,3.735128379059151
SiC,1596,23.60235354359911,0.0,0.0,0.3405349025,2.936556554581068
SiC,1597,23.581848195801594,0.08333333333,0.2122485209,0.337211266,2.9654999723526436
SiC,1598,23.522899464880545,0.1666666667,0.3982405937,0.3480678532,2.8730030389373518
SiC,1599,23.432534550869303,0.25,0.5386069565,0.3120649345,3.2044612817592935
SiC,1600,23.320415782193955,0.3333333333,0.6256582039,0.3256093883,3.0711645177707547
SiC,1601,23.196464289133566,0.4166666667,0.6640541727,0.3155450945,3.169119144712294
SiC,1602,23.068860381115154,0.5,0.07828497512,0.3159104742,3.1654537651287535
SiC,1603,23.754331601433705,0.08333333333,0.8970559014235453,0.3427257772,2.9177846153557425
SiC,1604,23.71853286416855,0.1666666667,1.7617602604545486,0.3269147331,3.0589015995620783
SiC,1605,23.552084995950345,0.25,1.4517838309063769,0.3266317853,3.0615514013173417
SiC,1606,23.36485198554466,0.3333333333,0.9759811861016833,0.320421659,3.120887655100743
SiC,1607,23.226686157615312,0.4166666667,0.7139167397058731,0.3171219822,3.1533607133211214
SiC,1608,23.101873047439508,0.5,0.34134767256694576,0.3088256429,3.238073077771613
SiC,1609,23.905178465510275,0.1666666667,0.1079186023671693,0.338849352,2.9511639733045736
SiC,1610,23.719842900336133,0.25,1.6021181615954245,0.3165996111,3.158563576643635
SiC,1611,23.41963894202781,0.3333333333,1.1024873237730937,0.3236005947,3.09022917874137
SiC,1612,23.294412124492933,0.4166666667,0.6710642744174744,0.3052969443,3.275499537975559
SiC,1613,23.182300406381565,0.5,0.4716709323479827,0.3017688403,3.313794754308833
SiC,1614,23.605918932634257,0.25,2.062630286973901,0.2979229693,3.3565723460315953
SiC,1615,23.413354231634994,0.3333333333,0.237330828131095,0.300879655,3.323587964098137
SiC,1616,23.35496209738093,0.4166666667,0.45310773354998224,0.2914879831,3.4306731597128404
SiC,1617,23.265149642008147,0.5,0.3587970339970738,0.2906372766,3.4407148721541523
SiC,1618,23.409963228670996,0.3333333333,0.09613296053523017,0.3018905966,3.31245825892677
SiC,1619,23.37889139321567,0.4166666667,0.2695239079917435,0.2908359401,3.4383645970857777
SiC,1620,23.304408598722052,0.5,0.1843079783044139,0.2882124852,3.469662319819586
SiC,1621,23.35414844956536,0.4166666667,0.38130279538200174,0.2896582947,3.4523437384581137
SiC,1622,23.274534085903607,0.5,0.4143468413284984,0.2845600441,3.514196812707058
SiC,1623,23.1737110846663,0.5,0.030424320997035407,0.2878205478,3.4743871055894084
SiC,1624,23.71980058103676,0.08333333333,0.4572781983293547,0.3328064857,3.0047491349114654
SiC,1625,23.741316849201816,0.1666666667,1.0127283220489416,0.3415343036,2.9279635733785194
SiC,1626,23.589823656901356,0.25,1.243078730570325,0.3254820398,3.072366145346985
SiC,1627,23.3973061930892,0.3333333333,1.0639579665755001,0.315793069,3.166630614049354
SiC,1628,23.221116578128292,0.4166666667,0.8306491194420793,0.3091956972,3.234197658815286
SiC,1629,23.08394540493129,0.5,0.25997908851088136,0.3030008862,3.300320380383099
SiC,1630,23.85209037663617,0.1666666667,0.5588717144082352,0.3375112063,2.962864584446244
SiC,1631,23.69089388942726,0.25,1.4060831364362723,0.3244133648,3.082487062814127
SiC,1632,23.422855702160113,0.3333333333,1.1595151160161965,0.3192118521,3.1327157604622036
SiC,1633,23.26228942077936,0.4166666667,0.8089171936987775,0.3012332884,3.319686231596441
SiC,1634,23.14373710000842,0.5,0.5977250905480627,0.3000858832,3.3323793486597437
SiC,1635,23.565840009653545,0.25,1.9836961064051066,0.2978722586,3.3571437793502534
SiC,1636,23.38638832314804,0.3333333333,0.4954399026693325,0.2879421371,3.4729199764628684
SiC,1637,23.30972968959642,0.4166666667,0.6663454348045839,0.2855788744,3.501659575138377
SiC,1638,23.220562336954472,0.5,0.5780105704486248,0.292667456,3.4168472766579145
SiC,1639,23.3663615383489,0.3333333333,0.48003035239221736,0.3003190947,3.329791603823718
SiC,1640,23.330308662470614,0.4166666667,0.5609231389196925,0.3024443502,3.306393388862187
SiC,1641,23.261816237218053,0.5,0.4418671979181792,0.2814505584,3.553021907950139
SiC,1642,23.31052395233992,0.4166666667,0.5454440062821198,0.2865945065,3.4892504124115162
SiC,1643,23.241624997616217,0.5,0.45121288393505543,0.2770899243,3.6089367108033814
SiC,1644,23.15482057066787,0.5,0.22313887317774397,0.2768675893,3.6118348215776517
SiC,1645,23.706806709933407,0.1666666667,0.7070573890490796,0.3452227707,2.896680302902163
SiC,1646,23.61447677350178,0.25,1.246010436829991,0.3246010089,3.0807051505747802
SiC,1647,23.385483463634586,0.3333333333,1.3910825223275611,0.3121608953,3.2034762042790694
SiC,1648,23.175788661462434,0.4166666667,0.9990122234048494,0.2912106271,3.4339406152805196
SiC,1649,23.060264549962714,0.5,0.2960850581652642,0.2783030662,3.593205111442642
SiC,1650,23.4560511738521,0.25,1.7637154723769939,0.3065840746,3.261748025577321
SiC,1651,23.29525527963495,0.3333333333,0.996561196489324,0.2958235085,3.380393955404663
SiC,1652,23.18081735287535,0.4166666667,1.0173865948762562,0.2856607629,3.5006557773216675
SiC,1653,23.098512108844258,0.5,0.8615042725440624,0.2779845065,3.5973227882036656
SiC,1654,23.246182813214507,0.3333333333,0.8471472967793793,0.2987458227,3.34732713904488
SiC,1655,23.200655141179567,0.4166666667,0.8630750109625582,0.3002886429,3.330129272764448
SiC,1656,23.148167750807183,0.5,0.788781519947629,0.2800258457,3.5710989373149853
SiC,1657,23.195687485687323,0.4166666667,0.7399404613528519,0.293526881,3.406843000522327
SiC,1658,23.153912352985117,0.5,0.5751647275818872,0.2751699788,3.6341173712370107
SiC,1659,23.10265605792853,0.5,0.34037890728079395,0.2643576836,3.7827536782063103
SiC,1660,23.303673955420233,0.25,1.4502874947564772,0.308431256,3.242213558278283
SiC,1661,23.141641809267124,0.3333333333,1.1116993231205172,0.2916115169,3.429219842311379
SiC,1662,22.996051705636926,0.4166666667,0.8160550099947887,0.2830729558,3.532658205280944
SiC,1663,22.95489536735346,0.5,0.4275932005014419,0.2521983892,3.9651323831690837
SiC,1664,23.08285675328955,0.3333333333,0.9640343837661731,0.2907043207,3.439921352362617
SiC,1665,23.033008008634173,0.4166666667,0.920914647757955,0.2876052864,3.476987549558477
SiC,1666,22.999658984253095,0.5,0.8511913801235776,0.2621625581,3.8144272288438583
SiC,1667,23.05089154930766,0.4166666667,0.7479282277529831,0.2814334309,3.5532381380637177
SiC,1668,23.039986077536568,0.5,0.610252992247327,0.2683541038,3.7264196292868466
SiC,1669,23.030502893914417,0.5,0.4114117212540454,0.257827458,3.8785628488025505
SiC,1670,22.94231776600376,0.3333333333,0.019200671328273092,0.2336767937,4.279415102228014
SiC,1671,22.934210238132216,0.4166666667,0.3183651076064418,0.24974794,4.004037030295425
SiC,1672,22.92294977126056,0.5,0.10979852707637569,0.2314229111,4.321093340528806
SiC,1673,22.936996579636425,0.4166666667,0.2703153820964438,0.2512449233,3.980179925092242
SiC,1674,22.942844568865393,0.5,0.21550755371592842,0.25371177,3.9414805233513603
SiC,1675,22.95856326808745,0.5,0.3369765820181265,0.2605237315,3.838421913590624
SiC,1676,22.90984926634533,0.4166666667,0.1247441242230465,0.2847706813,3.5115974560124075
SiC,1677,22.914774666200184,0.5,0.12851938565418033,0.2514856726,3.9763696661580714
SiC,1678,22.907787875606907,0.5,0.18780287963643558,0.263748023,3.7914976143726395
SiC,1679,22.890177206083354,0.5,5.162141663471062e-15,0.2678736252,3.733103620236517
SiC,1680,23.60235354359911,0.0,0.0,0.340729683,2.9348778515430953
SiC,1681,24.1363629092255,0.08333333333,5.333022053,0.3449865175,2.8986640035867492
SiC,1682,24.571275722775265,0.1666666667,1.360513837,0.2800664429,3.570581286516565
SiC,1683,24.842002068862225,0.25,1.410000641,0.2774392236,3.6043930163305142
SiC,1684,25.08966215270885,0.3333333333,1.134883073,0.2934336975,3.4079248856549613
SiC,1685,25.261129401775808,0.4166666667,0.6290696308,0.3077641025,3.249241844246601
SiC,1686,25.322262582037276,0.5,3.748000704e-16,0.3167469696,3.15709413498995
SiC,1687,24.403479573456654,0.08333333333,1.072412302039491,0.2382360737,4.197517128574135
SiC,1688,24.617074324269822,0.1666666667,1.4185398420764777,0.2579076994,3.877356132935983
SiC,1689,24.877265965941117,0.25,1.4111350823490625,0.3003178873,3.329804990939679
SiC,1690,25.113253578514904,0.3333333333,1.1067176910697312,0.2811568735,3.5567332484226104
SiC,1691,25.274285897400016,0.4166666667,0.6041118736699194,0.2831137954,3.5321486139067884
SiC,1692,25.33061991950749,0.5,0.09719904997892573,0.2840133415,3.520961355965033
SiC,1693,24.813414833054495,0.1666666667,1.4622323890954516,0.3040332555,3.2891138778731395
SiC,1694,25.015159766241734,0.25,1.275091411025887,0.3058387471,3.2696968892336926
SiC,1695,25.194072490447954,0.3333333333,0.9484471085418379,0.2977584688,3.3584267276430864
SiC,1696,25.317757844612505,0.4166666667,0.5615526541612369,0.2905244435,3.4420511677186982
SiC,1697,25.36603062110589,0.5,0.2948160886184829,0.2846488793,3.5131000777490153
SiC,1698,25.162832762443163,0.25,1.0777297151941074,0.3255359779,3.0718570845867785
SiC,1699,25.296906939602543,0.3333333333,0.8434185226980344,0.3317516237,3.0143032575005297
SiC,1700,25.3960190570326,0.4166666667,0.642239236888775,0.3110310498,3.2151130912589676
SiC,1701,25.45035953615389,0.5,0.5991924762492095,0.3032889336,3.2971859148638587
SiC,1702,25.405235114998266,0.3333333333,0.7802430952142823,0.3243201975,3.0833725673221446
SiC,1703,25.50485756275335,0.4166666667,0.798463959880248,0.3375423867,2.96259089051467
SiC,1704,25.59411997864281,0.5,0.8957041393263755,0.3405368413,2.93653983569736
SiC,1705,25.63485708689068,0.4166666667,1.0309905299970124,0.369288511,2.7079098596706683
SiC,1706,25.787703064376434,0.5,1.1700259022039448,0.4121626444,2.426226669463789
SiC,1707,26.023058402107797,0.5,0.5615658502576873,0.4655673123,2.1479171187079062
SiC,1708,24.48454274048087,0.08333333333,1.2848577996529136,0.2632700071,3.7983817868784495
SiC,1709,24.684956899611446,0.1666666667,1.477136142909653,0.282699536,3.5373245182829027
SiC,1710,24.925026820560046,0.25,1.3755080897437162,0.2869029725,3.485498917234118
SiC,1711,25.139632077937897,0.3333333333,1.0363396398853257,0.2870514792,3.483695686874551
SiC,1712,25.285219428187578,0.4166666667,0.5565409730350368,0.2999740824,3.333621331547408
SiC,1713,25.336536202122538,0.5,0.09911898665770198,0.3004689219,3.328131221280892
SiC,1714,24.850085755323285,0.1666666667,1.4642833667055888,0.3121627808,3.2034568549051063
SiC,1715,25.0421491500828,0.25,1.2390612130879215,0.2957128104,3.3816593831269475
SiC,1716,25.208753817750942,0.3333333333,0.8796801534718716,0.2981037395,3.3545369195209305
SiC,1717,25.320619020770952,0.4166666667,0.4870261863231273,0.2916670242,3.428567225735764
SiC,1718,25.363105400998343,0.5,0.22867562841551015,0.2989499768,3.345041236343725
SiC,1719,25.17908822762629,0.25,0.9984872146218194,0.308221475,3.2444202663036372
SiC,1720,25.298819711455103,0.3333333333,0.7307412169898061,0.3046439649,3.282520303096278
SiC,1721,25.38382915712427,0.4166666667,0.5432204308572536,0.3272257187,3.055994510372818
SiC,1722,25.4302929148725,0.5,0.5303284371413867,0.3141989926,3.1826963916242677
SiC,1723,25.390001567789238,0.3333333333,0.6659489459703007,0.3184740201,3.1399735516448177
SiC,1724,25.472769793549787,0.4166666667,0.7445542916140713,0.3397602623,2.9432517894544845
SiC,1725,25.551454389949495,0.5,0.8916230296365781,0.344715208,2.900945408825711
SiC,1726,25.583738174380972,0.4166666667,1.0518743079997277,0.3631526588,2.753662890158633
SiC,1727,25.724268790116756,0.5,1.2496973034622005,0.38783728,2.5784009211285723
SiC,1728,25.94666394984622,0.5,1.0820102133956742,0.4435836118,2.254366422470254
SiC,1729,25.0017426862292,0.1666666667,1.6022977895177235,0.3250902798,3.076068594284682
SiC,1730,25.14629976287027,0.25,1.1926707765244782,0.3089342601,3.2369346141030344
SiC,1731,25.264602067141105,0.3333333333,0.7060689444767381,0.2984686449,3.350435689266601
SiC,1732,25.33686485708002,0.4166666667,0.2900519660991391,0.3210077125,3.115189950459524
SiC,1733,25.360507228383355,0.5,0.019639617946665227,0.3214255686,3.1111401757974524
SiC,1734,25.239403096832355,0.25,0.794953058166718,0.2875228551,3.4779843837186495
SiC,1735,25.310070087903373,0.3333333333,0.3837320930770539,0.3075141645,3.2518827275027844
SiC,1736,25.35206714625823,0.4166666667,0.27204593236909785,0.315073966,3.173857912462371
SiC,1737,25.375724334886765,0.5,0.3862994827733528,0.3361758226,2.9746339051569857
SiC,1738,25.34791388660979,0.3333333333,0.3654519993870144,0.2991002503,3.343360625733318
SiC,1739,25.38174285863726,0.4166666667,0.6670068432382573,0.3355444563,2.980231028182837
SiC,1740,25.430862912385688,0.5,0.9117264196507745,0.3517445194,2.8429725122818787
SiC,1741,25.43793894115555,0.4166666667,1.124823699454402,0.363177023,2.753478157124494
SiC,1742,25.543634614215065,0.5,1.4318666466001297,0.3593596805,2.7827273182362484
SiC,1743,25.728830918814,0.5,1.5941195799201515,0.3650745421,2.739166621281643
SiC,1744,25.383908400370437,0.25,0.5138936961377817,0.2958339153,3.3802750404256976
SiC,1745,25.356248401261162,0.3333333333,0.20792147665892638,0.3002970761,3.3300357532185774
SiC,1746,25.321983440182585,0.4166666667,0.36402557416671943,0.3347122558,2.987640824832922
SiC,1747,25.30628450800446,0.5,0.48844537400763766,0.3364144866,2.97252359762084
SiC,1748,25.29964639406051,0.3333333333,0.4598026849431482,0.3104528692,3.2211008472135587
SiC,1749,25.254563926147885,0.4166666667,0.7536907622116019,0.3158115055,3.1664457519265397
SiC,1750,25.25832243379098,0.5,0.9673493081183554,0.3410374807,2.932229026403314
SiC,1751,25.22530373549428,0.4166666667,1.1995793266562624,0.3591004374,2.7847362349105285
SiC,1752,25.278016091378735,0.5,1.5661137684730426,0.3279535982,3.049211856459516
SiC,1753,25.40569933813628,0.5,1.8668279694727508,0.3074073039,3.2530131435175704
SiC,1754,25.297412606687736,0.3333333333,0.9597185479409773,0.3049114654,3.279640530040888
SiC,1755,25.14514501418067,0.4166666667,1.1072402403040702,0.3323160684,3.0091834102837502
SiC,1756,25.08597071295878,0.5,1.0941244670313717,0.3031874103,3.2982899883953394
SiC,1757,25.006385124510732,0.4166666667,1.1944639170573423,0.2929475536,3.4135803071611655
SiC,1758,24.990355325121417,0.5,1.413851646271543,0.4130960609,2.420744457890327
SiC,1759,25.043994678971902,0.5,1.8309587808559602,0.2577172684,3.880221167205263
SiC,1760,24.877650293297695,0.4166666667,1.2997561160806055,0.3416375197,2.9270789721167736
SiC,1761,24.778208868374882,0.5,1.0133098736483048,0.2229831535,4.484643724441721
SiC,1762,24.74544477024065,0.5,1.1848678169283782,0.2924837991,3.418992788924014
SiC,1763,24.62669154818505,0.5,3.287360748378957e-15,0.1920041263,5.208221402687636
SiC,1764,24.25946400559396,0.0,0.0,0.2137905174,4.67747593373849
SiC,1765,24.318037003525355,0.08333333333,0.7227005505,0.2150053227,4.651047645900908
SiC,1766,24.571275722775265,0.1666666667,1.360513837,0.2810725908,3.5577997739080858
SiC,1767,24.842002068862225,0.25,1.410000641,0.2760107484,3.6230473117328788
SiC,1768,25.08966215270885,0.3333333333,1.134883073,0.2937641509,3.4040913329155984
SiC,1769,25.261129401775808,0.4166666667,0.6290696308,0.308078358,3.2459274533006957
SiC,1770,25.322262582037276,0.5,1.498918198e-15,0.3167256362,3.1573067845020875
SiC,1771,24.403479573456654,0.08333333333,1.072412302039491,0.2371660944,4.2164543061261455
SiC,1772,24.641744152139278,0.1666666667,1.4445371288652362,0.2825147115,3.539638678249858
SiC,1773,24.89180542252783,0.25,1.3849004787358188,0.2879326253,3.473034703719627
SiC,1774,25.118050763147604,0.3333333333,1.0731616567148086,0.2814294921,3.5532878680841
SiC,1775,25.2743418721935,0.4166666667,0.5925148744460169,0.2845892186,3.5138365568427754
SiC,1776,25.33061991950749,0.5,0.09719904997892573,0.2838685294,3.5227575318534057
SiC,1777,24.823657631389036,0.1666666667,1.9477190385431444,0.2862338483,3.493646911220318
SiC,1778,25.024825023118787,0.25,1.615836091090381,0.3132220281,3.1926234756411755
SiC,1779,25.207384448620576,0.3333333333,1.127878176078154,0.3152581778,3.172003362381929
SiC,1780,25.32833120776385,0.4166666667,0.6180646693395291,0.2886713556,3.4641469636691586
SiC,1781,25.36603062110589,0.5,0.2948160886184829,0.2846306909,3.5133245710011383
SiC,1782,25.37734176291143,0.25,1.9690800569944937,0.3138931686,3.1857972712821887
SiC,1783,25.428741552064707,0.3333333333,1.593915697173008,0.3389335143,2.950431154810116
SiC,1784,25.45870243827077,0.4166666667,0.9400534711551876,0.3170229953,3.154345315088883
SiC,1785,25.45035953615389,0.5,0.5991924762492095,0.3033299932,3.2967395985159045
SiC,1786,25.80607368283776,0.3333333333,1.1202879390729716,0.3935796951,2.5407814794559505
SiC,1787,25.686796220315106,0.4166666667,1.5220118590464273,0.3800391684,2.631307726017011
SiC,1788,25.59411997864281,0.5,0.8957041393263755,0.3405464373,2.936457089166559
SiC,1789,25.988635384255236,0.4166666667,0.3122808565482344,0.4417895456,2.2635211945585705
SiC,1790,25.787703064376434,0.5,1.1700259022039448,0.4112707355,2.431488344980967
SiC,1791,26.023058402107797,0.5,6.984693086541087e-15,0.464393455,2.1533464548935126
SiC,1792,24.48454274048087,0.08333333333,1.2848577996529136,0.2645902863,3.77942823972824
SiC,1793,24.684956899611446,0.1666666667,1.477136142909653,0.2822301862,3.543207101494659
SiC,1794,24.925026820560046,0.25,1.3755080897437162,0.2881236027,3.470732666914553
SiC,1795,25.139632077937897,0.3333333333,1.0363396398853257,0.2870539476,3.4836657302949416
SiC,1796,25.285219428187578,0.4166666667,0.5565409730350368,0.3003259851,3.329715208182963
SiC,1797,25.336536202122538,0.5,0.09911898665770198,0.3004897463,3.3279005766860004
SiC,1798,24.875306895915607,0.1666666667,1.8712125628161034,0.2912781835,3.433144178475694
SiC,1799,25.060635203624347,0.25,1.512630404172029,0.3125943551,3.1990340954176752
SiC,1800,25.224032564963807,0.3333333333,1.0144093287101628,0.3082474247,3.244147135935504
SiC,1801,25.330131982282957,0.4166666667,0.5280678171333265,0.3018516215,3.312885963741626
SiC,1802,25.363105400998343,0.5,0.22867562841551015,0.2993155702,3.3409554983451377
SiC,1803,25.38292978845635,0.25,1.7892885972911743,0.3281293134,3.0475789853647375
SiC,1804,25.422188601930806,0.3333333333,1.432777525416399,0.3350492564,2.984635783838737
SiC,1805,25.441135711427002,0.4166666667,0.8316321689913017,0.3205896845,3.119251954596187
SiC,1806,25.4302929148725,0.5,0.5303284371413867,0.3143462043,3.1812059007578735
SiC,1807,25.76694847993803,0.3333333333,1.060540429426539,0.381961108,2.6180675965575007
SiC,1808,25.64298364969341,0.4166666667,1.4702635212680548,0.3564977023,2.805067167469371
SiC,1809,25.551454389949495,0.5,0.8916230296365781,0.3447403215,2.900734081957396
SiC,1810,25.921223430080335,0.4166666667,0.7382152806357871,0.4204098418,2.3786312797018825
SiC,1811,25.724268790116756,0.5,1.2496973034622005,0.3884520099,2.5743205711753996
SiC,1812,25.94666394984622,0.5,1.1511377594105483,0.4423025544,2.26089582809789
SiC,1813,25.0017426862292,0.1666666667,1.6022977895177235,0.323573309,3.0904897659528525
SiC,1814,25.14629976287027,0.25,1.1926707765244782,0.307798364,3.2488801662376607
SiC,1815,25.264602067141105,0.3333333333,0.7060689444767381,0.2983570526,3.3516888281527417
SiC,1816,25.33686485708002,0.4166666667,0.2900519660991391,0.3208461063,3.1167590329582255
SiC,1817,25.360507228383355,0.5,0.019639617946665227,0.3216195331,3.1092638881764483
SiC,1818,25.390756391937842,0.25,1.31352320965,0.3279867054,3.0489040669512453
SiC,1819,25.399349979005578,0.3333333333,1.0129243733476465,0.3163867499,3.1606886202284667
SiC,1820,25.391756139628367,0.4166666667,0.5602455660340767,0.3229157157,3.0967833133554734
SiC,1821,25.375724334886765,0.5,0.3862994827733528,0.3368353104,2.968809887575255
SiC,1822,25.654330951502022,0.3333333333,0.9625430819205114,0.3445648857,2.9022109956690807
SiC,1823,25.51872452604352,0.4166666667,1.3491264492367485,0.3271395294,3.0567996531451875
SiC,1824,25.430862912385688,0.5,0.9117264196507745,0.351345243,2.846203328274463
SiC,1825,25.72926284941406,0.4166666667,1.2845936942613365,0.3576324047,2.7961672008968264
SiC,1826,25.543634614215065,0.5,1.4318666466001297,0.3594944634,2.781684008544316
SiC,1827,25.728830918814,0.5,1.4796268896744278,0.364963953,2.7399966264613536
SiC,1828,25.383908400370437,0.25,0.5138936961377817,0.2968154107,3.3690973040841508
SiC,1829,25.356248401261162,0.3333333333,0.20792147665892638,0.3014610289,3.3171783551887164
SiC,1830,25.321983440182585,0.4166666667,0.36402557416671943,0.3351058164,2.984132029526898
SiC,1831,25.30628450800446,0.5,0.48844537400763766,0.337532879,2.962674341423195
SiC,1832,25.485673758025793,0.3333333333,0.9762802441941639,0.3125415908,3.199574166882368
SiC,1833,25.337792284764404,0.4166666667,1.2338277476796158,0.333568683,2.997883347460409
SiC,1834,25.25832243379098,0.5,0.9673493081183554,0.3417023684,2.9265234674328933
SiC,1835,25.44581921168385,0.4166666667,1.6470271463756174,0.3142018385,3.182667564181042
SiC,1836,25.278016091378735,0.5,1.5661137684730426,0.3275535951,3.0529355041720927
SiC,1837,25.40569933813628,0.5,1.8809593056134035,0.3073758039,3.253346513655104
SiC,1838,25.297412606687736,0.3333333333,0.9597185479409773,0.3059432505,3.2685800336033237
SiC,1839,25.14514501418067,0.4166666667,1.1072402403040702,0.3343226414,2.9911225749247143
SiC,1840,25.08597071295878,0.5,1.0941244670313717,0.3042909149,3.286328809154992
SiC,1841,25.131990078274903,0.4166666667,1.6793114396546787,0.281099801,3.557455382190043
SiC,1842,24.990355325121417,0.5,1.413851646271543,0.4128979052,2.421906208304977
SiC,1843,25.043994678971902,0.5,1.8299848111878656,0.2583382271,3.870894413210131
SiC,1844,24.877650293297695,0.4166666667,1.2997561160806055,0.3425612652,2.91918585545906
SiC,1845,24.778208868374882,0.5,1.0133098736483048,0.2228621366,4.487078941519939
SiC,1846,24.74544477024065,0.5,1.2008431887002082,0.2930863593,3.411963635524951
SiC,1847,24.62669154818505,0.5,3.3327794974458027e-15,0.1923753679,5.198170695740096
SiC,1848,24.25946400559396,0.0,0.0,0.2156548032,4.637040238202308
SiC,1849,24.34894710572751,0.08333333333,0.8877900421,0.2466422064,4.054456107071219
SiC,1850,24.60124774982734,0.1666666667,2.416717725,0.2485902951,4.022683184786967
SiC,1851,25.278958941177102,0.25,4.656938551,0.2459949308,4.065124418409357
SiC,1852,26.328679787777542,0.3333333333,6.084298803,0.3644484676,2.743872149018195
SiC,1853,27.488013476643356,0.4166666667,5.70520216,0.3078458883,3.248378614124891
SiC,1854,28.38217365580922,0.5,0.2406662906,0.3587973164,2.787088850143919
SiC,1855,24.408919457580545,0.08333333333,5.377355782983034,0.3434267088,2.911829436604379
SiC,1856,24.663200180158373,0.1666666667,2.305182986372426,0.2427393991,4.11964437461607
SiC,1857,25.290894782049772,0.25,4.345779466554184,0.2576107967,3.881824880051699
SiC,1858,26.275872082166686,0.3333333333,5.757122885000329,0.3718241351,2.6894434911576024
SiC,1859,27.370759923870025,0.4166666667,5.528733532133761,0.3517860794,2.842636643569245
SiC,1860,28.218658090093523,0.5,3.3600395194898414,0.3378925659,2.959520572275485
SiC,1861,24.823657631389036,0.1666666667,1.9477190385431444,0.2863308196,3.4924637221972312
SiC,1862,25.325879107555632,0.25,3.5322527451642403,0.2963423808,3.374475150332598
SiC,1863,26.137517114502966,0.3333333333,4.8579366250192875,0.3557234812,2.8111723089704204
SiC,1864,27.058588214122942,0.4166666667,4.990229755920167,0.3946884156,2.5336441620152783
SiC,1865,27.785838705172228,0.5,2.7721357770243107,0.3347811825,2.9870257119364827
SiC,1866,25.37734176291143,0.25,1.9690800569944937,0.3140039286,3.184673530864862
SiC,1867,25.963711911152977,0.3333333333,3.6298576495636032,0.3667407471,2.7267218270876454
SiC,1868,26.654461139102803,0.4166666667,4.110217253458826,0.4757464107,2.101960156732718
SiC,1869,27.23165721445267,0.5,2.915681059914098,0.392557963,2.5473945105018796
SiC,1870,25.80607368283776,0.3333333333,1.1202879390729716,0.3939889065,2.538142530162838
SiC,1871,26.275571072422814,0.4166666667,3.0503693945533636,0.4558785278,2.193566792509064
SiC,1872,26.716231368854984,0.5,2.4263892411636374,0.5231998832,1.911315411394572
SiC,1873,25.988635384255236,0.4166666667,0.3122808565482344,0.4423558606,2.2606233782991505
SiC,1874,26.31849985564552,0.5,1.774624784,0.5337180365,1.8736485027895435
SiC,1875,26.023058402107797,0.5,0.22980070708320818,0.4653711823,2.1488223552169874
SiC,1876,24.48454274048087,0.08333333333,1.2848577996529136,0.2633277605,3.7975487206560583
SiC,1877,24.723106514541016,0.1666666667,2.206609756530988,0.2557856763,3.9095230603419058
SiC,1878,25.303571823407918,0.25,4.048908707484095,0.2688634834,3.719359681553542
SiC,1879,26.22664689066285,0.3333333333,5.442937411304739,0.3846649796,2.599664781129454
SiC,1880,27.26047121422332,0.4166666667,5.3512112212483665,0.3667884672,2.726367073735518
SiC,1881,28.06524069861559,0.5,2.2689891452511706,0.3411194623,2.931524320710094
SiC,1882,24.875306895915607,0.1666666667,1.8712125628161034,0.2909937978,3.43649936033104
SiC,1883,25.337987997597928,0.25,3.2754647130087156,0.3021485146,3.309630700398618
SiC,1884,26.095893847447453,0.3333333333,4.586215446309294,0.3547281009,2.819060563464934
SiC,1885,26.965076631816334,0.4166666667,4.826635980592141,0.4075399841,2.453746967204635
SiC,1886,27.657412061590993,0.5,3.213097535355686,0.3459122443,2.890906628713403
SiC,1887,25.38292978845635,0.25,1.7892885972911743,0.3279215391,3.049509961268659
SiC,1888,25.92676999576258,0.3333333333,3.4291695803071116,0.3695822457,2.7057576808268204
SiC,1889,26.577539056373887,0.4166666667,4.000285882242529,0.4050963825,2.468548333679578
SiC,1890,27.129648238325924,0.5,2.9876580534634587,0.4116373629,2.429322724630641
SiC,1891,25.76694847993803,0.3333333333,1.060540429426539,0.3815340076,2.6209983384977815
SiC,1892,26.206746092916664,0.4166666667,3.019635249748224,0.4501115933,2.221671280822795
SiC,1893,26.629725675734818,0.5,2.5242059050136434,0.4553390215,2.196165829815664
SiC,1894,25.921223430080335,0.4166666667,0.7382152806357871,0.4200471407,2.3806851734153467
SiC,1895,26.23701403675443,0.5,2.010213921265604,0.488760716,2.045990946621005
SiC,1896,25.94666394984622,0.5,1.0963749636418028,0.4422478407,2.2611755399804263
SiC,1897,25.0017426862292,0.1666666667,1.6022977895177235,0.323105214,3.0949670778138545
SiC,1898,25.365779888408543,0.25,2.6071991680033846,0.3209345479,3.115900131485969
SiC,1899,25.980936773178982,0.3333333333,3.8577862508188607,0.3294942542,3.0349542890450802
SiC,1900,26.709980351563622,0.4166666667,4.371398882953915,0.3780008638,2.645496600053008
SiC,1901,27.311017503163274,0.5,3.1518782066468454,0.3719044441,2.6888627330603065
SiC,1902,25.390756391937842,0.25,1.31352320965,0.3263715875,3.0639922048974313
SiC,1903,25.820636471539128,0.3333333333,2.900440807781715,0.34510826,2.8976414531486436
SiC,1904,26.36224098161326,0.4166666667,3.7050932610504863,0.3602116254,2.7761458250814135
SiC,1905,26.84760180592562,0.5,3.1216205798809677,0.3878149777,2.57854919872013
SiC,1906,25.654330951502022,0.3333333333,0.9625430819205114,0.3440693556,2.9063907718726227
SiC,1907,26.01103722235464,0.4166666667,2.9310860892518824,0.3803608952,2.6290820444993
SiC,1908,26.38525087117275,0.5,3.076637315769759,0.3811418432,2.6236951356591436
SiC,1909,25.72926284941406,0.4166666667,1.2845936942613365,0.3569424727,2.801571895985804
SiC,1910,26.004928569159876,0.5,2.3285540940454204,0.398123732,2.511781940193407
SiC,1911,25.728830918814,0.5,1.4890413499761568,0.3657046956,2.7344467053105017
SiC,1912,25.383908400370437,0.25,0.5138936961377817,0.2959314727,3.3791606917515944
SiC,1913,25.662292454713274,0.3333333333,2.2319341326971904,0.328790891,3.041446789959884
SiC,1914,26.053961756140367,0.4166666667,3.2848183624172935,0.3350273273,2.9848311421609814
SiC,1915,26.45081997026159,0.5,3.338859513368919,0.3542209186,2.8230969643247943
SiC,1916,25.485673758025793,0.3333333333,0.9762802441941639,0.3130554929,3.1943218460614333
SiC,1917,25.722594734763337,0.4166666667,2.766402090545814,0.3237692516,3.08861942589733
SiC,1918,26.027156864709337,0.5,2.962854507704573,0.3105901564,3.2196770547748113
SiC,1919,25.44581921168385,0.4166666667,1.6470271463756174,0.3143845252,3.1808181378006326
SiC,1920,25.66045453343045,0.5,2.591385745027946,0.3029484803,3.300891290194731
SiC,1921,25.40569933813628,0.5,1.8685112782355742,0.307110941,3.2561523101190977
SiC,1922,25.297412606687736,0.3333333333,0.9597185479409773,0.3058389117,3.2696951295095786
SiC,1923,25.40204445627663,0.4166666667,2.4560677108344686,0.2954783048,3.384343228437258
SiC,1924,25.626077479525453,0.5,2.9663733683589784,0.2709832312,3.690265244722641
SiC,1925,25.131990078274903,0.4166666667,1.6793114396546787,0.2812019963,3.5561625207423893
SiC,1926,25.270311814386506,0.5,2.5559016579787737,0.2537680427,3.94060650569064
SiC,1927,25.043994678971902,0.5,1.8737443465739376,0.2580225017,3.8756309756375016
SiC,1928,24.877650293297695,0.4166666667,1.2997561160806055,0.3415125009,2.9281504992193974
SiC,1929,24.929880568859524,0.5,2.186296642521122,0.2177738887,4.5919187372255434
SiC,1930,24.74544477024065,0.5,1.1856323398061408,0.2926117522,3.4174977337085912
SiC,1931,24.62669154818505,0.5,3.2958334784720178e-15,0.1913072051,5.227194655200156
SiC,1932,24.25946400559396,0.0,0.0,0.2132221922,4.689943338834127
SiC,1933,24.34894710572751,0.08333333333,0.8877900421,0.2473463,4.042914731289694
SiC,1934,25.472824065385378,0.1666666667,8.096801203,0.4079935029,2.451019422838951
SiC,1935,27.017227282160132,0.25,7.548112773,0.5030466744,1.9878871104609377
SiC,1936,28.199330154649502,0.3333333333,4.51900565,0.4113109677,2.4312505100262127
SiC,1937,28.67691867914696,0.4166666667,0.4221749033,0.4011852627,2.49261399401848
SiC,1938,28.38217365580922,0.5,0.2406662906,0.3586177574,2.788484338450107
SiC,1939,24.433508005020563,0.08333333333,1.1835621014631585,0.2620481444,3.81609265842983
SiC,1940,25.55009901053863,0.1666666667,7.4142342281281195,0.4220886742,2.3691704163712433
SiC,1941,26.967400532717893,0.25,6.99127674178556,0.5068545595,1.9729525585928955
SiC,1942,28.062974364056945,0.3333333333,4.400625391765627,0.4222240158,2.368410991746339
SiC,1943,28.503134500164954,0.4166666667,1.7872159590118228,0.3759291606,2.66007563340911
SiC,1944,28.218658090093523,0.5,3.3600395194898414,0.3381826691,2.9569818070845666
SiC,1945,26.032218708096902,0.1666666667,5.723793508539753,0.4607529688,2.170360405065718
SiC,1946,26.94619791119919,0.25,4.955724200548687,0.4841945558,2.065285509763264
SiC,1947,27.74427513713587,0.3333333333,3.5766492888411854,0.438416884,2.2809340527131705
SiC,1948,28.055182058465697,0.4166666667,2.7688743950034045,0.3523164277,2.8383575711420055
SiC,1949,27.785838705172228,0.5,2.7721357770243107,0.334903079,2.985938507898878
SiC,1950,27.150404159665854,0.25,2.2296292992049076,0.4665409033,2.1434347833741163
SiC,1951,27.440364221470524,0.3333333333,1.7379479757044596,0.4122640053,2.4256301475369186
SiC,1952,27.51253404900718,0.4166666667,2.805279174609842,0.36252806,2.7584071699167234
SiC,1953,27.23165721445267,0.5,2.915681059914098,0.3929711391,2.5447161394351876
SiC,1954,27.23963133865091,0.3333333333,1.305582861262996,0.3979384864,2.512951207727165
SiC,1955,27.036362560545538,0.4166666667,2.5671573247585724,0.4643891803,2.1533662764364796
SiC,1956,26.716231368854984,0.5,2.4263892411636374,0.5249921712,1.9047903089949927
SiC,1957,26.656650760978874,0.4166666667,2.582532451372765,0.5587270587,1.7897826576123188
SiC,1958,26.31849985564552,0.5,1.774624784,0.5326792902,1.877302193641768
SiC,1959,26.023058402107797,0.5,0.3317651431744791,0.4642217071,2.1541431275306255
SiC,1960,24.65789710562356,0.08333333333,5.450870997977096,0.3578752395,2.794269872923131
SiC,1961,25.641256341096035,0.1666666667,6.766193874829704,0.4250886235,2.3524506296273535
SiC,1962,26.93008947335249,0.25,6.423966753353353,0.5137799245,1.9463586495194014
SiC,1963,27.939344077502707,0.3333333333,4.2293137289279805,0.445979939,2.242253322519962
SiC,1964,28.34147850080435,0.4166666667,2.323171851290046,0.3533559839,2.8300072605619175
SiC,1965,28.06524069861559,0.5,2.2689891452511706,0.340743724,2.934756914260877
SiC,1966,26.101951857539326,0.1666666667,5.281526107825511,0.4713972955,2.1213528578676373
SiC,1967,26.927548055390208,0.25,4.485502489745656,0.4691425745,2.1315481782180483
SiC,1968,27.649186026948826,0.3333333333,3.3729651341887448,0.4237111645,2.3600983022952655
SiC,1969,27.923121700632247,0.4166666667,2.9193157286934004,0.3547665854,2.8187547563773463
SiC,1970,27.657412061590993,0.5,3.213097535355686,0.3473466322,2.878968463480614
SiC,1971,27.11537536626889,0.25,1.991393108250815,0.4568564688,2.188871272035713
SiC,1972,27.364612771094524,0.3333333333,1.755659766878184,0.413827101,2.4164681278329327
SiC,1973,27.409902156348668,0.4166666667,2.897492681401932,0.3650151466,2.739612340240349
SiC,1974,27.129648238325924,0.5,2.9876580534634587,0.4114223828,2.4305921160495503
SiC,1975,27.16069032772239,0.3333333333,1.6002630899974015,0.424854873,2.353744922210178
SiC,1976,26.947995868675804,0.4166666667,2.7110335552997973,0.4566234062,2.189988481584762
SiC,1977,26.629725675734818,0.5,2.5242059050136434,0.454978703,2.197905074251355
SiC,1978,26.57084004974871,0.4166666667,2.7206042592253628,0.5411123747,1.8480449658066194
SiC,1979,26.23701403675443,0.5,2.010213921265604,0.4888484368,2.045623806319186
SiC,1980,25.94666394984622,0.5,1.1664013526484105,0.443555329,2.25451016957571
SiC,1981,26.399883481147654,0.1666666667,4.0259586546353106,0.4336947213,2.3057693600754465
SiC,1982,26.93424239877555,0.25,3.0005750414135757,0.4726113359,2.115903542803701
SiC,1983,27.419141610090968,0.3333333333,2.6596154631799105,0.3961772305,2.5241228496093493
SiC,1984,27.575753432262694,0.4166666667,3.1072866604533345,0.3487817194,2.8671227429014157
SiC,1985,27.311017503163274,0.5,3.1518782066468454,0.3716061678,2.6910209965573126
SiC,1986,27.043130767739974,0.25,1.1383534080097037,0.4371995536,2.287285043559111
SiC,1987,27.166828472328106,0.3333333333,1.7931233951742993,0.3779708837,2.6457064369902947
SiC,1988,27.130871630542483,0.4166666667,3.0845538100815366,0.3677982335,2.718882008986049
SiC,1989,26.84760180592562,0.5,3.1216205798809677,0.3872651594,2.582210084556344
SiC,1990,26.94289038500284,0.3333333333,2.1720375107024545,0.3638504257,2.748382108049297
SiC,1991,26.700120957486988,0.4166666667,3.0336046665451377,0.3926514172,2.546788210089771
SiC,1992,26.38525087117275,0.5,3.076637315769759,0.3812593354,2.6228865948970017
SiC,1993,26.327195652017714,0.4166666667,3.028381372906687,0.391203031,2.556217413356391
SiC,1994,26.004928569159876,0.5,2.3285540940454204,0.3977246115,2.5143025376995056
SiC,1995,25.728830918814,0.5,1.6153738939125746,0.3654267238,2.7365267367454638
SiC,1996,26.98162102688315,0.25,0.5075896472887033,0.3768614332,2.6534951892233054
SiC,1997,26.909052420721085,0.3333333333,2.071791719437317,0.3331062911,3.002044772849383
SiC,1998,26.747486423480794,0.4166666667,3.24239370825039,0.375249074,2.664896649418514
SiC,1999,26.45081997026159,0.5,3.338859513368919,0.35381368,2.826346341385104
SiC,2000,26.63273774669481,0.3333333333,2.7412100043829173,0.3191472307,3.1333500773503657
SiC,2001,26.339947464368127,0.4166666667,3.3368648888096213,0.3382417285,2.956465497130405
SiC,2002,26.027156864709337,0.5,2.962854507704573,0.3117035802,3.2081761760912877
SiC,2003,25.966433365186884,0.4166666667,3.292947919164931,0.2914622166,3.430976445816271
SiC,2004,25.66045453343045,0.5,2.591385745027946,0.3033239263,3.296805537888753
SiC,2005,25.40569933813628,0.5,1.8652140549184457,0.3093028407,3.2330773223318796
SiC,2006,26.281996603109274,0.3333333333,3.2249186955665423,0.3101493313,3.2242532840824474
SiC,2007,25.93370962874622,0.4166666667,3.469800406578084,0.2848023441,3.511207055405693
SiC,2008,25.626077479525453,0.5,2.9663733683589784,0.27217103,3.6741603248516204
SiC,2009,25.554307417374854,0.4166666667,3.3193123512201534,0.2420169374,4.131942213396508
SiC,2010,25.270311814386506,0.5,2.5559016579787737,0.2535202105,3.9444587002660287
SiC,2011,25.043994678971902,0.5,1.8886583818289162,0.2580803948,3.8747615865007967
SiC,2012,25.17738251635469,0.4166666667,2.96549756078431,0.2126705439,4.702108630851157
SiC,2013,24.929880568859524,0.5,2.186296642521122,0.2174407667,4.5989536147087176
SiC,2014,24.74544477024065,0.5,1.210358674469434,0.2915334821,3.4301377419729313
SiC,2015,24.62669154818505,0.5,9.417247773403649e-15,0.1915644415,5.220175478130162
