Material,Size_Lx_A,H_nm,Average_MFP_nm,Knudsen_number,Frequency_THz,Debye_frequency_THz,Normalized_frequency,Kappa_unexcited_W_mK,Kappa_excited_W_mK,Ratio_raw,Ratio_plotted,Relative_change_plotted_percent,Was_overridden_in_plot
Ge,10,1.0,37.734179,37.734179,0.4,7.5,0.05333333333333334,0.924030012150858,0.9479305006041672,1.0258654893661692,1.0258654893661692,2.586548936616917,False
Ge,10,1.0,37.734179,37.734179,0.6,7.5,0.08,0.924030012150858,0.9386717922922612,1.0158455677292577,1.0158455677292577,1.5845567729257715,False
Ge,10,1.0,37.734179,37.734179,0.8,7.5,0.10666666666666667,0.924030012150858,0.952596937102178,1.0309155812859638,1.0309155812859638,3.0915581285963833,False
Ge,10,1.0,37.734179,37.734179,1.0,7.5,0.13333333333333333,0.924030012150858,0.9471480360081952,1.0250186937148562,1.0250186937148562,2.501869371485621,False
Ge,10,1.0,37.734179,37.734179,1.2,7.5,0.16,0.924030012150858,0.952406096284867,1.0307090503131584,1.0307090503131584,3.0709050313158404,False
Ge,10,1.0,37.734179,37.734179,1.4,7.5,0.18666666666666665,0.924030012150858,0.948011820424882,1.025953494971664,1.025953494971664,2.5953494971663993,False
Ge,10,1.0,37.734179,37.734179,1.6,7.5,0.21333333333333335,0.924030012150858,0.9481927324955958,1.0261492808967259,1.0261492808967259,2.6149280896725857,False
Ge,10,1.0,37.734179,37.734179,1.8,7.5,0.24000000000000002,0.924030012150858,0.9482653007136262,1.0262278153783728,1.0262278153783728,2.622781537837282,False
Ge,10,1.0,37.734179,37.734179,2.0,7.5,0.26666666666666666,0.924030012150858,0.947122269913666,1.0249908092368736,1.0249908092368736,2.499080923687358,False
Ge,10,1.0,37.734179,37.734179,2.2,7.5,0.29333333333333333,0.924030012150858,0.943950537907282,1.0215583103302621,1.0215583103302621,2.155831033026212,False
Ge,10,1.0,37.734179,37.734179,2.4,7.5,0.32,0.924030012150858,0.946122528086712,1.023908872704718,1.023908872704718,2.3908872704718087,False
Ge,10,1.0,37.734179,37.734179,2.6,7.5,0.3466666666666667,0.924030012150858,0.946568742171408,1.0243917726958747,1.0243917726958747,2.439177269587467,False
Ge,10,1.0,37.734179,37.734179,2.8,7.5,0.3733333333333333,0.924030012150858,0.9463723860712432,1.0241792729961,1.0241792729961,2.41792729960999,False
Ge,10,1.0,37.734179,37.734179,3.0,7.5,0.4,0.924030012150858,0.9457647467251002,1.0235216760153174,1.0235216760153174,2.3521676015317405,False
Ge,10,1.0,37.734179,37.734179,3.2,7.5,0.4266666666666667,0.924030012150858,0.9429600977138544,1.0204864401740945,1.0204864401740945,2.048644017409451,False
Ge,10,1.0,37.734179,37.734179,3.4,7.5,0.4533333333333333,0.924030012150858,0.9489778334073434,1.0269989296109707,1.0269989296109707,2.6998929610970723,False
Ge,10,1.0,37.734179,37.734179,3.6,7.5,0.48000000000000004,0.924030012150858,0.9563265046038942,1.0349517786525786,1.0349517786525786,3.495177865257859,False
Ge,10,1.0,37.734179,37.734179,3.8,7.5,0.5066666666666666,0.924030012150858,0.9508558517206122,1.0290313509485605,1.0290313509485605,2.9031350948560464,False
Ge,10,1.0,37.734179,37.734179,4.0,7.5,0.5333333333333333,0.924030012150858,0.953044818753944,1.0314002859447697,1.0314002859447697,3.1400285944769735,False
Ge,10,1.0,37.734179,37.734179,4.2,7.5,0.56,0.924030012150858,0.9486525356847142,1.0266468872331782,1.0266468872331782,2.6646887233178207,False
Ge,10,1.0,37.734179,37.734179,4.4,7.5,0.5866666666666667,0.924030012150858,0.945179625405821,1.0228884484019445,1.0228884484019445,2.2888448401944483,False
Ge,10,1.0,37.734179,37.734179,4.6,7.5,0.6133333333333333,0.924030012150858,0.9453511928210504,1.02307412139197,1.02307412139197,2.307412139197007,False
Ge,10,1.0,37.734179,37.734179,4.8,7.5,0.64,0.924030012150858,0.945382264930736,1.0231077481240858,1.0231077481240858,2.310774812408578,False
Ge,10,1.0,37.734179,37.734179,5.0,7.5,0.6666666666666666,0.924030012150858,0.941032719045251,1.0184006002735948,1.0184006002735948,1.8400600273594803,False
Ge,10,1.0,37.734179,37.734179,5.2,7.5,0.6933333333333334,0.924030012150858,0.932695615173818,1.0093780536443715,1.0093780536443715,0.9378053644371498,False
Ge,10,1.0,37.734179,37.734179,5.4,7.5,0.7200000000000001,0.924030012150858,0.9223943078050594,0.9982298146983438,0.9982298146983438,-0.17701853016561797,False
Ge,10,1.0,37.734179,37.734179,5.6,7.5,0.7466666666666666,0.924030012150858,0.9189974850467006,0.9945537189939933,0.9945537189939933,-0.5446281006006748,False
Ge,10,1.0,37.734179,37.734179,5.8,7.5,0.7733333333333333,0.924030012150858,0.9223778793755768,0.9982120355902342,0.9982120355902342,-0.17879644097658076,False
Ge,10,1.0,37.734179,37.734179,6.0,7.5,0.8,0.924030012150858,0.9271691046887672,1.0033971759538443,1.0033971759538443,0.3397175953844256,False
Ge,10,1.0,37.734179,37.734179,6.2,7.5,0.8266666666666667,0.924030012150858,0.929857963199196,1.0063071014704081,1.0063071014704081,0.6307101470408139,False
Ge,10,1.0,37.734179,37.734179,6.4,7.5,0.8533333333333334,0.924030012150858,0.9370102819061072,1.0140474547196094,1.0140474547196094,1.4047454719609442,False
Ge,10,1.0,37.734179,37.734179,6.6,7.5,0.88,0.924030012150858,0.9436403772933344,1.0212226495726362,1.0212226495726362,2.12226495726362,False
Ge,10,1.0,37.734179,37.734179,6.8,7.5,0.9066666666666666,0.924030012150858,0.946755327435657,1.0245936982413606,1.0245936982413606,2.4593698241360595,False
Ge,10,1.0,37.734179,37.734179,7.0,7.5,0.9333333333333333,0.924030012150858,0.947951173747506,1.0258878621712373,1.0258878621712373,2.5887862171237286,False
Ge,10,1.0,37.734179,37.734179,7.2,7.5,0.9600000000000001,0.924030012150858,0.9494012680576892,1.0274571773353711,1.0274571773353711,2.745717733537112,False
Ge,10,1.0,37.734179,37.734179,7.4,7.5,0.9866666666666667,0.924030012150858,0.946630239995892,1.0244583266212617,1.0244583266212617,2.4458326621261683,False
Ge,20,2.0,37.734179,18.8670895,0.4,7.5,0.05333333333333334,1.682561796260948,1.740357455535879,1.0343497988622865,1.0343497988622865,3.4349798862286507,False
Ge,20,2.0,37.734179,18.8670895,0.6,7.5,0.08,1.682561796260948,1.722515975503924,1.023746039718579,1.023746039718579,2.3746039718578915,False
Ge,20,2.0,37.734179,18.8670895,0.8,7.5,0.10666666666666667,1.682561796260948,1.748934242528306,1.0394472562106505,1.0394472562106505,3.9447256210650483,False
Ge,20,2.0,37.734179,18.8670895,1.0,7.5,0.13333333333333333,1.682561796260948,1.7380804747713454,1.0329965167602004,1.0329965167602004,3.2996516760200434,False
Ge,20,2.0,37.734179,18.8670895,1.2,7.5,0.16,1.682561796260948,1.746389640632354,1.0379349183567859,1.0379349183567859,3.7934918356785863,False
Ge,20,2.0,37.734179,18.8670895,1.4,7.5,0.18666666666666665,1.682561796260948,1.7363349209249093,1.0319590785809223,1.0319590785809223,3.1959078580922284,False
Ge,20,2.0,37.734179,18.8670895,1.6,7.5,0.21333333333333335,1.682561796260948,1.73324906074592,1.0301250537113176,1.0301250537113176,3.0125053711317573,False
Ge,20,2.0,37.734179,18.8670895,1.8,7.5,0.24000000000000002,1.682561796260948,1.7355619473020618,1.0314996757675663,1.0314996757675663,3.1499675767566293,False
Ge,20,2.0,37.734179,18.8670895,2.0,7.5,0.26666666666666666,1.682561796260948,1.7337288315067778,1.0304101967366281,1.0304101967366281,3.041019673662815,False
Ge,20,2.0,37.734179,18.8670895,2.2,7.5,0.29333333333333333,1.682561796260948,1.7246625486389326,1.0250218164180016,1.0250218164180016,2.502181641800161,False
Ge,20,2.0,37.734179,18.8670895,2.4,7.5,0.32,1.682561796260948,1.7298349269968103,1.0280959254161806,1.0280959254161806,2.8095925416180556,False
Ge,20,2.0,37.734179,18.8670895,2.6,7.5,0.3466666666666667,1.682561796260948,1.7292969828151756,1.02777620807633,1.02777620807633,2.7776208076329967,False
Ge,20,2.0,37.734179,18.8670895,2.8,7.5,0.3733333333333333,1.682561796260948,1.7284508038345945,1.027273296990115,1.027273296990115,2.727329699011505,False
Ge,20,2.0,37.734179,18.8670895,3.0,7.5,0.4,1.682561796260948,1.7265965228950193,1.0261712388406339,1.0261712388406339,2.617123884063388,False
Ge,20,2.0,37.734179,18.8670895,3.2,7.5,0.4266666666666667,1.682561796260948,1.7187990379540583,1.0215369454920693,1.0215369454920693,2.1536945492069304,False
Ge,20,2.0,37.734179,18.8670895,3.4,7.5,0.4533333333333333,1.682561796260948,1.7345982068339192,1.0309268941495096,1.0309268941495096,3.0926894149509554,False
Ge,20,2.0,37.734179,18.8670895,3.6,7.5,0.48000000000000004,1.682561796260948,1.7525548670214866,1.0415991085237284,1.0415991085237284,4.159910852372839,False
Ge,20,2.0,37.734179,18.8670895,3.8,7.5,0.5066666666666666,1.682561796260948,1.741823938507718,1.0352213763431837,1.0352213763431837,3.5221376343183675,False
Ge,20,2.0,37.734179,18.8670895,4.0,7.5,0.5333333333333333,1.682561796260948,1.7432957851970972,1.0360961416520418,1.0360961416520418,3.609614165204178,False
Ge,20,2.0,37.734179,18.8670895,4.2,7.5,0.56,1.682561796260948,1.732986867344133,1.029969223831922,1.029969223831922,2.996922383192202,False
Ge,20,2.0,37.734179,18.8670895,4.4,7.5,0.5866666666666667,1.682561796260948,1.7269533870637233,1.0263833345684086,1.0263833345684086,2.638333456840858,False
Ge,20,2.0,37.734179,18.8670895,4.6,7.5,0.6133333333333333,1.682561796260948,1.7252398631019816,1.0253649327685166,1.0253649327685166,2.536493276851659,False
Ge,20,2.0,37.734179,18.8670895,4.8,7.5,0.64,1.682561796260948,1.7244838077061255,1.0249155849956526,1.0249155849956526,2.4915584995652607,False
Ge,20,2.0,37.734179,18.8670895,5.0,7.5,0.6666666666666666,1.682561796260948,1.7126378259996613,1.0178751412313944,1.0178751412313944,1.7875141231394442,False
Ge,20,2.0,37.734179,18.8670895,5.2,7.5,0.6933333333333334,1.682561796260948,1.6910864687020943,1.0050664840127062,1.0050664840127062,0.5066484012706152,False
Ge,20,2.0,37.734179,18.8670895,5.4,7.5,0.7200000000000001,1.682561796260948,1.6715953104265668,0.99348226861043,0.99348226861043,-0.6517731389570014,False
Ge,20,2.0,37.734179,18.8670895,5.6,7.5,0.7466666666666666,1.682561796260948,1.6620958272294264,0.9878364235554368,0.9878364235554368,-1.2163576444563229,False
Ge,20,2.0,37.734179,18.8670895,5.8,7.5,0.7733333333333333,1.682561796260948,1.6665190869482605,0.9904653075159924,0.9904653075159924,-0.9534692484007623,False
Ge,20,2.0,37.734179,18.8670895,6.0,7.5,0.8,1.682561796260948,1.6777585258142802,0.9971452635752566,0.9971452635752566,-0.28547364247434315,False
Ge,20,2.0,37.734179,18.8670895,6.2,7.5,0.8266666666666667,1.682561796260948,1.6866589000253265,1.002435039101377,1.002435039101377,0.243503910137699,False
Ge,20,2.0,37.734179,18.8670895,6.4,7.5,0.8533333333333334,1.682561796260948,1.7045421160393035,1.013063603266876,1.013063603266876,1.3063603266876056,False
Ge,20,2.0,37.734179,18.8670895,6.6,7.5,0.88,1.682561796260948,1.7213954888643292,1.0230800988645283,1.0230800988645283,2.308009886452833,False
Ge,20,2.0,37.734179,18.8670895,6.8,7.5,0.9066666666666666,1.682561796260948,1.7294494151539124,1.0278668034643124,1.0278668034643124,2.786680346431236,False
Ge,20,2.0,37.734179,18.8670895,7.0,7.5,0.9333333333333333,1.682561796260948,1.734918686553637,1.0311173654418153,1.0311173654418153,3.1117365441815314,False
Ge,20,2.0,37.734179,18.8670895,7.2,7.5,0.9600000000000001,1.682561796260948,1.735214181540892,1.0312929875128212,1.0312929875128212,3.129298751282117,False
Ge,20,2.0,37.734179,18.8670895,7.4,7.5,0.9866666666666667,1.682561796260948,1.7273145484849877,1.0265979842900812,1.0265979842900812,2.65979842900812,False
Ge,50,5.0,37.734179,7.546835799999999,0.4,7.5,0.05333333333333334,3.517543043506717,3.664449500312537,1.041763940053841,1.041763940053841,4.176394005384099,False
Ge,50,5.0,37.734179,7.546835799999999,0.6,7.5,0.08,3.517543043506717,3.621653552772401,1.0295975082544815,1.0295975082544815,2.9597508254481486,False
Ge,50,5.0,37.734179,7.546835799999999,0.8,7.5,0.10666666666666667,3.517543043506717,3.6726371990534776,1.0440916155476931,1.0440916155476931,4.409161554769314,False
Ge,50,5.0,37.734179,7.546835799999999,1.0,7.5,0.13333333333333333,3.517543043506717,3.636874124520078,1.033924554593196,1.033924554593196,3.39245545931961,False
Ge,50,5.0,37.734179,7.546835799999999,1.2,7.5,0.16,3.517543043506717,3.6340929074071657,1.0331338842080686,1.0331338842080686,3.313388420806862,False
Ge,50,5.0,37.734179,7.546835799999999,1.4,7.5,0.18666666666666665,3.517543043506717,3.626211427829619,1.030893263558921,1.030893263558921,3.089326355892097,False
Ge,50,5.0,37.734179,7.546835799999999,1.6,7.5,0.21333333333333335,3.517543043506717,3.6012889632374385,1.0238080724798275,1.0238080724798275,2.3808072479827525,False
Ge,50,5.0,37.734179,7.546835799999999,1.8,7.5,0.24000000000000002,3.517543043506717,3.613088973351635,1.0271626895998596,1.0271626895998596,2.716268959985957,False
Ge,50,5.0,37.734179,7.546835799999999,2.0,7.5,0.26666666666666666,3.517543043506717,3.6141688785232513,1.0274696951313511,1.0274696951313511,2.7469695131351113,False
Ge,50,5.0,37.734179,7.546835799999999,2.2,7.5,0.29333333333333333,3.517543043506717,3.5862504889545295,1.0195327945096917,1.0195327945096917,1.9532794509691698,False
Ge,50,5.0,37.734179,7.546835799999999,2.4,7.5,0.32,3.517543043506717,3.6002103684701,1.023501439482307,1.023501439482307,2.3501439482306985,False
Ge,50,5.0,37.734179,7.546835799999999,2.6,7.5,0.3466666666666667,3.517543043506717,3.593850164211046,1.0216933011936242,1.0216933011936242,2.1693301193624226,False
Ge,50,5.0,37.734179,7.546835799999999,2.8,7.5,0.3733333333333333,3.517543043506717,3.590861380385271,1.0208436218041161,1.0208436218041161,2.084362180411614,False
Ge,50,5.0,37.734179,7.546835799999999,3.0,7.5,0.4,3.517543043506717,3.578938227703857,1.0174539965645832,1.0174539965645832,1.745399656458324,False
Ge,50,5.0,37.734179,7.546835799999999,3.2,7.5,0.4266666666666667,3.517543043506717,3.563212112289626,1.012983229549163,1.012983229549163,1.2983229549162978,False
Ge,50,5.0,37.734179,7.546835799999999,3.4,7.5,0.4533333333333333,3.517543043506717,3.612111315337117,1.0268847518454594,1.0268847518454594,2.6884751845459354,False
Ge,50,5.0,37.734179,7.546835799999999,3.6,7.5,0.48000000000000004,3.517543043506717,3.660562690429519,1.0406589614267299,1.0406589614267299,4.065896142672987,False
Ge,50,5.0,37.734179,7.546835799999999,3.8,7.5,0.5066666666666666,3.517543043506717,3.6219535489364354,1.029682793966788,1.029682793966788,2.968279396678808,False
Ge,50,5.0,37.734179,7.546835799999999,4.0,7.5,0.5333333333333333,3.517543043506717,3.6237453674255775,1.0301921888674275,1.0301921888674275,3.019218886742747,False
Ge,50,5.0,37.734179,7.546835799999999,4.2,7.5,0.56,3.517543043506717,3.586068855225981,1.019481157976378,1.019481157976378,1.948115797637806,False
Ge,50,5.0,37.734179,7.546835799999999,4.4,7.5,0.5866666666666667,3.517543043506717,3.573523318444227,1.0159145955700095,1.0159145955700095,1.5914595570009515,False
Ge,50,5.0,37.734179,7.546835799999999,4.6,7.5,0.6133333333333333,3.517543043506717,3.5819672621890324,1.0183151187875983,1.0183151187875983,1.8315118787598283,False
Ge,50,5.0,37.734179,7.546835799999999,4.8,7.5,0.64,3.517543043506717,3.5730274216172337,1.0157736173869825,1.0157736173869825,1.5773617386982464,False
Ge,50,5.0,37.734179,7.546835799999999,5.0,7.5,0.6666666666666666,3.517543043506717,3.53861280957606,1.0059899099481489,1.0059899099481489,0.5989909948148853,False
Ge,50,5.0,37.734179,7.546835799999999,5.2,7.5,0.6933333333333334,3.517543043506717,3.4835706301981393,0.9903420049482294,0.9903420049482294,-0.9657995051770563,False
Ge,50,5.0,37.734179,7.546835799999999,5.4,7.5,0.7200000000000001,3.517543043506717,3.445633455815144,0.9795568705763767,0.9795568705763767,-2.044312942362325,False
Ge,50,5.0,37.734179,7.546835799999999,5.6,7.5,0.7466666666666666,3.517543043506717,3.420146409091724,0.9723111748142543,0.9723111748142543,-2.768882518574567,False
Ge,50,5.0,37.734179,7.546835799999999,5.8,7.5,0.7733333333333333,3.517543043506717,3.4211534952108806,0.9725974786651811,0.9725974786651811,-2.740252133481891,False
Ge,50,5.0,37.734179,7.546835799999999,6.0,7.5,0.8,3.517543043506717,3.449121867809086,0.9805485889294419,0.9805485889294419,-1.9451411070558144,False
Ge,50,5.0,37.734179,7.546835799999999,6.2,7.5,0.8266666666666667,3.517543043506717,3.479127460601827,0.9890788591838828,0.9890788591838828,-1.092114081611717,False
Ge,50,5.0,37.734179,7.546835799999999,6.4,7.5,0.8533333333333334,3.517543043506717,3.5277421361941506,1.00289949335695,1.00289949335695,0.2899493356949945,False
Ge,50,5.0,37.734179,7.546835799999999,6.6,7.5,0.88,3.517543043506717,3.567582652407034,1.0142257275266862,1.0142257275266862,1.422572752668616,False
Ge,50,5.0,37.734179,7.546835799999999,6.8,7.5,0.9066666666666666,3.517543043506717,3.593408479731496,1.0215677350032217,1.0215677350032217,2.1567735003221733,False
Ge,50,5.0,37.734179,7.546835799999999,7.0,7.5,0.9333333333333333,3.517543043506717,3.616788921211002,1.0282145453450782,1.0282145453450782,2.821454534507817,False
Ge,50,5.0,37.734179,7.546835799999999,7.2,7.5,0.9600000000000001,3.517543043506717,3.608888043965084,1.025968410145538,1.025968410145538,2.596841014553797,False
Ge,50,5.0,37.734179,7.546835799999999,7.4,7.5,0.9866666666666667,3.517543043506717,3.5904420873632277,1.020724421266452,1.020724421266452,2.072442126645191,False
Ge,100,10.0,37.734179,3.7734178999999997,0.4,7.5,0.05333333333333334,5.915075123229841,6.18396679790601,1.045458708312963,1.045458708312963,4.545870831296295,False
Ge,100,10.0,37.734179,3.7734178999999997,0.6,7.5,0.08,5.915075123229841,6.107519823300016,1.0325346163930194,1.0325346163930194,3.2534616393019355,False
Ge,100,10.0,37.734179,3.7734178999999997,0.8,7.5,0.10666666666666667,5.915075123229841,6.189811990645128,1.0464468940278262,1.0464468940278262,4.64468940278262,False
Ge,100,10.0,37.734179,3.7734178999999997,1.0,7.5,0.13333333333333333,5.915075123229841,6.114245473943115,1.0336716519340705,1.0336716519340705,3.3671651934070512,False
Ge,100,10.0,37.734179,3.7734178999999997,1.2,7.5,0.16,5.915075123229841,6.108223871197669,1.0326536424210893,1.0326536424210893,3.2653642421089257,False
Ge,100,10.0,37.734179,3.7734178999999997,1.4,7.5,0.18666666666666665,5.915075123229841,6.0845273778639095,1.0286475236753276,1.0286475236753276,2.8647523675327635,False
Ge,100,10.0,37.734179,3.7734178999999997,1.6,7.5,0.21333333333333335,5.915075123229841,6.031516570152985,1.0196855398278633,1.0196855398278633,1.9685539827863252,False
Ge,100,10.0,37.734179,3.7734178999999997,1.8,7.5,0.24000000000000002,5.915075123229841,6.052385241831369,1.0232135882877091,1.0232135882877091,2.321358828770914,False
Ge,100,10.0,37.734179,3.7734178999999997,2.0,7.5,0.26666666666666666,5.915075123229841,6.060749663134123,1.0246276736760596,1.0246276736760596,2.462767367605956,False
Ge,100,10.0,37.734179,3.7734178999999997,2.2,7.5,0.29333333333333333,5.915075123229841,5.994705889952219,1.0134623424155087,1.0134623424155087,1.34623424155087,False
Ge,100,10.0,37.734179,3.7734178999999997,2.4,7.5,0.32,5.915075123229841,6.020679950763039,1.017853505717698,1.017853505717698,1.785350571769806,False
Ge,100,10.0,37.734179,3.7734178999999997,2.6,7.5,0.3466666666666667,5.915075123229841,5.9991072626301065,1.0142064365455397,1.0142064365455397,1.4206436545539658,False
Ge,100,10.0,37.734179,3.7734178999999997,2.8,7.5,0.3733333333333333,5.915075123229841,5.9903580443702795,1.0127272975527877,1.0127272975527877,1.2727297552787675,False
Ge,100,10.0,37.734179,3.7734178999999997,3.0,7.5,0.4,5.915075123229841,5.96962741467167,1.0092225864093576,1.0092225864093576,0.922258640935758,False
Ge,100,10.0,37.734179,3.7734178999999997,3.2,7.5,0.4266666666666667,5.915075123229841,5.92928685028644,1.0024026283285543,1.0024026283285543,0.24026283285543126,False
Ge,100,10.0,37.734179,3.7734178999999997,3.4,7.5,0.4533333333333333,5.915075123229841,6.032534152861769,1.0198575719132694,1.0198575719132694,1.9857571913269423,False
Ge,100,10.0,37.734179,3.7734178999999997,3.6,7.5,0.48000000000000004,5.915075123229841,6.112603321451554,1.0333940303557558,1.0333940303557558,3.3394030355755833,False
Ge,100,10.0,37.734179,3.7734178999999997,3.8,7.5,0.5066666666666666,5.915075123229841,6.058552524477329,1.0242562263806285,1.0242562263806285,2.425622638062852,False
Ge,100,10.0,37.734179,3.7734178999999997,4.0,7.5,0.5333333333333333,5.915075123229841,6.039565983919278,1.0210463701805803,1.0210463701805803,2.104637018058031,False
Ge,100,10.0,37.734179,3.7734178999999997,4.2,7.5,0.56,5.915075123229841,5.974807425841927,1.0100983168206104,1.0100983168206104,1.0098316820610354,False
Ge,100,10.0,37.734179,3.7734178999999997,4.4,7.5,0.5866666666666667,5.915075123229841,5.947209181907222,1.005432569833506,1.005432569833506,0.543256983350604,False
Ge,100,10.0,37.734179,3.7734178999999997,4.6,7.5,0.6133333333333333,5.915075123229841,5.960463639227243,1.007673362561221,1.007673362561221,0.7673362561221087,False
Ge,100,10.0,37.734179,3.7734178999999997,4.8,7.5,0.64,5.915075123229841,5.943377945190369,1.0047848626384095,1.0047848626384095,0.4784862638409493,False
Ge,100,10.0,37.734179,3.7734178999999997,5.0,7.5,0.6666666666666666,5.915075123229841,5.866695793438774,0.9918210117736171,0.9918210117736171,-0.8178988226382855,False
Ge,100,10.0,37.734179,3.7734178999999997,5.2,7.5,0.6933333333333334,5.915075123229841,5.773210995407532,0.976016512915419,0.976016512915419,-2.398348708458098,False
Ge,100,10.0,37.734179,3.7734178999999997,5.4,7.5,0.7200000000000001,5.915075123229841,5.6960936467734395,0.962979087856989,0.962979087856989,-3.7020912143010953,False
Ge,100,10.0,37.734179,3.7734178999999997,5.6,7.5,0.7466666666666666,5.915075123229841,5.642371090516046,0.9538967761131512,0.9538967761131512,-4.610322388684884,False
Ge,100,10.0,37.734179,3.7734178999999997,5.8,7.5,0.7733333333333333,5.915075123229841,5.639912942783037,0.9534812027380379,0.9534812027380379,-4.651879726196206,False
Ge,100,10.0,37.734179,3.7734178999999997,6.0,7.5,0.8,5.915075123229841,5.701781945653816,0.9639407491650657,0.9639407491650657,-3.605925083493433,False
Ge,100,10.0,37.734179,3.7734178999999997,6.2,7.5,0.8266666666666667,5.915075123229841,5.77480276185742,0.9762856162516788,0.9762856162516788,-2.3714383748321244,False
Ge,100,10.0,37.734179,3.7734178999999997,6.4,7.5,0.8533333333333334,5.915075123229841,5.863848741817776,0.991339690478167,0.991339690478167,-0.8660309521833054,False
Ge,100,10.0,37.734179,3.7734178999999997,6.6,7.5,0.88,5.915075123229841,5.9428675631599175,1.004698577676711,1.004698577676711,0.4698577676711002,False
Ge,100,10.0,37.734179,3.7734178999999997,6.8,7.5,0.9066666666666666,5.915075123229841,6.002028380210854,1.014700279399585,1.014700279399585,1.470027939958496,False
Ge,100,10.0,37.734179,3.7734178999999997,7.0,7.5,0.9333333333333333,5.915075123229841,6.045685715690579,1.022080969343534,1.022080969343534,2.2080969343533985,False
Ge,100,10.0,37.734179,3.7734178999999997,7.2,7.5,0.9600000000000001,5.915075123229841,6.0263753917601175,1.0188163744688845,1.0188163744688845,1.8816374468884511,False
Ge,100,10.0,37.734179,3.7734178999999997,7.4,7.5,0.9866666666666667,5.915075123229841,5.985038181893107,1.011827923941068,1.011827923941068,1.1827923941067908,False
Ge,200,20.0,37.734179,1.8867089499999998,0.4,7.5,0.05333333333333334,9.357041855341922,9.831564940838296,1.0507129382162024,1.0507129382162024,5.0712938216202375,False
Ge,200,20.0,37.734179,1.8867089499999998,0.6,7.5,0.08,9.357041855341922,9.69162813494341,1.0357576982954793,1.0357576982954793,3.5757698295479257,False
Ge,200,20.0,37.734179,1.8867089499999998,0.8,7.5,0.10666666666666667,9.357041855341922,9.811180621576067,1.0485344378335635,1.0485344378335635,4.853443783356348,False
Ge,200,20.0,37.734179,1.8867089499999998,1.0,7.5,0.13333333333333333,9.357041855341922,9.672023702892766,1.033662545537404,1.033662545537404,3.3662545537404,False
Ge,200,20.0,37.734179,1.8867089499999998,1.2,7.5,0.16,9.357041855341922,9.649321250708727,1.0312363030843923,1.0312363030843923,3.123630308439229,False
Ge,200,20.0,37.734179,1.8867089499999998,1.4,7.5,0.18666666666666665,9.357041855341922,9.601228827463125,1.0260965993202003,1.0260965993202003,2.6096599320200253,False
Ge,200,20.0,37.734179,1.8867089499999998,1.6,7.5,0.21333333333333335,9.357041855341922,9.493503578445903,1.0145838530182565,1.0145838530182565,1.4583853018256487,False
Ge,200,20.0,37.734179,1.8867089499999998,1.8,7.5,0.24000000000000002,9.357041855341922,9.507577688548622,1.0160879726236085,1.0160879726236085,1.6087972623608504,False
Ge,200,20.0,37.734179,1.8867089499999998,2.0,7.5,0.26666666666666666,9.357041855341922,9.522448393964224,1.0176772254714102,1.0176772254714102,1.7677225471410152,False
Ge,200,20.0,37.734179,1.8867089499999998,2.2,7.5,0.29333333333333333,9.357041855341922,9.407469025720834,1.0053892214183187,1.0053892214183187,0.5389221418318657,False
Ge,200,20.0,37.734179,1.8867089499999998,2.4,7.5,0.32,9.357041855341922,9.443684758953683,1.0092596469002963,1.0092596469002963,0.9259646900296348,False
Ge,200,20.0,37.734179,1.8867089499999998,2.6,7.5,0.3466666666666667,9.357041855341922,9.399521594062524,1.0045398684089832,1.0045398684089832,0.45398684089832386,False
Ge,200,20.0,37.734179,1.8867089499999998,2.8,7.5,0.3733333333333333,9.357041855341922,9.386179948671078,1.0031140283200208,1.0031140283200208,0.3114028320020834,False
Ge,200,20.0,37.734179,1.8867089499999998,3.0,7.5,0.4,9.357041855341922,9.340839672740524,0.9982684503444699,0.9982684503444699,-0.1731549655530129,False
Ge,200,20.0,37.734179,1.8867089499999998,3.2,7.5,0.4266666666666667,9.357041855341922,9.29359064411956,0.993218881329879,0.993218881329879,-0.6781118670120989,False
Ge,200,20.0,37.734179,1.8867089499999998,3.4,7.5,0.4533333333333333,9.357041855341922,9.46642001808526,1.0116893954771502,1.0116893954771502,1.16893954771502,False
Ge,200,20.0,37.734179,1.8867089499999998,3.6,7.5,0.48000000000000004,9.357041855341922,9.55508923294304,1.0211655970618592,1.0211655970618592,2.1165597061859165,False
Ge,200,20.0,37.734179,1.8867089499999998,3.8,7.5,0.5066666666666666,9.357041855341922,9.493579712445309,1.0145919895640347,1.0145919895640347,1.4591989564034735,False
Ge,200,20.0,37.734179,1.8867089499999998,4.0,7.5,0.5333333333333333,9.357041855341922,9.41649526304273,1.0063538678804633,1.0063538678804633,0.6353867880463326,False
Ge,200,20.0,37.734179,1.8867089499999998,4.2,7.5,0.56,9.357041855341922,9.311131204852693,0.9950934653067711,0.9950934653067711,-0.4906534693228881,False
Ge,200,20.0,37.734179,1.8867089499999998,4.4,7.5,0.5866666666666667,9.357041855341922,9.279911942951705,0.9917570196240829,0.9917570196240829,-0.8242980375917086,False
Ge,200,20.0,37.734179,1.8867089499999998,4.6,7.5,0.6133333333333333,9.357041855341922,9.285572958238197,0.9923620201545936,0.9923620201545936,-0.7637979845406373,False
Ge,200,20.0,37.734179,1.8867089499999998,4.8,7.5,0.64,9.357041855341922,9.276720514528186,0.9914159472560358,0.9914159472560358,-0.8584052743964232,False
Ge,200,20.0,37.734179,1.8867089499999998,5.0,7.5,0.6666666666666666,9.357041855341922,9.164795874210412,0.9794544061997802,0.9794544061997802,-2.054559380021981,False
Ge,200,20.0,37.734179,1.8867089499999998,5.2,7.5,0.6933333333333334,9.357041855341922,9.02067339120268,0.9640518371789466,0.9640518371789466,-3.5948162821053398,False
Ge,200,20.0,37.734179,1.8867089499999998,5.4,7.5,0.7200000000000001,9.357041855341922,8.849611631831548,0.9457702304472773,0.9457702304472773,-5.422976955272274,False
Ge,200,20.0,37.734179,1.8867089499999998,5.6,7.5,0.7466666666666666,9.357041855341922,8.709158671430885,0.9307598283808934,0.9307598283808934,-6.9240171619106565,False
Ge,200,20.0,37.734179,1.8867089499999998,5.8,7.5,0.7733333333333333,9.357041855341922,8.70449909122535,0.9302618526020553,0.9302618526020553,-6.97381473979447,False
Ge,200,20.0,37.734179,1.8867089499999998,6.0,7.5,0.8,9.357041855341922,8.825533382566595,0.9431969546580696,0.9431969546580696,-5.680304534193037,False
Ge,200,20.0,37.734179,1.8867089499999998,6.2,7.5,0.8266666666666667,9.357041855341922,8.986219527983254,0.960369705181241,0.960369705181241,-3.9630294818759015,False
Ge,200,20.0,37.734179,1.8867089499999998,6.4,7.5,0.8533333333333334,9.357041855341922,9.177353179822896,0.9807964228121474,0.9807964228121474,-1.9203577187852594,False
Ge,200,20.0,37.734179,1.8867089499999998,6.6,7.5,0.88,9.357041855341922,9.320761798369723,0.9961227001510646,0.9961227001510646,-0.3877299848935367,False
Ge,200,20.0,37.734179,1.8867089499999998,6.8,7.5,0.9066666666666666,9.357041855341922,9.426465654028824,1.007419417350075,1.007419417350075,0.7419417350075008,False
Ge,200,20.0,37.734179,1.8867089499999998,7.0,7.5,0.9333333333333333,9.357041855341922,9.484374035896533,1.0136081661836231,1.0136081661836231,1.360816618362315,False
Ge,200,20.0,37.734179,1.8867089499999998,7.2,7.5,0.9600000000000001,9.357041855341922,9.457647368867471,1.0107518503262987,1.0107518503262987,1.0751850326298662,False
Ge,200,20.0,37.734179,1.8867089499999998,7.4,7.5,0.9866666666666667,9.357041855341922,9.387133406340858,1.003215925659428,1.003215925659428,0.3215925659427965,False
Ge,500,50.0,37.734179,0.7546835799999999,0.4,7.5,0.05333333333333334,15.350172723023707,16.139658191732934,1.0514316993661628,1.0514316993661628,5.143169936616276,False
Ge,500,50.0,37.734179,0.7546835799999999,0.6,7.5,0.08,15.350172723023707,15.877746099706892,1.034369214353652,1.034369214353652,3.4369214353652033,False
Ge,500,50.0,37.734179,0.7546835799999999,0.8,7.5,0.10666666666666667,15.350172723023707,15.952014813850738,1.0392075126245537,1.0392075126245537,3.9207512624553686,False
Ge,500,50.0,37.734179,0.7546835799999999,1.0,7.5,0.13333333333333333,15.350172723023707,15.779861973725197,1.0279924700819163,1.0279924700819163,2.79924700819163,False
Ge,500,50.0,37.734179,0.7546835799999999,1.2,7.5,0.16,15.350172723023707,15.706680194206228,1.0232249810875285,1.0232249810875285,2.3224981087528462,False
Ge,500,50.0,37.734179,0.7546835799999999,1.4,7.5,0.18666666666666665,15.350172723023707,15.657435916024149,1.0200169208871233,1.0200169208871233,2.0016920887123257,False
Ge,500,50.0,37.734179,0.7546835799999999,1.6,7.5,0.21333333333333335,15.350172723023707,15.449795349564132,1.0064900003627322,1.0064900003627322,0.6490000362732173,False
Ge,500,50.0,37.734179,0.7546835799999999,1.8,7.5,0.24000000000000002,15.350172723023707,15.3827081389358,1.0021195472193805,1.0021195472193805,0.21195472193804576,False
Ge,500,50.0,37.734179,0.7546835799999999,2.0,7.5,0.26666666666666666,15.350172723023707,15.40656632951386,1.0036738092468216,1.0036738092468216,0.3673809246821591,False
Ge,500,50.0,37.734179,0.7546835799999999,2.2,7.5,0.29333333333333333,15.350172723023707,15.216276138320035,0.9912771936108028,0.9912771936108028,-0.8722806389197202,False
Ge,500,50.0,37.734179,0.7546835799999999,2.4,7.5,0.32,15.350172723023707,15.23846424261604,0.9927226564532322,0.9927226564532322,-0.7277343546767789,False
Ge,500,50.0,37.734179,0.7546835799999999,2.6,7.5,0.3466666666666667,15.350172723023707,15.187405942799714,0.9893964202774175,0.9893964202774175,-1.0603579722582523,False
Ge,500,50.0,37.734179,0.7546835799999999,2.8,7.5,0.3733333333333333,15.350172723023707,15.186727275024284,0.9893522078905163,0.9893522078905163,-1.0647792109483745,False
Ge,500,50.0,37.734179,0.7546835799999999,3.0,7.5,0.4,15.350172723023707,15.12823231993165,0.9855415045096418,0.9855415045096418,-1.4458495490358159,False
Ge,500,50.0,37.734179,0.7546835799999999,3.2,7.5,0.4266666666666667,15.350172723023707,15.1144406878842,0.9846430369616667,0.9846430369616667,-1.5356963038333338,False
Ge,500,50.0,37.734179,0.7546835799999999,3.4,7.5,0.4533333333333333,15.350172723023707,15.314113192385753,0.9976508713427134,0.9976508713427134,-0.23491286572866477,False
Ge,500,50.0,37.734179,0.7546835799999999,3.6,7.5,0.48000000000000004,15.350172723023707,15.295490613380151,0.9964376876644822,0.9964376876644822,-0.35623123355178477,False
Ge,500,50.0,37.734179,0.7546835799999999,3.8,7.5,0.5066666666666666,15.350172723023707,15.250236337690476,0.9934895595550312,0.9934895595550312,-0.6510440444968846,False
Ge,500,50.0,37.734179,0.7546835799999999,4.0,7.5,0.5333333333333333,15.350172723023707,15.104582082833224,0.9840007897877187,0.9840007897877187,-1.5999210212281345,False
Ge,500,50.0,37.734179,0.7546835799999999,4.2,7.5,0.56,15.350172723023707,14.998561480587956,0.9770939878801252,0.9770939878801252,-2.2906012119874752,False
Ge,500,50.0,37.734179,0.7546835799999999,4.4,7.5,0.5866666666666667,15.350172723023707,14.948838651882374,0.9738547521006475,0.9738547521006475,-2.6145247899352464,False
Ge,500,50.0,37.734179,0.7546835799999999,4.6,7.5,0.6133333333333333,15.350172723023707,14.971347433518194,0.9753211057399169,0.9753211057399169,-2.4678894260083073,False
Ge,500,50.0,37.734179,0.7546835799999999,4.8,7.5,0.64,15.350172723023707,14.987539661755845,0.9763759621594388,0.9763759621594388,-2.362403784056122,False
Ge,500,50.0,37.734179,0.7546835799999999,5.0,7.5,0.6666666666666666,15.350172723023707,14.847008689055103,0.9672209529464181,0.9672209529464181,-3.2779047053581922,False
Ge,500,50.0,37.734179,0.7546835799999999,5.2,7.5,0.6933333333333334,15.350172723023707,14.621498550420691,0.9525299040114331,0.9525299040114331,-4.747009598856689,False
Ge,500,50.0,37.734179,0.7546835799999999,5.4,7.5,0.7200000000000001,15.350172723023707,14.22259412460797,0.9265429374143469,0.9265429374143469,-7.3457062585653095,False
Ge,500,50.0,37.734179,0.7546835799999999,5.6,7.5,0.7466666666666666,15.350172723023707,13.811114012467565,0.8997367170828175,0.8997367170828175,-10.026328291718245,False
Ge,500,50.0,37.734179,0.7546835799999999,5.8,7.5,0.7733333333333333,15.350172723023707,13.77253295010825,0.8972233211064031,0.8972233211064031,-10.277667889359687,False
Ge,500,50.0,37.734179,0.7546835799999999,6.0,7.5,0.8,15.350172723023707,13.986994759015506,0.9111946172459954,0.9111946172459954,-8.880538275400463,False
Ge,500,50.0,37.734179,0.7546835799999999,6.2,7.5,0.8266666666666667,15.350172723023707,14.35457469369969,0.9351409233440923,0.9351409233440923,-6.485907665590773,False
Ge,500,50.0,37.734179,0.7546835799999999,6.4,7.5,0.8533333333333334,15.350172723023707,14.856725402739665,0.9678539564871527,0.9678539564871527,-3.2146043512847333,False
Ge,500,50.0,37.734179,0.7546835799999999,6.6,7.5,0.88,15.350172723023707,15.134081879046112,0.9859225789913438,0.9859225789913438,-1.4077421008656166,False
Ge,500,50.0,37.734179,0.7546835799999999,6.8,7.5,0.9066666666666666,15.350172723023707,15.30241327142698,0.9968886700847938,0.9968886700847938,-0.311132991520624,False
Ge,500,50.0,37.734179,0.7546835799999999,7.0,7.5,0.9333333333333333,15.350172723023707,15.389539388783987,1.0025645747751903,1.0025645747751903,0.25645747751903425,False
Ge,500,50.0,37.734179,0.7546835799999999,7.2,7.5,0.9600000000000001,15.350172723023707,15.35452701217572,1.0002836638538588,1.0002836638538588,0.028366385385880655,False
Ge,500,50.0,37.734179,0.7546835799999999,7.4,7.5,0.9866666666666667,15.350172723023707,15.323150557369344,0.9982396181370758,0.9982396181370758,-0.1760381862924154,False
Ge,1000,100.0,37.734179,0.37734178999999995,0.4,7.5,0.05333333333333334,20.723380668707065,21.96832031536627,1.0600741581000392,1.0600741581000392,6.007415810003924,False
Ge,1000,100.0,37.734179,0.37734178999999995,0.6,7.5,0.08,20.723380668707065,21.57621018268828,1.0411530110658542,1.0411530110658542,4.115301106585423,False
Ge,1000,100.0,37.734179,0.37734178999999995,0.8,7.5,0.10666666666666667,20.723380668707065,21.67918872124914,1.0461222069807063,1.0461222069807063,4.612220698070635,False
Ge,1000,100.0,37.734179,0.37734178999999995,1.0,7.5,0.13333333333333333,20.723380668707065,21.333222269174236,1.0294277082593986,1.0294277082593986,2.9427708259398555,False
Ge,1000,100.0,37.734179,0.37734178999999995,1.2,7.5,0.16,20.723380668707065,21.185556368684377,1.0223021382160495,1.0223021382160495,2.230213821604954,False
Ge,1000,100.0,37.734179,0.37734178999999995,1.4,7.5,0.18666666666666665,20.723380668707065,21.06314529366901,1.0163952315692872,1.0163952315692872,1.6395231569287239,False
Ge,1000,100.0,37.734179,0.37734178999999995,1.6,7.5,0.21333333333333335,20.723380668707065,20.747893839927087,1.001182875111542,1.001182875111542,0.11828751115419145,False
Ge,1000,100.0,37.734179,0.37734178999999995,1.8,7.5,0.24000000000000002,20.723380668707065,20.62158509379471,0.9950878876115966,0.9950878876115966,-0.4912112388403389,False
Ge,1000,100.0,37.734179,0.37734178999999995,2.0,7.5,0.26666666666666666,20.723380668707065,20.620238136347865,0.9950228906176998,0.9950228906176998,-0.49771093823002266,False
Ge,1000,100.0,37.734179,0.37734178999999995,2.2,7.5,0.29333333333333333,20.723380668707065,20.400532699072464,0.9844210761363801,0.9844210761363801,-1.557892386361992,False
Ge,1000,100.0,37.734179,0.37734178999999995,2.4,7.5,0.32,20.723380668707065,20.41162685439613,0.984956420996421,0.984956420996421,-1.5043579003579,False
Ge,1000,100.0,37.734179,0.37734178999999995,2.6,7.5,0.3466666666666667,20.723380668707065,20.388759608532816,0.9838529694781152,0.9838529694781152,-1.614703052188482,False
Ge,1000,100.0,37.734179,0.37734178999999995,2.8,7.5,0.3733333333333333,20.723380668707065,20.36451749098584,0.9826831739734859,0.9826831739734859,-1.7316826026514076,False
Ge,1000,100.0,37.734179,0.37734178999999995,3.0,7.5,0.4,20.723380668707065,20.330876340319374,0.9810598311799394,0.9810598311799394,-1.8940168820060554,False
Ge,1000,100.0,37.734179,0.37734178999999995,3.2,7.5,0.4266666666666667,20.723380668707065,20.358921099119044,0.9824131219025298,0.9824131219025298,-1.758687809747017,False
Ge,1000,100.0,37.734179,0.37734178999999995,3.4,7.5,0.4533333333333333,20.723380668707065,20.484099617839313,0.9884535706459769,0.9884535706459769,-1.1546429354023058,False
Ge,1000,100.0,37.734179,0.37734178999999995,3.6,7.5,0.48000000000000004,20.723380668707065,20.348054746169343,0.9818887695720189,0.9818887695720189,-1.8111230427981129,False
Ge,1000,100.0,37.734179,0.37734178999999995,3.8,7.5,0.5066666666666666,20.723380668707065,20.350733245579427,0.9820180196906605,0.9820180196906605,-1.7981980309339507,False
Ge,1000,100.0,37.734179,0.37734178999999995,4.0,7.5,0.5333333333333333,20.723380668707065,20.1340812112618,0.9715635461768493,0.9715635461768493,-2.8436453823150742,False
Ge,1000,100.0,37.734179,0.37734178999999995,4.2,7.5,0.56,20.723380668707065,20.044832311340663,0.9672568695130408,0.9672568695130408,-3.2743130486959204,False
Ge,1000,100.0,37.734179,0.37734178999999995,4.4,7.5,0.5866666666666667,20.723380668707065,19.985736380623273,0.9644052145797979,0.9644052145797979,-3.5594785420202113,False
Ge,1000,100.0,37.734179,0.37734178999999995,4.6,7.5,0.6133333333333333,20.723380668707065,19.99317697113159,0.9647642578569188,0.9647642578569188,-3.523574214308123,False
Ge,1000,100.0,37.734179,0.37734178999999995,4.8,7.5,0.64,20.723380668707065,20.02372990817848,0.9662385799057835,0.9662385799057835,-3.3761420094216454,False
Ge,1000,100.0,37.734179,0.37734178999999995,5.0,7.5,0.6666666666666666,20.723380668707065,19.85291365789091,0.9579958972557703,0.9579958972557703,-4.200410274422972,False
Ge,1000,100.0,37.734179,0.37734178999999995,5.2,7.5,0.6933333333333334,20.723380668707065,19.57314982717184,0.9444959845151081,0.9444959845151081,-5.550401548489193,False
Ge,1000,100.0,37.734179,0.37734178999999995,5.4,7.5,0.7200000000000001,20.723380668707065,18.961254259632145,0.9149691627420721,0.9149691627420721,-8.503083725792793,False
Ge,1000,100.0,37.734179,0.37734178999999995,5.6,7.5,0.7466666666666666,20.723380668707065,18.2646754062426,0.881355976528618,0.881355976528618,-11.864402347138203,False
Ge,1000,100.0,37.734179,0.37734178999999995,5.8,7.5,0.7733333333333333,20.723380668707065,18.10826170417685,0.8738082841628672,0.8738082841628672,-12.619171583713285,False
Ge,1000,100.0,37.734179,0.37734178999999995,6.0,7.5,0.8,20.723380668707065,18.349572900224977,0.885452677512863,0.885452677512863,-11.454732248713695,False
Ge,1000,100.0,37.734179,0.37734178999999995,6.2,7.5,0.8266666666666667,20.723380668707065,18.888771171993714,0.9114715149018293,0.9114715149018293,-8.852848509817068,False
Ge,1000,100.0,37.734179,0.37734178999999995,6.4,7.5,0.8533333333333334,20.723380668707065,19.732685115412583,0.9521943080073579,0.9521943080073579,-4.780569199264207,False
Ge,1000,100.0,37.734179,0.37734178999999995,6.6,7.5,0.88,20.723380668707065,20.26172055635656,0.9777227412973394,0.9777227412973394,-2.227725870266062,False
Ge,1000,100.0,37.734179,0.37734178999999995,6.8,7.5,0.9066666666666666,20.723380668707065,20.544792727320768,0.9913822969214685,0.9913822969214685,-0.8617703078531491,False
Ge,1000,100.0,37.734179,0.37734178999999995,7.0,7.5,0.9333333333333333,20.723380668707065,20.695944522873223,0.9986760776983037,0.9986760776983037,-0.1323922301696312,False
Ge,1000,100.0,37.734179,0.37734178999999995,7.2,7.5,0.9600000000000001,20.723380668707065,20.677250599035677,0.9977740084782091,0.9977740084782091,-0.22259915217909265,False
Ge,1000,100.0,37.734179,0.37734178999999995,7.4,7.5,0.9866666666666667,20.723380668707065,20.643951056078897,0.9961671498536864,0.9961671498536864,-0.38328501463136266,False
Ge,2000,200.0,37.734179,0.18867089499999998,0.4,7.5,0.05333333333333334,26.45965374592799,28.185997781523557,1.0652443925446773,1.0652443925446773,6.524439254467729,False
Ge,2000,200.0,37.734179,0.18867089499999998,0.6,7.5,0.08,26.45965374592799,27.712693010101923,1.0473566009671147,1.0473566009671147,4.735660096711469,False
Ge,2000,200.0,37.734179,0.18867089499999998,0.8,7.5,0.10666666666666667,26.45965374592799,27.728290539387267,1.0479460844666009,1.0479460844666009,4.794608446660087,False
Ge,2000,200.0,37.734179,0.18867089499999998,1.0,7.5,0.13333333333333333,26.45965374592799,27.21959473129703,1.0287207456554865,1.0287207456554865,2.8720745655486546,False
Ge,2000,200.0,37.734179,0.18867089499999998,1.2,7.5,0.16,26.45965374592799,26.9550259170785,1.0187217934107224,1.0187217934107224,1.8721793410722443,False
Ge,2000,200.0,37.734179,0.18867089499999998,1.4,7.5,0.18666666666666665,26.45965374592799,26.72737866686724,1.0101182322153572,1.0101182322153572,1.0118232215357237,False
Ge,2000,200.0,37.734179,0.18867089499999998,1.6,7.5,0.21333333333333335,26.45965374592799,26.30459045641581,0.9941396327026372,0.9941396327026372,-0.5860367297362834,False
Ge,2000,200.0,37.734179,0.18867089499999998,1.8,7.5,0.24000000000000002,26.45965374592799,26.089134800134644,0.9859968331652728,0.9859968331652728,-1.4003166834727243,False
Ge,2000,200.0,37.734179,0.18867089499999998,2.0,7.5,0.26666666666666666,26.45965374592799,26.08722462321634,0.9859246411049893,0.9859246411049893,-1.407535889501066,False
Ge,2000,200.0,37.734179,0.18867089499999998,2.2,7.5,0.29333333333333333,26.45965374592799,25.937164869480043,0.9802533743840712,0.9802533743840712,-1.974662561592877,False
Ge,2000,200.0,37.734179,0.18867089499999998,2.4,7.5,0.32,26.45965374592799,25.942053090538444,0.9804381168264833,0.9804381168264833,-1.9561883173516703,False
Ge,2000,200.0,37.734179,0.18867089499999998,2.6,7.5,0.3466666666666667,26.45965374592799,25.942810419669655,0.9804667388613173,0.9804667388613173,-1.95332611386827,False
Ge,2000,200.0,37.734179,0.18867089499999998,2.8,7.5,0.3733333333333333,26.45965374592799,25.94155992157308,0.980419478299687,0.980419478299687,-1.9580521700312992,False
Ge,2000,200.0,37.734179,0.18867089499999998,3.0,7.5,0.4,26.45965374592799,25.9162765942422,0.9794639356620676,0.9794639356620676,-2.0536064337932425,False
Ge,2000,200.0,37.734179,0.18867089499999998,3.2,7.5,0.4266666666666667,26.45965374592799,25.98052941810914,0.9818922676608122,0.9818922676608122,-1.8107732339187832,False
Ge,2000,200.0,37.734179,0.18867089499999998,3.4,7.5,0.4533333333333333,26.45965374592799,25.933040467999295,0.9800974992724635,0.9800974992724635,-1.990250072753652,False
Ge,2000,200.0,37.734179,0.18867089499999998,3.6,7.5,0.48000000000000004,26.45965374592799,25.667615403635523,0.9700661864324525,0.9700661864324525,-2.993381356754754,False
Ge,2000,200.0,37.734179,0.18867089499999998,3.8,7.5,0.5066666666666666,26.45965374592799,25.726729284008577,0.9723003003381249,0.9723003003381249,-2.7699699661875132,False
Ge,2000,200.0,37.734179,0.18867089499999998,4.0,7.5,0.5333333333333333,26.45965374592799,25.526126907030555,0.9647188565707856,0.9647188565707856,-3.52811434292144,False
Ge,2000,200.0,37.734179,0.18867089499999998,4.2,7.5,0.56,26.45965374592799,25.422501364771,0.9608024960902369,0.9608024960902369,-3.9197503909763065,False
Ge,2000,200.0,37.734179,0.18867089499999998,4.4,7.5,0.5866666666666667,26.45965374592799,25.32030225256787,0.9569400452364022,0.9569400452364022,-4.305995476359781,False
Ge,2000,200.0,37.734179,0.18867089499999998,4.6,7.5,0.6133333333333333,26.45965374592799,25.33690130540222,0.9575673797054672,0.9575673797054672,-4.243262029453277,False
Ge,2000,200.0,37.734179,0.18867089499999998,4.8,7.5,0.64,26.45965374592799,25.301239593933296,0.9562196027537598,0.9562196027537598,-4.378039724624017,False
Ge,2000,200.0,37.734179,0.18867089499999998,5.0,7.5,0.6666666666666666,26.45965374592799,25.09374654564852,0.9483777371618223,0.9483777371618223,-5.162226283817772,False
Ge,2000,200.0,37.734179,0.18867089499999998,5.2,7.5,0.6933333333333334,26.45965374592799,24.783068621082755,0.9366361653503023,0.9366361653503023,-6.336383464969774,False
Ge,2000,200.0,37.734179,0.18867089499999998,5.4,7.5,0.7200000000000001,26.45965374592799,23.945092875433104,0.9049662216051537,0.9049662216051537,-9.503377839484628,False
Ge,2000,200.0,37.734179,0.18867089499999998,5.6,7.5,0.7466666666666666,26.45965374592799,22.9625213393179,0.8678315128311804,0.8678315128311804,-13.216848716881957,False
Ge,2000,200.0,37.734179,0.18867089499999998,5.8,7.5,0.7733333333333333,26.45965374592799,22.69461147402645,0.8577062909418849,0.8577062909418849,-14.22937090581151,False
Ge,2000,200.0,37.734179,0.18867089499999998,6.0,7.5,0.8,26.45965374592799,22.86178055974633,0.8640241773105078,0.8640241773105078,-13.597582268949216,False
Ge,2000,200.0,37.734179,0.18867089499999998,6.2,7.5,0.8266666666666667,26.45965374592799,23.530287635149744,0.8892893255933456,0.8892893255933456,-11.071067440665438,False
Ge,2000,200.0,37.734179,0.18867089499999998,6.4,7.5,0.8533333333333334,26.45965374592799,24.68880696040237,0.9330736976934876,0.9330736976934876,-6.6926302306512415,False
Ge,2000,200.0,37.734179,0.18867089499999998,6.6,7.5,0.88,26.45965374592799,25.545350112670626,0.9654453666689394,0.9654453666689394,-3.455463333106057,False
Ge,2000,200.0,37.734179,0.18867089499999998,6.8,7.5,0.9066666666666666,26.45965374592799,26.03931175272801,0.9841138513286604,0.9841138513286604,-1.588614867133964,False
Ge,2000,200.0,37.734179,0.18867089499999998,7.0,7.5,0.9333333333333333,26.45965374592799,26.337010187569923,0.9953648842295625,0.9953648842295625,-0.46351157704375145,False
Ge,2000,200.0,37.734179,0.18867089499999998,7.2,7.5,0.9600000000000001,26.45965374592799,26.308602483386448,0.9942912608006146,0.9942912608006146,-0.5708739199385415,False
Ge,2000,200.0,37.734179,0.18867089499999998,7.4,7.5,0.9866666666666667,26.45965374592799,26.28637188143358,0.9934510910022367,0.9934510910022367,-0.6548908997763281,False
Ge,5000,500.0,37.734179,0.075468358,0.4,7.5,0.05333333333333334,34.19526488797016,36.30959858200567,1.0618311833805776,1.0618311833805776,6.183118338057758,False
Ge,5000,500.0,37.734179,0.075468358,0.6,7.5,0.08,34.19526488797016,35.78252227939316,1.0464174615000978,1.0464174615000978,4.6417461500097845,False
Ge,5000,500.0,37.734179,0.075468358,0.8,7.5,0.10666666666666667,34.19526488797016,35.57773929801028,1.040428825878944,1.040428825878944,4.042882587894403,False
Ge,5000,500.0,37.734179,0.075468358,1.0,7.5,0.13333333333333333,34.19526488797016,34.7637644475752,1.0166250959443521,1.0166250959443521,1.662509594435213,False
Ge,5000,500.0,37.734179,0.075468358,1.2,7.5,0.16,34.19526488797016,34.382790383474145,1.005483960896877,1.005483960896877,0.5483960896877083,False
Ge,5000,500.0,37.734179,0.075468358,1.4,7.5,0.18666666666666665,34.19526488797016,34.023877426536316,0.9949879767858111,0.9949879767858111,-0.5012023214188921,False
Ge,5000,500.0,37.734179,0.075468358,1.6,7.5,0.21333333333333335,34.19526488797016,33.621900736695935,0.9832326448368606,0.9832326448368606,-1.676735516313943,False
Ge,5000,500.0,37.734179,0.075468358,1.8,7.5,0.24000000000000002,34.19526488797016,33.424172483238664,0.9774503163739853,0.9774503163739853,-2.2549683626014727,False
Ge,5000,500.0,37.734179,0.075468358,2.0,7.5,0.26666666666666666,34.19526488797016,33.471240417894634,0.978826762347139,0.978826762347139,-2.1173237652861054,False
Ge,5000,500.0,37.734179,0.075468358,2.2,7.5,0.29333333333333333,34.19526488797016,33.31328875222332,0.9742076530585053,0.9742076530585053,-2.579234694149468,False
Ge,5000,500.0,37.734179,0.075468358,2.4,7.5,0.32,34.19526488797016,33.37359306493048,0.9759711812225574,0.9759711812225574,-2.402881877744256,False
Ge,5000,500.0,37.734179,0.075468358,2.6,7.5,0.3466666666666667,34.19526488797016,33.41407329852762,0.9771549776847214,0.9771549776847214,-2.284502231527863,False
Ge,5000,500.0,37.734179,0.075468358,2.8,7.5,0.3733333333333333,34.19526488797016,33.49154795300303,0.9794206321468005,0.9794206321468005,-2.057936785319947,False
Ge,5000,500.0,37.734179,0.075468358,3.0,7.5,0.4,34.19526488797016,33.42825134652975,0.977569597897449,0.977569597897449,-2.2430402102550984,False
Ge,5000,500.0,37.734179,0.075468358,3.2,7.5,0.4266666666666667,34.19526488797016,33.52240779531726,0.9803230916661325,0.9803230916661325,-1.9676908333867482,False
Ge,5000,500.0,37.734179,0.075468358,3.4,7.5,0.4533333333333333,34.19526488797016,33.23667264656277,0.9719671058391298,0.9719671058391298,-2.803289416087018,False
Ge,5000,500.0,37.734179,0.075468358,3.6,7.5,0.48000000000000004,34.19526488797016,32.867247481122064,0.9611637046474439,0.9611637046474439,-3.883629535255606,False
Ge,5000,500.0,37.734179,0.075468358,3.8,7.5,0.5066666666666666,34.19526488797016,32.944028495120705,0.9634090744157493,0.9634090744157493,-3.65909255842507,False
Ge,5000,500.0,37.734179,0.075468358,4.0,7.5,0.5333333333333333,34.19526488797016,32.81291521775056,0.9595748219892891,0.9595748219892891,-4.042517801071089,False
Ge,5000,500.0,37.734179,0.075468358,4.2,7.5,0.56,34.19526488797016,32.6618040007491,0.9551557535160218,0.9551557535160218,-4.484424648397822,False
Ge,5000,500.0,37.734179,0.075468358,4.4,7.5,0.5866666666666667,34.19526488797016,32.521340467736174,0.9510480639434125,0.9510480639434125,-4.895193605658754,False
Ge,5000,500.0,37.734179,0.075468358,4.6,7.5,0.6133333333333333,34.19526488797016,32.41791189726341,0.9480234179635783,0.9480234179635783,-5.197658203642175,False
Ge,5000,500.0,37.734179,0.075468358,4.8,7.5,0.64,34.19526488797016,32.27322618874432,0.9437922558716013,0.9437922558716013,-5.620774412839868,False
Ge,5000,500.0,37.734179,0.075468358,5.0,7.5,0.6666666666666666,34.19526488797016,31.895293219037196,0.9327400540259569,0.9327400540259569,-6.725994597404306,False
Ge,5000,500.0,37.734179,0.075468358,5.2,7.5,0.6933333333333334,34.19526488797016,31.499847999546596,0.9211757271875438,0.9211757271875438,-7.882427281245619,False
Ge,5000,500.0,37.734179,0.075468358,5.4,7.5,0.7200000000000001,34.19526488797016,30.570168880401827,0.8939883630249743,0.8939883630249743,-10.60116369750257,False
Ge,5000,500.0,37.734179,0.075468358,5.6,7.5,0.7466666666666666,34.19526488797016,29.12781946641969,0.8518085636080804,0.8518085636080804,-14.819143639191957,False
Ge,5000,500.0,37.734179,0.075468358,5.8,7.5,0.7733333333333333,34.19526488797016,28.707126763664476,0.8395059040400531,0.8395059040400531,-16.04940959599469,False
Ge,5000,500.0,37.734179,0.075468358,6.0,7.5,0.8,34.19526488797016,28.84119858737154,0.8434266756482365,0.8434266756482365,-15.657332435176352,False
Ge,5000,500.0,37.734179,0.075468358,6.2,7.5,0.8266666666666667,34.19526488797016,29.5326171528301,0.863646392258819,0.863646392258819,-13.6353607741181,False
Ge,5000,500.0,37.734179,0.075468358,6.4,7.5,0.8533333333333334,34.19526488797016,31.09093796730118,0.9092176378560215,0.9092176378560215,-9.078236214397851,False
Ge,5000,500.0,37.734179,0.075468358,6.6,7.5,0.88,34.19526488797016,32.31083880427757,0.9448921922416361,0.9448921922416361,-5.510780775836388,False
Ge,5000,500.0,37.734179,0.075468358,6.8,7.5,0.9066666666666666,34.19526488797016,33.03666254204124,0.966118047345891,0.966118047345891,-3.388195265410898,False
Ge,5000,500.0,37.734179,0.075468358,7.0,7.5,0.9333333333333333,34.19526488797016,33.6313334038195,0.983508492009107,0.983508492009107,-1.649150799089305,False
Ge,5000,500.0,37.734179,0.075468358,7.2,7.5,0.9600000000000001,34.19526488797016,33.60737290756456,0.9828077956895014,0.9828077956895014,-1.7192204310498616,False
Ge,5000,500.0,37.734179,0.075468358,7.4,7.5,0.9866666666666667,34.19526488797016,33.717454840702665,0.9860270113761982,0.9860270113761982,-1.3972988623801808,False
Ge,10000,1000.0,37.734179,0.037734179,0.4,7.5,0.05333333333333334,39.77358234416101,40.90202186230789,1.0283715836401783,1.0283715836401783,2.8371583640178333,False
Ge,10000,1000.0,37.734179,0.037734179,0.6,7.5,0.08,39.77358234416101,40.76657908646603,1.0249662384874618,1.0249662384874618,2.4966238487461823,False
Ge,10000,1000.0,37.734179,0.037734179,0.8,7.5,0.10666666666666667,39.77358234416101,40.62277244898165,1.021350606477249,1.021350606477249,2.135060647724907,False
Ge,10000,1000.0,37.734179,0.037734179,1.0,7.5,0.13333333333333333,39.77358234416101,39.64015808172094,0.9966454049503124,0.9966454049503124,-0.3354595049687603,False
Ge,10000,1000.0,37.734179,0.037734179,1.2,7.5,0.16,39.77358234416101,39.30302177413611,0.9881690171643799,0.9881690171643799,-1.1830982835620119,False
Ge,10000,1000.0,37.734179,0.037734179,1.4,7.5,0.18666666666666665,39.77358234416101,39.126311667794845,0.9837261157226089,0.9837261157226089,-1.627388427739107,False
Ge,10000,1000.0,37.734179,0.037734179,1.6,7.5,0.21333333333333335,39.77358234416101,38.8160042056278,0.9759242672624437,0.9759242672624437,-2.4075732737556255,False
Ge,10000,1000.0,37.734179,0.037734179,1.8,7.5,0.24000000000000002,39.77358234416101,38.67401115994839,0.9723542331515924,0.9723542331515924,-2.7645766848407582,False
Ge,10000,1000.0,37.734179,0.037734179,2.0,7.5,0.26666666666666666,39.77358234416101,38.68218320980047,0.9725596974163239,0.9725596974163239,-2.7440302583676135,False
Ge,10000,1000.0,37.734179,0.037734179,2.2,7.5,0.29333333333333333,39.77358234416101,38.76444511968244,0.9746279523994974,0.9746279523994974,-2.53720476005026,False
Ge,10000,1000.0,37.734179,0.037734179,2.4,7.5,0.32,39.77358234416101,38.84913255325482,0.9767571906672394,0.9767571906672394,-2.3242809332760572,False
Ge,10000,1000.0,37.734179,0.037734179,2.6,7.5,0.3466666666666667,39.77358234416101,38.8405689947131,0.9765418829670777,0.9765418829670777,-2.345811703292233,False
Ge,10000,1000.0,37.734179,0.037734179,2.8,7.5,0.3733333333333333,39.77358234416101,38.946807545580825,0.9792129662491527,0.9792129662491527,-2.078703375084734,False
Ge,10000,1000.0,37.734179,0.037734179,3.0,7.5,0.4,39.77358234416101,38.9615885442144,0.979584594796606,0.979584594796606,-2.041540520339402,False
Ge,10000,1000.0,37.734179,0.037734179,3.2,7.5,0.4266666666666667,39.77358234416101,39.03634957138519,0.9814642602118024,0.9814642602118024,-1.8535739788197558,False
Ge,10000,1000.0,37.734179,0.037734179,3.4,7.5,0.4533333333333333,39.77358234416101,38.5959368560869,0.9703912642848227,0.9703912642848227,-2.9608735715177303,False
Ge,10000,1000.0,37.734179,0.037734179,3.6,7.5,0.48000000000000004,39.77358234416101,38.01689143476621,0.9558327209705643,0.9558327209705643,-4.416727902943574,False
Ge,10000,1000.0,37.734179,0.037734179,3.8,7.5,0.5066666666666666,39.77358234416101,38.09401575618934,0.9577718050780951,0.9577718050780951,-4.222819492190489,False
Ge,10000,1000.0,37.734179,0.037734179,4.0,7.5,0.5333333333333333,39.77358234416101,38.02755198064411,0.9561007517902591,0.9561007517902591,-4.389924820974089,False
Ge,10000,1000.0,37.734179,0.037734179,4.2,7.5,0.56,39.77358234416101,37.99360147541768,0.9552471574387957,0.9552471574387957,-4.4752842561204265,False
Ge,10000,1000.0,37.734179,0.037734179,4.4,7.5,0.5866666666666667,39.77358234416101,37.79908051061589,0.9503564497545194,0.9503564497545194,-4.964355024548062,False
Ge,10000,1000.0,37.734179,0.037734179,4.6,7.5,0.6133333333333333,39.77358234416101,37.47994861723222,0.942332734650805,0.942332734650805,-5.766726534919497,False
Ge,10000,1000.0,37.734179,0.037734179,4.8,7.5,0.64,39.77358234416101,37.25003346779576,0.9365521351703006,0.9365521351703006,-6.344786482969944,False
Ge,10000,1000.0,37.734179,0.037734179,5.0,7.5,0.6666666666666666,39.77358234416101,36.67615325147301,0.9221234570754546,0.9221234570754546,-7.787654292454538,False
Ge,10000,1000.0,37.734179,0.037734179,5.2,7.5,0.6933333333333334,39.77358234416101,36.27152581931663,0.9119501860671975,0.9119501860671975,-8.804981393280254,False
Ge,10000,1000.0,37.734179,0.037734179,5.4,7.5,0.7200000000000001,39.77358234416101,35.051835383106805,0.8812843429541523,0.8812843429541523,-11.871565704584775,False
Ge,10000,1000.0,37.734179,0.037734179,5.6,7.5,0.7466666666666666,39.77358234416101,33.25484468999929,0.8361038340033078,0.8361038340033078,-16.38961659966922,False
Ge,10000,1000.0,37.734179,0.037734179,5.8,7.5,0.7733333333333333,39.77358234416101,32.91540869514495,0.8275696267519418,0.8275696267519418,-17.243037324805822,False
Ge,10000,1000.0,37.734179,0.037734179,6.0,7.5,0.8,39.77358234416101,33.04384266525525,0.8307987542918994,0.8307987542918994,-16.920124570810056,False
Ge,10000,1000.0,37.734179,0.037734179,6.2,7.5,0.8266666666666667,39.77358234416101,33.8295752528585,0.8505538917800014,0.8505538917800014,-14.94461082199986,False
Ge,10000,1000.0,37.734179,0.037734179,6.4,7.5,0.8533333333333334,39.77358234416101,35.48135071855521,0.8920833535067298,0.8920833535067298,-10.791664649327014,False
Ge,10000,1000.0,37.734179,0.037734179,6.6,7.5,0.88,39.77358234416101,36.86154867670461,0.9267847275546226,0.9267847275546226,-7.32152724453774,False
Ge,10000,1000.0,37.734179,0.037734179,6.8,7.5,0.9066666666666666,39.77358234416101,37.749975846666615,0.9491218447464924,0.9491218447464924,-5.087815525350758,False
Ge,10000,1000.0,37.734179,0.037734179,7.0,7.5,0.9333333333333333,39.77358234416101,38.50343702688676,0.9680656042927269,0.9680656042927269,-3.1934395707273078,False
Ge,10000,1000.0,37.734179,0.037734179,7.2,7.5,0.9600000000000001,39.77358234416101,38.57661553678657,0.9699054815576561,0.9699054815576561,-3.00945184423439,False
Ge,10000,1000.0,37.734179,0.037734179,7.4,7.5,0.9866666666666667,39.77358234416101,38.774120391356064,0.9748712111432007,0.9748712111432007,-2.5128788856799256,False
Ge,20000,2000.0,37.734179,0.0188670895,0.4,7.5,0.05333333333333334,44.7915880238732,44.15032867983941,0.9856834871830842,0.9856834871830842,-1.4316512816915816,False
Ge,20000,2000.0,37.734179,0.0188670895,0.6,7.5,0.08,44.7915880238732,44.56891362023249,0.9950286557484403,0.9950286557484403,-0.49713442515596507,False
Ge,20000,2000.0,37.734179,0.0188670895,0.8,7.5,0.10666666666666667,44.7915880238732,44.661517561942496,0.9970960962165176,0.9970960962165176,-0.29039037834823755,False
Ge,20000,2000.0,37.734179,0.0188670895,1.0,7.5,0.13333333333333333,44.7915880238732,43.728345852395435,0.9762624586806103,0.9762624586806103,-2.3737541319389655,False
Ge,20000,2000.0,37.734179,0.0188670895,1.2,7.5,0.16,44.7915880238732,43.71257267024797,0.9759103126004345,0.9759103126004345,-2.408968739956552,False
Ge,20000,2000.0,37.734179,0.0188670895,1.4,7.5,0.18666666666666665,44.7915880238732,43.6551855991545,0.9746291106242311,0.9746291106242311,-2.5370889375768924,False
Ge,20000,2000.0,37.734179,0.0188670895,1.6,7.5,0.21333333333333335,44.7915880238732,43.41316770437216,0.9692259109284902,0.9692259109284902,-3.0774089071509803,False
Ge,20000,2000.0,37.734179,0.0188670895,1.8,7.5,0.24000000000000002,44.7915880238732,43.32601741817375,0.9672802267042122,0.9672802267042122,-3.271977329578779,False
Ge,20000,2000.0,37.734179,0.0188670895,2.0,7.5,0.26666666666666666,44.7915880238732,43.30331124067512,0.9667732972002498,0.9667732972002498,-3.322670279975015,False
Ge,20000,2000.0,37.734179,0.0188670895,2.2,7.5,0.29333333333333333,44.7915880238732,43.51039919356446,0.9713966642659356,0.9713966642659356,-2.8603335734064372,False
Ge,20000,2000.0,37.734179,0.0188670895,2.4,7.5,0.32,44.7915880238732,43.72258349728808,0.9761338105267586,0.9761338105267586,-2.3866189473241373,False
Ge,20000,2000.0,37.734179,0.0188670895,2.6,7.5,0.3466666666666667,44.7915880238732,43.83068793123219,0.9785473091034668,0.9785473091034668,-2.1452690896533233,False
Ge,20000,2000.0,37.734179,0.0188670895,2.8,7.5,0.3733333333333333,44.7915880238732,44.095602068864,0.9844616816300807,0.9844616816300807,-1.5538318369919257,False
Ge,20000,2000.0,37.734179,0.0188670895,3.0,7.5,0.4,44.7915880238732,43.9577568518838,0.9813842016151563,0.9813842016151563,-1.861579838484373,False
Ge,20000,2000.0,37.734179,0.0188670895,3.2,7.5,0.4266666666666667,44.7915880238732,44.00595480471276,0.9824602508233976,0.9824602508233976,-1.7539749176602393,False
Ge,20000,2000.0,37.734179,0.0188670895,3.4,7.5,0.4533333333333333,44.7915880238732,43.433190731356014,0.9696729374320646,0.9696729374320646,-3.032706256793538,False
Ge,20000,2000.0,37.734179,0.0188670895,3.6,7.5,0.48000000000000004,44.7915880238732,42.80049392930489,0.9555475886787695,0.9555475886787695,-4.445241132123046,False
Ge,20000,2000.0,37.734179,0.0188670895,3.8,7.5,0.5066666666666666,44.7915880238732,42.807073338019336,0.9556944780614576,0.9556944780614576,-4.4305521938542425,False
Ge,20000,2000.0,37.734179,0.0188670895,4.0,7.5,0.5333333333333333,44.7915880238732,42.835878392686155,0.9563375687831231,0.9563375687831231,-4.366243121687685,False
Ge,20000,2000.0,37.734179,0.0188670895,4.2,7.5,0.56,44.7915880238732,42.6424016791392,0.9520180810828024,0.9520180810828024,-4.79819189171976,False
Ge,20000,2000.0,37.734179,0.0188670895,4.4,7.5,0.5866666666666667,44.7915880238732,42.550392815885374,0.949963926110561,0.949963926110561,-5.003607388943898,False
Ge,20000,2000.0,37.734179,0.0188670895,4.6,7.5,0.6133333333333333,44.7915880238732,42.09150078681894,0.9397188767762563,0.9397188767762563,-6.028112322374368,False
Ge,20000,2000.0,37.734179,0.0188670895,4.8,7.5,0.64,44.7915880238732,41.760914902013795,0.9323383417385401,0.9323383417385401,-6.766165826145986,False
Ge,20000,2000.0,37.734179,0.0188670895,5.0,7.5,0.6666666666666666,44.7915880238732,40.89366714070548,0.9129764972590346,0.9129764972590346,-8.702350274096538,False
Ge,20000,2000.0,37.734179,0.0188670895,5.2,7.5,0.6933333333333334,44.7915880238732,40.35654340142798,0.9009848764441792,0.9009848764441792,-9.901512355582076,False
Ge,20000,2000.0,37.734179,0.0188670895,5.4,7.5,0.7200000000000001,44.7915880238732,38.99141797253791,0.8705076040562818,0.8705076040562818,-12.94923959437182,False
Ge,20000,2000.0,37.734179,0.0188670895,5.6,7.5,0.7466666666666666,44.7915880238732,36.67354517605948,0.8187596554181794,0.8187596554181794,-18.12403445818206,False
Ge,20000,2000.0,37.734179,0.0188670895,5.8,7.5,0.7733333333333333,44.7915880238732,36.29507915242167,0.8103101665669226,0.8103101665669226,-18.968983343307745,False
Ge,20000,2000.0,37.734179,0.0188670895,6.0,7.5,0.8,44.7915880238732,36.56205865417259,0.8162706496292472,0.8162706496292472,-18.372935037075276,False
Ge,20000,2000.0,37.734179,0.0188670895,6.2,7.5,0.8266666666666667,44.7915880238732,37.415764926394445,0.8353301719611378,0.8353301719611378,-16.46698280388622,False
Ge,20000,2000.0,37.734179,0.0188670895,6.4,7.5,0.8533333333333334,44.7915880238732,39.25809516555794,0.8764613378885786,0.8764613378885786,-12.35386621114214,False
Ge,20000,2000.0,37.734179,0.0188670895,6.6,7.5,0.88,44.7915880238732,40.85419092544288,0.9120951662546156,0.9120951662546156,-8.790483374538438,False
Ge,20000,2000.0,37.734179,0.0188670895,6.8,7.5,0.9066666666666666,44.7915880238732,41.855758643102654,0.9344557871177552,0.9344557871177552,-6.554421288224477,False
Ge,20000,2000.0,37.734179,0.0188670895,7.0,7.5,0.9333333333333333,44.7915880238732,42.420390707890846,0.9470615483711239,0.9470615483711239,-5.293845162887612,False
Ge,20000,2000.0,37.734179,0.0188670895,7.2,7.5,0.9600000000000001,44.7915880238732,42.5451200816801,0.949846209047204,0.949846209047204,-5.015379095279604,False
Ge,20000,2000.0,37.734179,0.0188670895,7.4,7.5,0.9866666666666667,44.7915880238732,42.912770975925376,0.9580542434229739,0.9580542434229739,-4.1945756577026145,False
Ge,50000,5000.0,37.734179,0.007546835799999999,0.4,7.5,0.05333333333333334,49.98015975237194,47.22431613955337,0.9448612484139213,0.9448612484139213,-5.513875158607872,False
Ge,50000,5000.0,37.734179,0.007546835799999999,0.6,7.5,0.08,49.98015975237194,48.39909766051176,0.9683662057165564,0.9683662057165564,-3.1633794283443595,False
Ge,50000,5000.0,37.734179,0.007546835799999999,0.8,7.5,0.10666666666666667,49.98015975237194,48.5456451376282,0.9712983187358527,0.9712983187358527,-2.8701681264147294,False
Ge,50000,5000.0,37.734179,0.007546835799999999,1.0,7.5,0.13333333333333333,49.98015975237194,48.092989607731774,0.962241614392787,0.962241614392787,-3.7758385607213008,False
Ge,50000,5000.0,37.734179,0.007546835799999999,1.2,7.5,0.16,49.98015975237194,48.18612959876248,0.9641051536750176,0.9641051536750176,-3.589484632498241,False
Ge,50000,5000.0,37.734179,0.007546835799999999,1.4,7.5,0.18666666666666665,49.98015975237194,48.359499941282294,0.9675739369557991,0.9675739369557991,-3.2426063044200926,False
Ge,50000,5000.0,37.734179,0.007546835799999999,1.6,7.5,0.21333333333333335,49.98015975237194,48.21635605607227,0.9647099227965961,0.9647099227965961,-3.5290077203403936,False
Ge,50000,5000.0,37.734179,0.007546835799999999,1.8,7.5,0.24000000000000002,49.98015975237194,48.11533957856881,0.96268879125152,0.96268879125152,-3.731120874848004,False
Ge,50000,5000.0,37.734179,0.007546835799999999,2.0,7.5,0.26666666666666666,49.98015975237194,47.919921333832335,0.9587788748826112,0.9587788748826112,-4.122112511738885,False
Ge,50000,5000.0,37.734179,0.007546835799999999,2.2,7.5,0.29333333333333333,49.98015975237194,48.226126141215424,0.9649054020666016,0.9649054020666016,-3.509459793339842,False
Ge,50000,5000.0,37.734179,0.007546835799999999,2.4,7.5,0.32,49.98015975237194,48.88690694228565,0.9781262641915743,0.9781262641915743,-2.1873735808425665,False
Ge,50000,5000.0,37.734179,0.007546835799999999,2.6,7.5,0.3466666666666667,49.98015975237194,48.953094757893986,0.9794505459853154,0.9794505459853154,-2.0549454014684554,False
Ge,50000,5000.0,37.734179,0.007546835799999999,2.8,7.5,0.3733333333333333,49.98015975237194,49.43711477294748,0.989134789041992,0.989134789041992,-1.0865210958007965,False
Ge,50000,5000.0,37.734179,0.007546835799999999,3.0,7.5,0.4,49.98015975237194,49.43722879921216,0.9891370704725685,0.9891370704725685,-1.0862929527431509,False
Ge,50000,5000.0,37.734179,0.007546835799999999,3.2,7.5,0.4266666666666667,49.98015975237194,49.43317681870399,0.9890559986927214,0.9890559986927214,-1.0944001307278572,False
Ge,50000,5000.0,37.734179,0.007546835799999999,3.4,7.5,0.4533333333333333,49.98015975237194,48.510200377328744,0.9705891421250722,0.9705891421250722,-2.941085787492781,False
Ge,50000,5000.0,37.734179,0.007546835799999999,3.6,7.5,0.48000000000000004,49.98015975237194,47.5874929268185,0.9521276675103086,0.9521276675103086,-4.787233248969136,False
Ge,50000,5000.0,37.734179,0.007546835799999999,3.8,7.5,0.5066666666666666,49.98015975237194,47.600292808729726,0.9523837667699877,0.9523837667699877,-4.7616233230012295,False
Ge,50000,5000.0,37.734179,0.007546835799999999,4.0,7.5,0.5333333333333333,49.98015975237194,47.69272644220679,0.9542331732931968,0.9542331732931968,-4.576682670680321,False
Ge,50000,5000.0,37.734179,0.007546835799999999,4.2,7.5,0.56,49.98015975237194,47.593404255668965,0.9522459410188319,0.9522459410188319,-4.775405898116814,False
Ge,50000,5000.0,37.734179,0.007546835799999999,4.4,7.5,0.5866666666666667,49.98015975237194,47.35524533433427,0.9474808717890684,0.9474808717890684,-5.251912821093163,False
Ge,50000,5000.0,37.734179,0.007546835799999999,4.6,7.5,0.6133333333333333,49.98015975237194,46.98231114977999,0.9400192272804875,0.9400192272804875,-5.998077271951252,False
Ge,50000,5000.0,37.734179,0.007546835799999999,4.8,7.5,0.64,49.98015975237194,46.35544956647155,0.9274770188038791,0.9274770188038791,-7.252298119612089,False
Ge,50000,5000.0,37.734179,0.007546835799999999,5.0,7.5,0.6666666666666666,49.98015975237194,45.46222531388772,0.9096054422221048,0.9096054422221048,-9.039455777789518,False
Ge,50000,5000.0,37.734179,0.007546835799999999,5.2,7.5,0.6933333333333334,49.98015975237194,44.69871661828206,0.8943292066240498,0.8943292066240498,-10.56707933759502,False
Ge,50000,5000.0,37.734179,0.007546835799999999,5.4,7.5,0.7200000000000001,49.98015975237194,42.97042781319978,0.8597497092065718,0.8597497092065718,-14.025029079342822,False
Ge,50000,5000.0,37.734179,0.007546835799999999,5.6,7.5,0.7466666666666666,49.98015975237194,39.83243050035492,0.7969648496064394,0.7969648496064394,-20.303515039356057,False
Ge,50000,5000.0,37.734179,0.007546835799999999,5.8,7.5,0.7733333333333333,49.98015975237194,39.44598274146831,0.7892328263235754,0.7892328263235754,-21.076717367642463,False
Ge,50000,5000.0,37.734179,0.007546835799999999,6.0,7.5,0.8,49.98015975237194,39.85355719235235,0.7973875511764644,0.7973875511764644,-20.26124488235356,False
Ge,50000,5000.0,37.734179,0.007546835799999999,6.2,7.5,0.8266666666666667,49.98015975237194,40.7554094272364,0.8154317559039463,0.8154317559039463,-18.456824409605368,False
Ge,50000,5000.0,37.734179,0.007546835799999999,6.4,7.5,0.8533333333333334,49.98015975237194,42.575382441293115,0.8518456654047127,0.8518456654047127,-14.815433459528727,False
Ge,50000,5000.0,37.734179,0.007546835799999999,6.6,7.5,0.88,49.98015975237194,44.85094170544178,0.8973749169201737,0.8973749169201737,-10.262508307982632,False
Ge,50000,5000.0,37.734179,0.007546835799999999,6.8,7.5,0.9066666666666666,49.98015975237194,46.001356176648805,0.9203923397716969,0.9203923397716969,-7.960766022830312,False
Ge,50000,5000.0,37.734179,0.007546835799999999,7.0,7.5,0.9333333333333333,49.98015975237194,46.28994188572979,0.9261663451072298,0.9261663451072298,-7.383365489277017,False
Ge,50000,5000.0,37.734179,0.007546835799999999,7.2,7.5,0.9600000000000001,49.98015975237194,46.100435662524106,0.9223747161059502,0.9223747161059502,-7.762528389404977,False
Ge,50000,5000.0,37.734179,0.007546835799999999,7.4,7.5,0.9866666666666667,49.98015975237194,46.4623545589533,0.9296159673989098,0.9296159673989098,-7.038403260109016,False
Ge,100000,10000.0,37.734179,0.0037734178999999997,0.4,7.5,0.05333333333333334,52.51168623481974,48.83341125372036,0.9299532114689477,0.9299532114689477,-7.004678853105228,False
Ge,100000,10000.0,37.734179,0.0037734178999999997,0.6,7.5,0.08,52.51168623481974,50.40930502288928,0.959963555492598,0.959963555492598,-4.003644450740196,False
Ge,100000,10000.0,37.734179,0.0037734178999999997,0.8,7.5,0.10666666666666667,52.51168623481974,50.74670972506716,0.9663888814794478,0.9663888814794478,-3.361111852055221,False
Ge,100000,10000.0,37.734179,0.0037734178999999997,1.0,7.5,0.13333333333333333,52.51168623481974,50.44226532200449,0.9605912309964434,0.9605912309964434,-3.940876900355661,False
Ge,100000,10000.0,37.734179,0.0037734178999999997,1.2,7.5,0.16,52.51168623481974,50.56303349958392,0.9628910653045513,0.9628910653045513,-3.7108934695448736,False
Ge,100000,10000.0,37.734179,0.0037734178999999997,1.4,7.5,0.18666666666666665,52.51168623481974,50.82550838078283,0.9678894742306174,0.9678894742306174,-3.211052576938256,False
Ge,100000,10000.0,37.734179,0.0037734178999999997,1.6,7.5,0.21333333333333335,52.51168623481974,50.62406245207949,0.9640532628432603,0.9640532628432603,-3.5946737156739683,False
Ge,100000,10000.0,37.734179,0.0037734178999999997,1.8,7.5,0.24000000000000002,52.51168623481974,50.549595725738,0.9626351646696749,0.9626351646696749,-3.7364835330325086,False
Ge,100000,10000.0,37.734179,0.0037734178999999997,2.0,7.5,0.26666666666666666,52.51168623481974,50.09747876419268,0.9540253295270066,0.9540253295270066,-4.597467047299341,False
Ge,100000,10000.0,37.734179,0.0037734178999999997,2.2,7.5,0.29333333333333333,52.51168623481974,50.67033822989394,0.964934510069021,0.964934510069021,-3.506548993097902,False
Ge,100000,10000.0,37.734179,0.0037734178999999997,2.4,7.5,0.32,52.51168623481974,51.55094558878751,0.9817042507121934,0.9817042507121934,-1.829574928780664,False
Ge,100000,10000.0,37.734179,0.0037734178999999997,2.6,7.5,0.3466666666666667,52.51168623481974,51.594828421423,0.9825399281733828,0.9825399281733828,-1.746007182661724,False
Ge,100000,10000.0,37.734179,0.0037734178999999997,2.8,7.5,0.3733333333333333,52.51168623481974,52.32580720806481,0.9964602350432297,0.9964602350432297,-0.35397649567703304,False
Ge,100000,10000.0,37.734179,0.0037734178999999997,3.0,7.5,0.4,52.51168623481974,52.34132770886264,0.9967557978390696,0.9967557978390696,-0.3244202160930354,False
Ge,100000,10000.0,37.734179,0.0037734178999999997,3.2,7.5,0.4266666666666667,52.51168623481974,51.95877680408431,0.9894707355565968,0.9894707355565968,-1.0529264443403186,False
Ge,100000,10000.0,37.734179,0.0037734178999999997,3.4,7.5,0.4533333333333333,52.51168623481974,51.24376856548745,0.9758545619033739,0.9758545619033739,-2.414543809662606,False
Ge,100000,10000.0,37.734179,0.0037734178999999997,3.6,7.5,0.48000000000000004,52.51168623481974,50.067710413838384,0.9534584395166348,0.9534584395166348,-4.654156048336522,False
Ge,100000,10000.0,37.734179,0.0037734178999999997,3.8,7.5,0.5066666666666666,52.51168623481974,50.345335212119274,0.9587453540719858,0.9587453540719858,-4.1254645928014195,False
Ge,100000,10000.0,37.734179,0.0037734178999999997,4.0,7.5,0.5333333333333333,52.51168623481974,50.26708285838261,0.9572551647570448,0.9572551647570448,-4.274483524295524,False
Ge,100000,10000.0,37.734179,0.0037734178999999997,4.2,7.5,0.56,52.51168623481974,50.22239833975007,0.9564042204847027,0.9564042204847027,-4.359577951529725,False
Ge,100000,10000.0,37.734179,0.0037734178999999997,4.4,7.5,0.5866666666666667,52.51168623481974,49.888200811578216,0.9500399699314563,0.9500399699314563,-4.996003006854366,False
Ge,100000,10000.0,37.734179,0.0037734178999999997,4.6,7.5,0.6133333333333333,52.51168623481974,49.442999598614826,0.9415618340176226,0.9415618340176226,-5.843816598237739,False
Ge,100000,10000.0,37.734179,0.0037734178999999997,4.8,7.5,0.64,52.51168623481974,48.916341306389,0.9315324799825849,0.9315324799825849,-6.846752001741507,False
Ge,100000,10000.0,37.734179,0.0037734178999999997,5.0,7.5,0.6666666666666666,52.51168623481974,47.84414216689988,0.9111141842399096,0.9111141842399096,-8.888581576009036,False
Ge,100000,10000.0,37.734179,0.0037734178999999997,5.2,7.5,0.6933333333333334,52.51168623481974,46.98622066761925,0.8947764590439559,0.8947764590439559,-10.522354095604413,False
Ge,100000,10000.0,37.734179,0.0037734178999999997,5.4,7.5,0.7200000000000001,52.51168623481974,45.190736940825985,0.860584379993889,0.860584379993889,-13.941562000611096,False
Ge,100000,10000.0,37.734179,0.0037734178999999997,5.6,7.5,0.7466666666666666,52.51168623481974,41.211175918346065,0.7848000868617989,0.7848000868617989,-21.519991313820107,False
Ge,100000,10000.0,37.734179,0.0037734178999999997,5.8,7.5,0.7733333333333333,52.51168623481974,40.88934865373019,0.7786714079392303,0.7786714079392303,-22.132859206076972,False
Ge,100000,10000.0,37.734179,0.0037734178999999997,6.0,7.5,0.8,52.51168623481974,41.38894118296841,0.7881853383623396,0.7881853383623396,-21.18146616376604,False
Ge,100000,10000.0,37.734179,0.0037734178999999997,6.2,7.5,0.8266666666666667,52.51168623481974,42.14850877395029,0.8026500726994789,0.8026500726994789,-19.734992730052113,False
Ge,100000,10000.0,37.734179,0.0037734178999999997,6.4,7.5,0.8533333333333334,52.51168623481974,44.11296320801396,0.840059925151733,0.840059925151733,-15.9940074848267,False
Ge,100000,10000.0,37.734179,0.0037734178999999997,6.6,7.5,0.88,52.51168623481974,47.07490170800856,0.8964652458026356,0.8964652458026356,-10.353475419736435,False
Ge,100000,10000.0,37.734179,0.0037734178999999997,6.8,7.5,0.9066666666666666,52.51168623481974,48.120404821866366,0.9163751589823909,0.9163751589823909,-8.362484101760915,False
Ge,100000,10000.0,37.734179,0.0037734178999999997,7.0,7.5,0.9333333333333333,52.51168623481974,48.317028002849845,0.920119528951853,0.920119528951853,-7.988047104814699,False
Ge,100000,10000.0,37.734179,0.0037734178999999997,7.2,7.5,0.9600000000000001,52.51168623481974,47.70979179428924,0.9085556990294013,0.9085556990294013,-9.144430097059875,False
Ge,100000,10000.0,37.734179,0.0037734178999999997,7.4,7.5,0.9866666666666667,52.51168623481974,48.111683112303346,0.9162090681521704,0.9162090681521704,-8.37909318478296,False
Ge,200000,20000.0,37.734179,0.0018867089499999999,0.4,7.5,0.05333333333333334,54.27861309004362,50.01921211114654,0.9215270852291104,0.9215270852291104,-7.847291477088958,False
Ge,200000,20000.0,37.734179,0.0018867089499999999,0.6,7.5,0.08,54.27861309004362,51.8715489032863,0.9556535429016176,0.9556535429016176,-4.434645709838236,False
Ge,200000,20000.0,37.734179,0.0018867089499999999,0.8,7.5,0.10666666666666667,54.27861309004362,52.219849911544195,0.9620704535120654,0.9620704535120654,-3.7929546487934562,False
Ge,200000,20000.0,37.734179,0.0018867089499999999,1.0,7.5,0.13333333333333333,54.27861309004362,51.955298707604626,0.9571965042919426,0.9571965042919426,-4.2803495708057415,False
Ge,200000,20000.0,37.734179,0.0018867089499999999,1.2,7.5,0.16,54.27861309004362,52.359401299647786,0.964641473296084,0.964641473296084,-3.535852670391604,False
Ge,200000,20000.0,37.734179,0.0018867089499999999,1.4,7.5,0.18666666666666665,54.27861309004362,52.36824904937426,0.9648044794825501,0.9648044794825501,-3.5195520517449896,False
Ge,200000,20000.0,37.734179,0.0018867089499999999,1.6,7.5,0.21333333333333335,54.27861309004362,52.23386136129697,0.9623285929330105,0.9623285929330105,-3.767140706698946,False
Ge,200000,20000.0,37.734179,0.0018867089499999999,1.8,7.5,0.24000000000000002,54.27861309004362,51.89068435819176,0.9560060842400213,0.9560060842400213,-4.399391575997869,False
Ge,200000,20000.0,37.734179,0.0018867089499999999,2.0,7.5,0.26666666666666666,54.27861309004362,51.670178499496025,0.9519436027921269,0.9519436027921269,-4.805639720787314,False
Ge,200000,20000.0,37.734179,0.0018867089499999999,2.2,7.5,0.29333333333333333,54.27861309004362,52.207584549454864,0.9618444830719404,0.9618444830719404,-3.815551692805963,False
Ge,200000,20000.0,37.734179,0.0018867089499999999,2.4,7.5,0.32,54.27861309004362,53.24146971057759,0.9808922277040223,0.9808922277040223,-1.910777229597771,False
Ge,200000,20000.0,37.734179,0.0018867089499999999,2.6,7.5,0.3466666666666667,54.27861309004362,53.24587404010245,0.980973370704444,0.980973370704444,-1.9026629295555986,False
Ge,200000,20000.0,37.734179,0.0018867089499999999,2.8,7.5,0.3733333333333333,54.27861309004362,54.2850857862635,1.0001192494769375,1.0001192494769375,0.011924947693753296,False
Ge,200000,20000.0,37.734179,0.0018867089499999999,3.0,7.5,0.4,54.27861309004362,54.43702065531968,1.0029184158595443,1.0029184158595443,0.2918415859544332,False
Ge,200000,20000.0,37.734179,0.0018867089499999999,3.2,7.5,0.4266666666666667,54.27861309004362,53.90990157627298,0.9932070572039308,0.9932070572039308,-0.6792942796069235,False
Ge,200000,20000.0,37.734179,0.0018867089499999999,3.4,7.5,0.4533333333333333,54.27861309004362,52.979800444006734,0.9760713737493206,0.9760713737493206,-2.3928626250679375,False
Ge,200000,20000.0,37.734179,0.0018867089499999999,3.6,7.5,0.48000000000000004,54.27861309004362,51.93949094609434,0.9569052705884566,0.9569052705884566,-4.309472941154335,False
Ge,200000,20000.0,37.734179,0.0018867089499999999,3.8,7.5,0.5066666666666666,54.27861309004362,51.91839435966462,0.9565165984166987,0.9565165984166987,-4.348340158330133,False
Ge,200000,20000.0,37.734179,0.0018867089499999999,4.0,7.5,0.5333333333333333,54.27861309004362,51.82540766239149,0.9548034614741819,0.9548034614741819,-4.519653852581806,False
Ge,200000,20000.0,37.734179,0.0018867089499999999,4.2,7.5,0.56,54.27861309004362,51.92669646367913,0.9566695519197799,0.9566695519197799,-4.333044808022013,False
Ge,200000,20000.0,37.734179,0.0018867089499999999,4.4,7.5,0.5866666666666667,54.27861309004362,51.563269443651734,0.9499739677967202,0.9499739677967202,-5.002603220327984,False
Ge,200000,20000.0,37.734179,0.0018867089499999999,4.6,7.5,0.6133333333333333,54.27861309004362,51.17275990819979,0.9427794299627463,0.9427794299627463,-5.722057003725367,False
Ge,200000,20000.0,37.734179,0.0018867089499999999,4.8,7.5,0.64,54.27861309004362,50.57666592306686,0.9317973147022836,0.9317973147022836,-6.820268529771645,False
Ge,200000,20000.0,37.734179,0.0018867089499999999,5.0,7.5,0.6666666666666666,54.27861309004362,49.49086049494423,0.9117930189712674,0.9117930189712674,-8.820698102873259,False
Ge,200000,20000.0,37.734179,0.0018867089499999999,5.2,7.5,0.6933333333333334,54.27861309004362,48.78337068555248,0.8987586069051727,0.8987586069051727,-10.124139309482727,False
Ge,200000,20000.0,37.734179,0.0018867089499999999,5.4,7.5,0.7200000000000001,54.27861309004362,46.5647239976107,0.8578834525554986,0.8578834525554986,-14.211654744450142,False
Ge,200000,20000.0,37.734179,0.0018867089499999999,5.6,7.5,0.7466666666666666,54.27861309004362,42.11026907406408,0.7758169687240665,0.7758169687240665,-22.418303127593354,False
Ge,200000,20000.0,37.734179,0.0018867089499999999,5.8,7.5,0.7733333333333333,54.27861309004362,41.77982052784102,0.7697289622808128,0.7697289622808128,-23.02710377191872,False
Ge,200000,20000.0,37.734179,0.0018867089499999999,6.0,7.5,0.8,54.27861309004362,42.31323705826567,0.7795563417965672,0.7795563417965672,-22.04436582034328,False
Ge,200000,20000.0,37.734179,0.0018867089499999999,6.2,7.5,0.8266666666666667,54.27861309004362,42.95898366926695,0.7914532303543135,0.7914532303543135,-20.854676964568654,False
Ge,200000,20000.0,37.734179,0.0018867089499999999,6.4,7.5,0.8533333333333334,54.27861309004362,45.205058161939,0.8328336998395232,0.8328336998395232,-16.716630016047684,False
Ge,200000,20000.0,37.734179,0.0018867089499999999,6.6,7.5,0.88,54.27861309004362,48.40978519926565,0.8918758686585805,0.8918758686585805,-10.812413134141952,False
Ge,200000,20000.0,37.734179,0.0018867089499999999,6.8,7.5,0.9066666666666666,54.27861309004362,49.47231330361461,0.9114513154848712,0.9114513154848712,-8.854868451512877,False
Ge,200000,20000.0,37.734179,0.0018867089499999999,7.0,7.5,0.9333333333333333,54.27861309004362,49.54785044205663,0.9128429711323122,0.9128429711323122,-8.715702886768783,False
Ge,200000,20000.0,37.734179,0.0018867089499999999,7.2,7.5,0.9600000000000001,54.27861309004362,48.64396754202069,0.8961903182994833,0.8961903182994833,-10.380968170051673,False
Ge,200000,20000.0,37.734179,0.0018867089499999999,7.4,7.5,0.9866666666666667,54.27861309004362,48.951121139565565,0.901849151126242,0.901849151126242,-9.815084887375802,False
Si,10,1.0,51.533727,51.533727,0.8,13.0,0.06153846153846154,1.692047305975446,1.778290416167445,1.050969680272787,1.050969680272787,5.096968027278703,False
Si,10,1.0,51.533727,51.533727,1.2,13.0,0.0923076923076923,1.692047305975446,1.729315717253036,1.0220256319938439,1.0220256319938439,2.2025631993843886,False
Si,10,1.0,51.533727,51.533727,1.6,13.0,0.12307692307692308,1.692047305975446,1.7580892522453069,1.0390307918913582,1.0390307918913582,3.9030791891358163,False
Si,10,1.0,51.533727,51.533727,2.0,13.0,0.15384615384615385,1.692047305975446,1.7248129910744898,1.0193645207101079,1.0193645207101079,1.9364520710107858,False
Si,10,1.0,51.533727,51.533727,2.4,13.0,0.1846153846153846,1.692047305975446,1.7731618254036043,1.0479386830035444,1.0479386830035444,4.7938683003544424,False
Si,10,1.0,51.533727,51.533727,2.8,13.0,0.21538461538461537,1.692047305975446,1.7551206600203055,1.0372763538124004,1.0372763538124004,3.7276353812400354,False
Si,10,1.0,51.533727,51.533727,3.2,13.0,0.24615384615384617,1.692047305975446,1.7590674692950476,1.0396089181921337,1.0396089181921337,3.9608918192133746,False
Si,10,1.0,51.533727,51.533727,3.6,13.0,0.27692307692307694,1.692047305975446,1.759749190307153,1.0400118153272775,1.0400118153272775,4.001181532727749,False
Si,10,1.0,51.533727,51.533727,4.0,13.0,0.3076923076923077,1.692047305975446,1.7507624642380484,1.0347006599964732,1.0347006599964732,3.4700659996473204,False
Si,10,1.0,51.533727,51.533727,4.4,13.0,0.3384615384615385,1.692047305975446,1.75158172370287,1.0351848423606,1.0351848423606,3.5184842360600044,False
Si,10,1.0,51.533727,51.533727,4.8,13.0,0.3692307692307692,1.692047305975446,1.749339187742984,1.0338595035524198,1.0338595035524198,3.3859503552419845,False
Si,10,1.0,51.533727,51.533727,5.2,13.0,0.4,1.692047305975446,1.756069715210667,1.037837245453556,1.037837245453556,3.7837245453556045,False
Si,10,1.0,51.533727,51.533727,5.6,13.0,0.43076923076923074,1.692047305975446,1.7640598184958205,1.0425593966942077,1.0425593966942077,4.255939669420772,False
Si,10,1.0,51.533727,51.533727,6.0,13.0,0.46153846153846156,1.692047305975446,1.7577011232299848,1.03880140763363,1.03880140763363,3.8801407633630047,False
Si,10,1.0,51.533727,51.533727,6.4,13.0,0.49230769230769234,1.692047305975446,1.7447625167042058,1.031154690854444,1.031154690854444,3.1154690854444,False
Si,10,1.0,51.533727,51.533727,6.8,13.0,0.5230769230769231,1.692047305975446,1.7633462741451067,1.0421376919651533,1.0421376919651533,4.213769196515327,False
Si,10,1.0,51.533727,51.533727,7.2,13.0,0.5538461538461539,1.692047305975446,1.758976790219306,1.0395553268561106,1.0395553268561106,3.955532685611063,False
Si,10,1.0,51.533727,51.533727,7.6,13.0,0.5846153846153845,1.692047305975446,1.7451199208047092,1.0313659166867486,1.0313659166867486,3.1365916686748596,False
Si,10,1.0,51.533727,51.533727,8.0,13.0,0.6153846153846154,1.692047305975446,1.7525595001582224,1.035762708270081,1.035762708270081,3.57627082700811,False
Si,10,1.0,51.533727,51.533727,8.4,13.0,0.6461538461538462,1.692047305975446,1.7512815740784684,1.0350074539250984,1.0350074539250984,3.500745392509841,False
Si,10,1.0,51.533727,51.533727,8.8,13.0,0.676923076923077,1.692047305975446,1.7450028806210771,1.0312967459353053,1.0312967459353053,3.1296745935305292,False
Si,10,1.0,51.533727,51.533727,9.2,13.0,0.7076923076923076,1.692047305975446,1.738018112449751,1.02716874777198,1.02716874777198,2.7168747771979973,False
Si,10,1.0,51.533727,51.533727,9.6,13.0,0.7384615384615384,1.692047305975446,1.7256314488874676,1.0198482292979751,1.0198482292979751,1.984822929797514,False
Si,10,1.0,51.533727,51.533727,10.0,13.0,0.7692307692307693,1.692047305975446,1.6951955036683597,1.0018605849149702,1.0018605849149702,0.18605849149702092,False
Si,10,1.0,51.533727,51.533727,10.4,13.0,0.8,1.692047305975446,1.7150881401716946,1.0136171335841972,1.0136171335841972,1.361713358419725,False
Si,10,1.0,51.533727,51.533727,10.8,13.0,0.8307692307692308,1.692047305975446,1.7324587899277002,1.0238831880229007,1.0238831880229007,2.388318802290068,False
Si,10,1.0,51.533727,51.533727,11.2,13.0,0.8615384615384615,1.692047305975446,1.7231777043128305,1.0183980661932133,1.0183980661932133,1.839806619321327,False
Si,10,1.0,51.533727,51.533727,11.6,13.0,0.8923076923076922,1.692047305975446,1.7495823764988083,1.0340032281131726,1.0340032281131726,3.400322811317258,False
Si,10,1.0,51.533727,51.533727,12.0,13.0,0.9230769230769231,1.692047305975446,1.761021704096959,1.0407638710087659,1.0407638710087659,4.076387100876588,False
Si,10,1.0,51.533727,51.533727,12.4,13.0,0.9538461538461539,1.692047305975446,1.7667458799197826,1.0441468590627103,1.0441468590627103,4.414685906271032,False
Si,10,1.0,51.533727,51.533727,12.8,13.0,0.9846153846153847,1.692047305975446,1.7657691516795813,1.0435696126484098,1.0435696126484098,4.356961264840975,False
Si,10,1.0,51.533727,51.533727,13.2,13.0,1.0153846153846153,1.692047305975446,1.7540232528333428,1.0366277861375564,1.0366277861375564,3.662778613755635,False
Si,20,2.0,51.533727,25.7668635,0.8,13.0,0.06153846153846154,3.115244734480536,3.3117873148094645,1.0630905746035075,1.0630905746035075,6.309057460350753,False
Si,20,2.0,51.533727,25.7668635,1.2,13.0,0.0923076923076923,3.115244734480536,3.226069960369359,1.035575126622372,1.035575126622372,3.5575126622372055,False
Si,20,2.0,51.533727,25.7668635,1.6,13.0,0.12307692307692308,3.115244734480536,3.2745516879974876,1.05113786141862,1.05113786141862,5.113786141861998,False
Si,20,2.0,51.533727,25.7668635,2.0,13.0,0.15384615384615385,3.115244734480536,3.213186990317713,1.0314396666024728,1.0314396666024728,3.143966660247277,False
Si,20,2.0,51.533727,25.7668635,2.4,13.0,0.1846153846153846,3.115244734480536,3.3000569982451267,1.0593251187359467,1.0593251187359467,5.93251187359467,False
Si,20,2.0,51.533727,25.7668635,2.8,13.0,0.21538461538461537,3.115244734480536,3.262814881469637,1.0473703222593547,1.0473703222593547,4.737032225935467,False
Si,20,2.0,51.533727,25.7668635,3.2,13.0,0.24615384615384617,3.115244734480536,3.264341859008313,1.0478604852060327,1.0478604852060327,4.78604852060327,False
Si,20,2.0,51.533727,25.7668635,3.6,13.0,0.27692307692307694,3.115244734480536,3.265717102636465,1.0483019412537489,1.0483019412537489,4.830194125374887,False
Si,20,2.0,51.533727,25.7668635,4.0,13.0,0.3076923076923077,3.115244734480536,3.2444458279510497,1.041473818105035,1.041473818105035,4.147381810503492,False
Si,20,2.0,51.533727,25.7668635,4.4,13.0,0.3384615384615385,3.115244734480536,3.244411838477628,1.0414629074137993,1.0414629074137993,4.146290741379932,False
Si,20,2.0,51.533727,25.7668635,4.8,13.0,0.3692307692307692,3.115244734480536,3.2407801331319375,1.0402971224899074,1.0402971224899074,4.0297122489907355,False
Si,20,2.0,51.533727,25.7668635,5.2,13.0,0.4,3.115244734480536,3.2555803712555305,1.045048029524523,1.045048029524523,4.5048029524523026,False
Si,20,2.0,51.533727,25.7668635,5.6,13.0,0.43076923076923074,3.115244734480536,3.2735161088489866,1.0508054383710699,1.0508054383710699,5.080543837106988,False
Si,20,2.0,51.533727,25.7668635,6.0,13.0,0.46153846153846156,3.115244734480536,3.2588959377180053,1.04611233321334,1.04611233321334,4.611233321333996,False
Si,20,2.0,51.533727,25.7668635,6.4,13.0,0.49230769230769234,3.115244734480536,3.2331790813791645,1.0378571691634024,1.0378571691634024,3.7857169163402427,False
Si,20,2.0,51.533727,25.7668635,6.8,13.0,0.5230769230769231,3.115244734480536,3.276044123472434,1.051616936291431,1.051616936291431,5.161693629143094,False
Si,20,2.0,51.533727,25.7668635,7.2,13.0,0.5538461538461539,3.115244734480536,3.2625198619118954,1.0472756203714175,1.0472756203714175,4.727562037141753,False
Si,20,2.0,51.533727,25.7668635,7.6,13.0,0.5846153846153845,3.115244734480536,3.230422873048674,1.036972420591329,1.036972420591329,3.6972420591329103,False
Si,20,2.0,51.533727,25.7668635,8.0,13.0,0.6153846153846154,3.115244734480536,3.2381293977451944,1.0394462309508241,1.0394462309508241,3.9446230950824113,False
Si,20,2.0,51.533727,25.7668635,8.4,13.0,0.6461538461538462,3.115244734480536,3.2304180560918287,1.0369708743382235,1.0369708743382235,3.6970874338223547,False
Si,20,2.0,51.533727,25.7668635,8.8,13.0,0.676923076923077,3.115244734480536,3.2130181728070455,1.0313854758325474,1.0313854758325474,3.138547583254736,False
Si,20,2.0,51.533727,25.7668635,9.2,13.0,0.7076923076923076,3.115244734480536,3.196359846949103,1.0260381187939294,1.0260381187939294,2.6038118793929366,False
Si,20,2.0,51.533727,25.7668635,9.6,13.0,0.7384615384615384,3.115244734480536,3.168118093110638,1.016972457426822,1.016972457426822,1.6972457426821963,False
Si,20,2.0,51.533727,25.7668635,10.0,13.0,0.7692307692307693,3.115244734480536,3.1182507972389235,1.000964952359959,1.000964952359959,0.09649523599590815,False
Si,20,2.0,51.533727,25.7668635,10.4,13.0,0.8,3.115244734480536,3.1485239233067173,1.0106826884121933,1.0106826884121933,1.068268841219333,False
Si,20,2.0,51.533727,25.7668635,10.8,13.0,0.8307692307692308,3.115244734480536,3.1802468492400133,1.020865813218465,1.020865813218465,2.0865813218464924,False
Si,20,2.0,51.533727,25.7668635,11.2,13.0,0.8615384615384615,3.115244734480536,3.171553370769927,1.0180751886572983,1.0180751886572983,1.8075188657298291,False
Si,20,2.0,51.533727,25.7668635,11.6,13.0,0.8923076923076922,3.115244734480536,3.231058377586914,1.0371764188619004,1.0371764188619004,3.7176418861900373,False
Si,20,2.0,51.533727,25.7668635,12.0,13.0,0.9230769230769231,3.115244734480536,3.261659223950969,1.0469993538067395,1.0469993538067395,4.6999353806739474,False
Si,20,2.0,51.533727,25.7668635,12.4,13.0,0.9538461538461539,3.115244734480536,3.2720090607924552,1.050321672829361,1.050321672829361,5.032167282936095,False
Si,20,2.0,51.533727,25.7668635,12.8,13.0,0.9846153846153847,3.115244734480536,3.275058034573114,1.0513003997161805,1.0513003997161805,5.13003997161805,False
Si,20,2.0,51.533727,25.7668635,13.2,13.0,1.0153846153846153,3.115244734480536,3.2511700060476816,1.0436322931751334,1.0436322931751334,4.36322931751334,False
Si,50,5.0,51.533727,10.3067454,0.8,13.0,0.06153846153846154,6.6484045502235185,7.121855014446463,1.0712126436720864,1.0712126436720864,7.121264367208635,False
Si,50,5.0,51.533727,10.3067454,1.2,13.0,0.0923076923076923,6.6484045502235185,6.950319846609883,1.0454116914976563,1.0454116914976563,4.541169149765634,False
Si,50,5.0,51.533727,10.3067454,1.6,13.0,0.12307692307692308,6.6484045502235185,7.023153353158526,1.056366726799501,1.056366726799501,5.636672679950094,False
Si,50,5.0,51.533727,10.3067454,2.0,13.0,0.15384615384615385,6.6484045502235185,6.7527006558553895,1.0156873885823277,1.0156873885823277,1.5687388582327655,False
Si,50,5.0,51.533727,10.3067454,2.4,13.0,0.1846153846153846,6.6484045502235185,7.055539595767853,1.0612380071743148,1.0612380071743148,6.123800717431482,False
Si,50,5.0,51.533727,10.3067454,2.8,13.0,0.21538461538461537,6.6484045502235185,6.993303407239299,1.0518769359491196,1.0518769359491196,5.187693594911957,False
Si,50,5.0,51.533727,10.3067454,3.2,13.0,0.24615384615384617,6.6484045502235185,6.961178233468117,1.0470449234672525,1.0470449234672525,4.704492346725253,False
Si,50,5.0,51.533727,10.3067454,3.6,13.0,0.27692307692307694,6.6484045502235185,6.969840401811827,1.0483478177599017,1.0483478177599017,4.834781775990171,False
Si,50,5.0,51.533727,10.3067454,4.0,13.0,0.3076923076923077,6.6484045502235185,6.866832076992622,1.0328541268990257,1.0328541268990257,3.285412689902567,False
Si,50,5.0,51.533727,10.3067454,4.4,13.0,0.3384615384615385,6.6484045502235185,6.8802811901714085,1.034877035264061,1.034877035264061,3.487703526406105,False
Si,50,5.0,51.533727,10.3067454,4.8,13.0,0.3692307692307692,6.6484045502235185,6.8628677152456135,1.0322578392157085,1.0322578392157085,3.225783921570846,False
Si,50,5.0,51.533727,10.3067454,5.2,13.0,0.4,6.6484045502235185,6.9161173431558325,1.040267223648915,1.040267223648915,4.0267223648915,False
Si,50,5.0,51.533727,10.3067454,5.6,13.0,0.43076923076923074,6.6484045502235185,6.963025742238405,1.0473228110049815,1.0473228110049815,4.732281100498148,False
Si,50,5.0,51.533727,10.3067454,6.0,13.0,0.46153846153846156,6.6484045502235185,6.916381890681745,1.0403070147783375,1.0403070147783375,4.0307014778337535,False
Si,50,5.0,51.533727,10.3067454,6.4,13.0,0.49230769230769234,6.6484045502235185,6.8903771590630845,1.036395590402427,1.036395590402427,3.6395590402426903,False
Si,50,5.0,51.533727,10.3067454,6.8,13.0,0.5230769230769231,6.6484045502235185,6.939318672095678,1.043756982547396,1.043756982547396,4.375698254739602,False
Si,50,5.0,51.533727,10.3067454,7.2,13.0,0.5538461538461539,6.6484045502235185,6.8822777467241085,1.0351773413807568,1.0351773413807568,3.517734138075679,False
Si,50,5.0,51.533727,10.3067454,7.6,13.0,0.5846153846153845,6.6484045502235185,6.839597445258363,1.0287577107545924,1.0287577107545924,2.8757710754592436,False
Si,50,5.0,51.533727,10.3067454,8.0,13.0,0.6153846153846154,6.6484045502235185,6.82085587629316,1.0259387533906676,1.0259387533906676,2.5938753390667646,False
Si,50,5.0,51.533727,10.3067454,8.4,13.0,0.6461538461538462,6.6484045502235185,6.801872348877625,1.0230834025659505,1.0230834025659505,2.308340256595054,False
Si,50,5.0,51.533727,10.3067454,8.8,13.0,0.676923076923077,6.6484045502235185,6.747436738550335,1.0148956321142473,1.0148956321142473,1.489563211424727,False
Si,50,5.0,51.533727,10.3067454,9.2,13.0,0.7076923076923076,6.6484045502235185,6.701364245711899,1.0079657751101503,1.0079657751101503,0.7965775110150286,False
Si,50,5.0,51.533727,10.3067454,9.6,13.0,0.7384615384615384,6.6484045502235185,6.64238277429105,0.9990942524801284,0.9990942524801284,-0.09057475198716025,False
Si,50,5.0,51.533727,10.3067454,10.0,13.0,0.7692307692307693,6.6484045502235185,6.594471718482345,0.9918878534942102,0.9918878534942102,-0.8112146505789841,False
Si,50,5.0,51.533727,10.3067454,10.4,13.0,0.8,6.6484045502235185,6.619037292564601,0.9955828112689186,0.9955828112689186,-0.4417188731081434,False
Si,50,5.0,51.533727,10.3067454,10.8,13.0,0.8307692307692308,6.6484045502235185,6.666186450127815,1.002674611595905,1.002674611595905,0.26746115959050965,False
Si,50,5.0,51.533727,10.3067454,11.2,13.0,0.8615384615384615,6.6484045502235185,6.705802989860251,1.0086334156116903,1.0086334156116903,0.8633415611690287,False
Si,50,5.0,51.533727,10.3067454,11.6,13.0,0.8923076923076922,6.6484045502235185,6.808842793043184,1.024131841197039,1.024131841197039,2.413184119703904,False
Si,50,5.0,51.533727,10.3067454,12.0,13.0,0.9230769230769231,6.6484045502235185,6.89924952265597,1.0377301005884214,1.0377301005884214,3.773010058842141,False
Si,50,5.0,51.533727,10.3067454,12.4,13.0,0.9538461538461539,6.6484045502235185,6.930372508664617,1.0424113719782018,1.0424113719782018,4.241137197820177,False
Si,50,5.0,51.533727,10.3067454,12.8,13.0,0.9846153846153847,6.6484045502235185,6.916827869693094,1.0403740953851177,1.0403740953851177,4.037409538511771,False
Si,50,5.0,51.533727,10.3067454,13.2,13.0,1.0153846153846153,6.6484045502235185,6.90186148323576,1.0381229708718192,1.0381229708718192,3.812297087181915,False
Si,100,10.0,51.533727,5.1533727,0.8,13.0,0.06153846153846154,11.405665472072108,12.267451197136394,1.0755576890427352,1.0755576890427352,7.555768904273519,False
Si,100,10.0,51.533727,5.1533727,1.2,13.0,0.0923076923076923,11.405665472072108,11.987908294739857,1.0510485621460166,1.0510485621460166,5.104856214601661,False
Si,100,10.0,51.533727,5.1533727,1.6,13.0,0.12307692307692308,11.405665472072108,12.07087869105435,1.0583230518737448,1.0583230518737448,5.832305187374476,False
Si,100,10.0,51.533727,5.1533727,2.0,13.0,0.15384615384615385,11.405665472072108,11.648833197246429,1.0213199068278602,1.0213199068278602,2.1319906827860224,False
Si,100,10.0,51.533727,5.1533727,2.4,13.0,0.1846153846153846,11.405665472072108,12.092675192317332,1.0602340759447517,1.0602340759447517,6.023407594475172,False
Si,100,10.0,51.533727,5.1533727,2.8,13.0,0.21538461538461537,11.405665472072108,11.961191539896328,1.0487061512705664,1.0487061512705664,4.870615127056643,False
Si,100,10.0,51.533727,5.1533727,3.2,13.0,0.24615384615384617,11.405665472072108,11.84164218573587,1.0382245748598617,1.0382245748598617,3.822457485986175,False
Si,100,10.0,51.533727,5.1533727,3.6,13.0,0.27692307692307694,11.405665472072108,11.86992806033734,1.0407045594491635,1.0407045594491635,4.070455944916351,False
Si,100,10.0,51.533727,5.1533727,4.0,13.0,0.3076923076923077,11.405665472072108,11.70774800653517,1.0264853055003884,1.0264853055003884,2.648530550038841,False
Si,100,10.0,51.533727,5.1533727,4.4,13.0,0.3384615384615385,11.405665472072108,11.694350456646216,1.0253106655881659,1.0253106655881659,2.531066558816586,False
Si,100,10.0,51.533727,5.1533727,4.8,13.0,0.3692307692307692,11.405665472072108,11.695955429626428,1.025451382759307,1.025451382759307,2.545138275930703,False
Si,100,10.0,51.533727,5.1533727,5.2,13.0,0.4,11.405665472072108,11.775805965442272,1.03245233645301,1.03245233645301,3.2452336453010044,False
Si,100,10.0,51.533727,5.1533727,5.6,13.0,0.43076923076923074,11.405665472072108,11.848950773177936,1.0388653605693816,1.0388653605693816,3.8865360569381613,False
Si,100,10.0,51.533727,5.1533727,6.0,13.0,0.46153846153846156,11.405665472072108,11.777741841765677,1.032622065814979,1.032622065814979,3.262206581497895,False
Si,100,10.0,51.533727,5.1533727,6.4,13.0,0.49230769230769234,11.405665472072108,11.69694242196412,1.0255379180290034,1.0255379180290034,2.5537918029003404,False
Si,100,10.0,51.533727,5.1533727,6.8,13.0,0.5230769230769231,11.405665472072108,11.838757544043142,1.0379716618053987,1.0379716618053987,3.797166180539868,False
Si,100,10.0,51.533727,5.1533727,7.2,13.0,0.5538461538461539,11.405665472072108,11.689078862068888,1.02484847470678,1.02484847470678,2.484847470678009,False
Si,100,10.0,51.533727,5.1533727,7.6,13.0,0.5846153846153845,11.405665472072108,11.611256543076868,1.0180253463954532,1.0180253463954532,1.8025346395453168,False
Si,100,10.0,51.533727,5.1533727,8.0,13.0,0.6153846153846154,11.405665472072108,11.529134355638364,1.010825223996669,1.010825223996669,1.0825223996669076,False
Si,100,10.0,51.533727,5.1533727,8.4,13.0,0.6461538461538462,11.405665472072108,11.429965639990252,1.0021305348624896,1.0021305348624896,0.2130534862489597,False
Si,100,10.0,51.533727,5.1533727,8.8,13.0,0.676923076923077,11.405665472072108,11.344404060381295,0.9946288612583968,0.9946288612583968,-0.5371138741603221,False
Si,100,10.0,51.533727,5.1533727,9.2,13.0,0.7076923076923076,11.405665472072108,11.288078975214225,0.9896905185281993,0.9896905185281993,-1.0309481471800663,False
Si,100,10.0,51.533727,5.1533727,9.6,13.0,0.7384615384615384,11.405665472072108,11.210318483537218,0.9828728109715986,0.9828728109715986,-1.712718902840138,False
Si,100,10.0,51.533727,5.1533727,10.0,13.0,0.7692307692307693,11.405665472072108,11.186792269812656,0.9808101331048693,0.9808101331048693,-1.9189866895130692,False
Si,100,10.0,51.533727,5.1533727,10.4,13.0,0.8,11.405665472072108,11.191122914290364,0.9811898255032052,0.9811898255032052,-1.8810174496794785,False
Si,100,10.0,51.533727,5.1533727,10.8,13.0,0.8307692307692308,11.405665472072108,11.266742242712398,0.9878198050170875,0.9878198050170875,-1.2180194982912451,False
Si,100,10.0,51.533727,5.1533727,11.2,13.0,0.8615384615384615,11.405665472072108,11.381689125242154,0.9978978563864894,0.9978978563864894,-0.21021436135105764,False
Si,100,10.0,51.533727,5.1533727,11.6,13.0,0.8923076923076922,11.405665472072108,11.564171041686963,1.0138970908802272,1.0138970908802272,1.389709088022717,False
Si,100,10.0,51.533727,5.1533727,12.0,13.0,0.9230769230769231,11.405665472072108,11.720074152112934,1.0275660092618608,1.0275660092618608,2.7566009261860813,False
Si,100,10.0,51.533727,5.1533727,12.4,13.0,0.9538461538461539,11.405665472072108,11.785693853378843,1.033319264205782,1.033319264205782,3.3319264205782018,False
Si,100,10.0,51.533727,5.1533727,12.8,13.0,0.9846153846153847,11.405665472072108,11.794204968246405,1.0340654823802848,1.0340654823802848,3.406548238028484,False
Si,100,10.0,51.533727,5.1533727,13.2,13.0,1.0153846153846153,11.405665472072108,11.708494462457994,1.026550751565298,1.026550751565298,2.655075156529807,False
Si,200,20.0,51.533727,2.57668635,0.8,13.0,0.06153846153846154,18.45803193856228,19.934631352892453,1.079997662765188,1.079997662765188,7.999766276518794,False
Si,200,20.0,51.533727,2.57668635,1.2,13.0,0.0923076923076923,18.45803193856228,19.49974134269831,1.0564366454453742,1.0564366454453742,5.643664544537419,False
Si,200,20.0,51.533727,2.57668635,1.6,13.0,0.12307692307692308,18.45803193856228,19.558008944204097,1.0595934067783122,1.0595934067783122,5.959340677831215,False
Si,200,20.0,51.533727,2.57668635,2.0,13.0,0.15384615384615385,18.45803193856228,18.906135635760037,1.0242768946705303,1.0242768946705303,2.427689467053029,False
Si,200,20.0,51.533727,2.57668635,2.4,13.0,0.1846153846153846,18.45803193856228,19.510805223581944,1.0570360528426774,1.0570360528426774,5.703605284267743,False
Si,200,20.0,51.533727,2.57668635,2.8,13.0,0.21538461538461537,18.45803193856228,19.236140269194784,1.0421555414587236,1.0421555414587236,4.215554145872358,False
Si,200,20.0,51.533727,2.57668635,3.2,13.0,0.24615384615384617,18.45803193856228,18.943201378546192,1.026285003818327,1.026285003818327,2.62850038183271,False
Si,200,20.0,51.533727,2.57668635,3.6,13.0,0.27692307692307694,18.45803193856228,19.016523852720084,1.030257392338292,1.030257392338292,3.0257392338292055,False
Si,200,20.0,51.533727,2.57668635,4.0,13.0,0.3076923076923077,18.45803193856228,18.748325979895068,1.015727247753121,1.015727247753121,1.5727247753120954,False
Si,200,20.0,51.533727,2.57668635,4.4,13.0,0.3384615384615385,18.45803193856228,18.64099395362625,1.0099123251965845,1.0099123251965845,0.991232519658447,False
Si,200,20.0,51.533727,2.57668635,4.8,13.0,0.3692307692307692,18.45803193856228,18.698986219394488,1.013054169677148,1.013054169677148,1.3054169677148009,False
Si,200,20.0,51.533727,2.57668635,5.2,13.0,0.4,18.45803193856228,18.814451809199536,1.0193097439544803,1.0193097439544803,1.9309743954480263,False
Si,200,20.0,51.533727,2.57668635,5.6,13.0,0.43076923076923074,18.45803193856228,18.90482992109337,1.0242061550233665,1.0242061550233665,2.420615502336654,False
Si,200,20.0,51.533727,2.57668635,6.0,13.0,0.46153846153846156,18.45803193856228,18.81718377810004,1.0194577537157377,1.0194577537157377,1.9457753715737658,False
Si,200,20.0,51.533727,2.57668635,6.4,13.0,0.49230769230769234,18.45803193856228,18.67887796179012,1.0119647654724475,1.0119647654724475,1.1964765472447514,False
Si,200,20.0,51.533727,2.57668635,6.8,13.0,0.5230769230769231,18.45803193856228,18.914506816176225,1.0247304197507798,1.0247304197507798,2.473041975077983,False
Si,200,20.0,51.533727,2.57668635,7.2,13.0,0.5538461538461539,18.45803193856228,18.582380352768983,1.0067368186717087,1.0067368186717087,0.6736818671708722,False
Si,200,20.0,51.533727,2.57668635,7.6,13.0,0.5846153846153845,18.45803193856228,18.47056900417544,1.0006792200628374,1.0006792200628374,0.06792200628373823,False
Si,200,20.0,51.533727,2.57668635,8.0,13.0,0.6153846153846154,18.45803193856228,18.292671614556117,0.9910412808604642,0.9910412808604642,-0.8958719139535831,False
Si,200,20.0,51.533727,2.57668635,8.4,13.0,0.6461538461538462,18.45803193856228,18.07389177490565,0.9791884549265467,0.9791884549265467,-2.0811545073453286,False
Si,200,20.0,51.533727,2.57668635,8.8,13.0,0.676923076923077,18.45803193856228,17.964972041728622,0.9732875152413426,0.9732875152413426,-2.6712484758657395,False
Si,200,20.0,51.533727,2.57668635,9.2,13.0,0.7076923076923076,18.45803193856228,17.928625587854178,0.9713183749778831,0.9713183749778831,-2.868162502211691,False
Si,200,20.0,51.533727,2.57668635,9.6,13.0,0.7384615384615384,18.45803193856228,17.810380381819574,0.9649122095520032,0.9649122095520032,-3.5087790447996814,False
Si,200,20.0,51.533727,2.57668635,10.0,13.0,0.7692307692307693,18.45803193856228,17.783087138643268,0.9634335446939538,0.9634335446939538,-3.6566455306046186,False
Si,200,20.0,51.533727,2.57668635,10.4,13.0,0.8,18.45803193856228,17.806127419469497,0.9646817969942488,0.9646817969942488,-3.531820300575117,False
Si,200,20.0,51.533727,2.57668635,10.8,13.0,0.8307692307692308,18.45803193856228,17.946117647397106,0.9722660415330798,0.9722660415330798,-2.773395846692017,False
Si,200,20.0,51.533727,2.57668635,11.2,13.0,0.8615384615384615,18.45803193856228,18.214101986519573,0.9867846175120604,0.9867846175120604,-1.321538248793963,False
Si,200,20.0,51.533727,2.57668635,11.6,13.0,0.8923076923076922,18.45803193856228,18.5232991123232,1.0035359768570216,1.0035359768570216,0.3535976857021561,False
Si,200,20.0,51.533727,2.57668635,12.0,13.0,0.9230769230769231,18.45803193856228,18.75112545684238,1.0158789148949177,1.0158789148949177,1.5878914894917662,False
Si,200,20.0,51.533727,2.57668635,12.4,13.0,0.9538461538461539,18.45803193856228,18.8287391264787,1.0200837873263153,1.0200837873263153,2.0083787326315328,False
Si,200,20.0,51.533727,2.57668635,12.8,13.0,0.9846153846153847,18.45803193856228,18.86921626457558,1.0222767154906836,1.0222767154906836,2.227671549068355,False
Si,200,20.0,51.533727,2.57668635,13.2,13.0,1.0153846153846153,18.45803193856228,18.686077865618913,1.0123548343515543,1.0123548343515543,1.2354834351554267,False
Si,500,50.0,51.533727,1.03067454,0.8,13.0,0.06153846153846154,31.088048335543164,33.77819349474751,1.0865330988349207,1.0865330988349207,8.653309883492067,False
Si,500,50.0,51.533727,1.03067454,1.2,13.0,0.0923076923076923,31.088048335543164,33.09756407293519,1.0646394947570426,1.0646394947570426,6.463949475704256,False
Si,500,50.0,51.533727,1.03067454,1.6,13.0,0.12307692307692308,31.088048335543164,32.48472389561771,1.0449264471349178,1.0449264471349178,4.492644713491778,False
Si,500,50.0,51.533727,1.03067454,2.0,13.0,0.15384615384615385,31.088048335543164,31.83481135446866,1.0240209038169732,1.0240209038169732,2.4020903816973194,False
Si,500,50.0,51.533727,1.03067454,2.4,13.0,0.1846153846153846,31.088048335543164,32.51202689675718,1.0458046946480706,1.0458046946480706,4.580469464807058,False
Si,500,50.0,51.533727,1.03067454,2.8,13.0,0.21538461538461537,31.088048335543164,31.996497453172044,1.0292218124413506,1.0292218124413506,2.922181244135058,False
Si,500,50.0,51.533727,1.03067454,3.2,13.0,0.24615384615384617,31.088048335543164,31.221888802483523,1.004305206473426,1.004305206473426,0.43052064734259154,False
Si,500,50.0,51.533727,1.03067454,3.6,13.0,0.27692307692307694,31.088048335543164,31.34394496914507,1.0082313508664145,1.0082313508664145,0.8231350866414466,False
Si,500,50.0,51.533727,1.03067454,4.0,13.0,0.3076923076923077,31.088048335543164,31.02120566527781,0.9978498917158164,0.9978498917158164,-0.2150108284183605,False
Si,500,50.0,51.533727,1.03067454,4.4,13.0,0.3384615384615385,31.088048335543164,30.71834495555535,0.9881078613878398,0.9881078613878398,-1.1892138612160208,False
Si,500,50.0,51.533727,1.03067454,4.8,13.0,0.3692307692307692,31.088048335543164,30.804803772176875,0.9908889564147244,0.9908889564147244,-0.9111043585275591,False
Si,500,50.0,51.533727,1.03067454,5.2,13.0,0.4,31.088048335543164,31.003533463144738,0.9972814352484842,0.9972814352484842,-0.2718564751515773,False
Si,500,50.0,51.533727,1.03067454,5.6,13.0,0.43076923076923074,31.088048335543164,31.058569950010927,0.9990517775444098,0.9990517775444098,-0.09482224555902308,False
Si,500,50.0,51.533727,1.03067454,6.0,13.0,0.46153846153846156,31.088048335543164,30.999452803092066,0.9971501738708439,0.9971501738708439,-0.28498261291560745,False
Si,500,50.0,51.533727,1.03067454,6.4,13.0,0.49230769230769234,31.088048335543164,30.85332968946492,0.9924498751563672,0.9924498751563672,-0.7550124843632822,False
Si,500,50.0,51.533727,1.03067454,6.8,13.0,0.5230769230769231,31.088048335543164,31.04666479905633,0.9986688280962456,0.9986688280962456,-0.13311719037544245,False
Si,500,50.0,51.533727,1.03067454,7.2,13.0,0.5538461538461539,31.088048335543164,30.5751567276901,0.9835019682703378,0.9835019682703378,-1.6498031729662244,False
Si,500,50.0,51.533727,1.03067454,7.6,13.0,0.5846153846153845,31.088048335543164,30.344967096583016,0.9760975269035921,0.9760975269035921,-2.3902473096407917,False
Si,500,50.0,51.533727,1.03067454,8.0,13.0,0.6153846153846154,31.088048335543164,30.039504290815735,0.9662717957264425,0.9662717957264425,-3.3728204273557494,False
Si,500,50.0,51.533727,1.03067454,8.4,13.0,0.6461538461538462,31.088048335543164,29.77113169508796,0.9576391342987728,0.9576391342987728,-4.236086570122721,False
Si,500,50.0,51.533727,1.03067454,8.8,13.0,0.676923076923077,31.088048335543164,29.5905017244868,0.9518288637841504,0.9518288637841504,-4.817113621584957,False
Si,500,50.0,51.533727,1.03067454,9.2,13.0,0.7076923076923076,31.088048335543164,29.500355593240535,0.9489291600049589,0.9489291600049589,-5.107083999504114,False
Si,500,50.0,51.533727,1.03067454,9.6,13.0,0.7384615384615384,31.088048335543164,29.19535956994497,0.9391184436806774,0.9391184436806774,-6.088155631932257,False
Si,500,50.0,51.533727,1.03067454,10.0,13.0,0.7692307692307693,31.088048335543164,29.04516589219505,0.9342872083413332,0.9342872083413332,-6.571279165866684,False
Si,500,50.0,51.533727,1.03067454,10.4,13.0,0.8,31.088048335543164,29.24273240909444,0.9406422717009558,0.9406422717009558,-5.935772829904417,False
Si,500,50.0,51.533727,1.03067454,10.8,13.0,0.8307692307692308,31.088048335543164,29.58695155220627,0.9517146664488204,0.9517146664488204,-4.828533355117958,False
Si,500,50.0,51.533727,1.03067454,11.2,13.0,0.8615384615384615,31.088048335543164,30.23010175590949,0.9724026876704004,0.9724026876704004,-2.759731232959961,False
Si,500,50.0,51.533727,1.03067454,11.6,13.0,0.8923076923076922,31.088048335543164,30.78266133436349,0.9901767072064629,0.9901767072064629,-0.9823292793537108,False
Si,500,50.0,51.533727,1.03067454,12.0,13.0,0.9230769230769231,31.088048335543164,31.14392308092655,1.0017973063082093,1.0017973063082093,0.179730630820929,False
Si,500,50.0,51.533727,1.03067454,12.4,13.0,0.9538461538461539,31.088048335543164,31.271689974961745,1.0059071459692959,1.0059071459692959,0.5907145969295868,False
Si,500,50.0,51.533727,1.03067454,12.8,13.0,0.9846153846153847,31.088048335543164,31.242409054342215,1.0049652753087934,1.0049652753087934,0.49652753087934265,False
Si,500,50.0,51.533727,1.03067454,13.2,13.0,1.0153846153846153,31.088048335543164,31.01114538445976,0.99752628565636,0.99752628565636,-0.24737143436399656,False
Si,1000,100.0,51.533727,0.51533727,0.8,13.0,0.06153846153846154,42.35026872971173,46.62078256235632,1.1008379394213506,1.1008379394213506,10.083793942135056,False
Si,1000,100.0,51.533727,0.51533727,1.2,13.0,0.0923076923076923,42.35026872971173,45.644572282323914,1.0777870755351546,1.0777870755351546,7.778707553515463,False
Si,1000,100.0,51.533727,0.51533727,1.6,13.0,0.12307692307692308,42.35026872971173,44.6940384238658,1.0553424987480597,1.0553424987480597,5.534249874805974,False
Si,1000,100.0,51.533727,0.51533727,2.0,13.0,0.15384615384615385,42.35026872971173,43.78304003165832,1.0338314571529836,1.0338314571529836,3.3831457152983635,False
Si,1000,100.0,51.533727,0.51533727,2.4,13.0,0.1846153846153846,42.35026872971173,44.14604257236107,1.0424028913278058,1.0424028913278058,4.240289132780584,False
Si,1000,100.0,51.533727,0.51533727,2.8,13.0,0.21538461538461537,42.35026872971173,43.459633615048475,1.0261949904596106,1.0261949904596106,2.61949904596106,False
Si,1000,100.0,51.533727,0.51533727,3.2,13.0,0.24615384615384617,42.35026872971173,42.362890151201114,1.00029802459035,1.00029802459035,0.029802459035010997,False
Si,1000,100.0,51.533727,0.51533727,3.6,13.0,0.27692307692307694,42.35026872971173,42.3244989117435,0.9993915075691089,0.9993915075691089,-0.06084924308911166,False
Si,1000,100.0,51.533727,0.51533727,4.0,13.0,0.3076923076923077,42.35026872971173,41.878429134149314,0.9888586398689984,0.9888586398689984,-1.1141360131001643,False
Si,1000,100.0,51.533727,0.51533727,4.4,13.0,0.3384615384615385,42.35026872971173,41.50328319174398,0.9800004683943475,0.9800004683943475,-1.9999531605652487,False
Si,1000,100.0,51.533727,0.51533727,4.8,13.0,0.3692307692307692,42.35026872971173,41.459284683777874,0.9789615491788186,0.9789615491788186,-2.1038450821181387,False
Si,1000,100.0,51.533727,0.51533727,5.2,13.0,0.4,42.35026872971173,41.779519373350254,0.9865231231470073,0.9865231231470073,-1.3476876852992703,False
Si,1000,100.0,51.533727,0.51533727,5.6,13.0,0.43076923076923074,42.35026872971173,41.86331900194137,0.9885018503453148,0.9885018503453148,-1.1498149654685208,False
Si,1000,100.0,51.533727,0.51533727,6.0,13.0,0.46153846153846156,42.35026872971173,41.82206682775985,0.9875277792137996,0.9875277792137996,-1.247222078620036,False
Si,1000,100.0,51.533727,0.51533727,6.4,13.0,0.49230769230769234,42.35026872971173,41.71606054774986,0.9850246952148163,0.9850246952148163,-1.4975304785183718,False
Si,1000,100.0,51.533727,0.51533727,6.8,13.0,0.5230769230769231,42.35026872971173,41.637313091033846,0.9831652629354464,0.9831652629354464,-1.6834737064553629,False
Si,1000,100.0,51.533727,0.51533727,7.2,13.0,0.5538461538461539,42.35026872971173,41.17654507028762,0.9722853314836073,0.9722853314836073,-2.7714668516392704,False
Si,1000,100.0,51.533727,0.51533727,7.6,13.0,0.5846153846153845,42.35026872971173,40.864746134207394,0.9649229475972101,0.9649229475972101,-3.507705240278991,False
Si,1000,100.0,51.533727,0.51533727,8.0,13.0,0.6153846153846154,42.35026872971173,40.510672911312945,0.9565623578414704,0.9565623578414704,-4.343764215852963,False
Si,1000,100.0,51.533727,0.51533727,8.4,13.0,0.6461538461538462,42.35026872971173,40.19411018236999,0.9490874884147066,0.9490874884147066,-5.091251158529342,False
Si,1000,100.0,51.533727,0.51533727,8.8,13.0,0.676923076923077,42.35026872971173,39.78315627070644,0.9393837976474451,0.9393837976474451,-6.061620235255494,False
Si,1000,100.0,51.533727,0.51533727,9.2,13.0,0.7076923076923076,42.35026872971173,39.63759758785347,0.9359467785394446,0.9359467785394446,-6.4053221460555365,False
Si,1000,100.0,51.533727,0.51533727,9.6,13.0,0.7384615384615384,42.35026872971173,39.09227773475106,0.9230703584018829,0.9230703584018829,-7.6929641598117104,False
Si,1000,100.0,51.533727,0.51533727,10.0,13.0,0.7692307692307693,42.35026872971173,38.80658986636875,0.9163245247401032,0.9163245247401032,-8.367547525989682,False
Si,1000,100.0,51.533727,0.51533727,10.4,13.0,0.8,42.35026872971173,39.03650380572554,0.9217533908666475,0.9217533908666475,-7.824660913335246,False
Si,1000,100.0,51.533727,0.51533727,10.8,13.0,0.8307692307692308,42.35026872971173,39.59804027145498,0.9350127274086016,0.9350127274086016,-6.4987272591398355,False
Si,1000,100.0,51.533727,0.51533727,11.2,13.0,0.8615384615384615,42.35026872971173,40.66679352690008,0.9602487716534707,0.9602487716534707,-3.9751228346529333,False
Si,1000,100.0,51.533727,0.51533727,11.6,13.0,0.8923076923076922,42.35026872971173,41.65586597960635,0.9836033448916888,0.9836033448916888,-1.639665510831123,False
Si,1000,100.0,51.533727,0.51533727,12.0,13.0,0.9230769230769231,42.35026872971173,42.23728422280503,0.9973321419132476,0.9973321419132476,-0.2667858086752406,False
Si,1000,100.0,51.533727,0.51533727,12.4,13.0,0.9538461538461539,42.35026872971173,42.4071154335902,1.0013422985398577,1.0013422985398577,0.1342298539857678,False
Si,1000,100.0,51.533727,0.51533727,12.8,13.0,0.9846153846153847,42.35026872971173,42.37757333725297,1.0006447328047787,1.0006447328047787,0.06447328047787249,False
Si,1000,100.0,51.533727,0.51533727,13.2,13.0,1.0153846153846153,42.35026872971173,42.26778692339249,0.998052390013257,0.998052390013257,-0.19476099867430374,False
Si,2000,200.0,51.533727,0.257668635,0.8,13.0,0.06153846153846154,54.27832365933669,60.182351761851976,1.1087732211401797,1.1087732211401797,10.877322114017973,False
Si,2000,200.0,51.533727,0.257668635,1.2,13.0,0.0923076923076923,54.27832365933669,59.01323084832112,1.0872338508223247,1.0872338508223247,8.723385082232472,False
Si,2000,200.0,51.533727,0.257668635,1.6,13.0,0.12307692307692308,54.27832365933669,57.46670735087802,1.058741381026289,1.058741381026289,5.87413810262889,False
Si,2000,200.0,51.533727,0.257668635,2.0,13.0,0.15384615384615385,54.27832365933669,56.25770180238659,1.0364671937083565,1.0364671937083565,3.6467193708356493,False
Si,2000,200.0,51.533727,0.257668635,2.4,13.0,0.1846153846153846,54.27832365933669,56.04324396927978,1.032516116765509,1.032516116765509,3.251611676550903,False
Si,2000,200.0,51.533727,0.257668635,2.8,13.0,0.21538461538461537,54.27832365933669,55.24574493246841,1.017823344714982,1.017823344714982,1.7823344714982037,False
Si,2000,200.0,51.533727,0.257668635,3.2,13.0,0.24615384615384617,54.27832365933669,53.806153057017966,0.9913009361659328,0.9913009361659328,-0.8699063834067156,False
Si,2000,200.0,51.533727,0.257668635,3.6,13.0,0.27692307692307694,54.27832365933669,53.65232405356514,0.9884668581568496,0.9884668581568496,-1.1533141843150352,False
Si,2000,200.0,51.533727,0.257668635,4.0,13.0,0.3076923076923077,54.27832365933669,53.232763711964886,0.9807370626636522,0.9807370626636522,-1.9262937336347763,False
Si,2000,200.0,51.533727,0.257668635,4.4,13.0,0.3384615384615385,54.27832365933669,52.841962396325265,0.9735371108358769,0.9735371108358769,-2.6462889164123093,False
Si,2000,200.0,51.533727,0.257668635,4.8,13.0,0.3692307692307692,54.27832365933669,52.620137670169925,0.9694503094905081,0.9694503094905081,-3.0549690509491856,False
Si,2000,200.0,51.533727,0.257668635,5.2,13.0,0.4,54.27832365933669,53.04216431718148,0.977225543111581,0.977225543111581,-2.277445688841895,False
Si,2000,200.0,51.533727,0.257668635,5.6,13.0,0.43076923076923074,54.27832365933669,53.079042998623514,0.9779049797440293,0.9779049797440293,-2.2095020255970654,False
Si,2000,200.0,51.533727,0.257668635,6.0,13.0,0.46153846153846156,54.27832365933669,53.033364364859565,0.9770634166543024,0.9770634166543024,-2.293658334569759,False
Si,2000,200.0,51.533727,0.257668635,6.4,13.0,0.49230769230769234,54.27832365933669,53.06139740326626,0.9775798850438319,0.9775798850438319,-2.2420114956168136,False
Si,2000,200.0,51.533727,0.257668635,6.8,13.0,0.5230769230769231,54.27832365933669,52.50619960717933,0.9673511646512958,0.9673511646512958,-3.264883534870422,False
Si,2000,200.0,51.533727,0.257668635,7.2,13.0,0.5538461538461539,54.27832365933669,52.19607089561418,0.9616374894554368,0.9616374894554368,-3.836251054456319,False
Si,2000,200.0,51.533727,0.257668635,7.6,13.0,0.5846153846153845,54.27832365933669,51.799162816249215,0.9543250292944332,0.9543250292944332,-4.567497070556681,False
Si,2000,200.0,51.533727,0.257668635,8.0,13.0,0.6153846153846154,54.27832365933669,51.41718110471385,0.9472875659797447,0.9472875659797447,-5.271243402025528,False
Si,2000,200.0,51.533727,0.257668635,8.4,13.0,0.6461538461538462,54.27832365933669,50.91644962574674,0.9380623090961716,0.9380623090961716,-6.193769090382839,False
Si,2000,200.0,51.533727,0.257668635,8.8,13.0,0.676923076923077,54.27832365933669,50.324786388656065,0.9271617654315571,0.9271617654315571,-7.283823456844285,False
Si,2000,200.0,51.533727,0.257668635,9.2,13.0,0.7076923076923076,54.27832365933669,50.119924778686475,0.9233874850898254,0.9233874850898254,-7.661251491017462,False
Si,2000,200.0,51.533727,0.257668635,9.6,13.0,0.7384615384615384,54.27832365933669,49.36564135831723,0.9094908985794662,0.9094908985794662,-9.05091014205338,False
Si,2000,200.0,51.533727,0.257668635,10.0,13.0,0.7692307692307693,54.27832365933669,48.88807530977854,0.9006924314135308,0.9006924314135308,-9.930756858646916,False
Si,2000,200.0,51.533727,0.257668635,10.4,13.0,0.8,54.27832365933669,48.94015375693644,0.9016519018548944,0.9016519018548944,-9.834809814510558,False
Si,2000,200.0,51.533727,0.257668635,10.8,13.0,0.8307692307692308,54.27832365933669,49.57561797349218,0.9133594155309626,0.9133594155309626,-8.664058446903745,False
Si,2000,200.0,51.533727,0.257668635,11.2,13.0,0.8615384615384615,54.27832365933669,51.06798662682552,0.9408541602599965,0.9408541602599965,-5.914583974000354,False
Si,2000,200.0,51.533727,0.257668635,11.6,13.0,0.8923076923076922,54.27832365933669,52.73637117741601,0.9715917445866912,0.9715917445866912,-2.8408255413308825,False
Si,2000,200.0,51.533727,0.257668635,12.0,13.0,0.9230769230769231,54.27832365933669,53.65212930660671,0.9884632702244063,0.9884632702244063,-1.1536729775593724,False
Si,2000,200.0,51.533727,0.257668635,12.4,13.0,0.9538461538461539,54.27832365933669,54.02322643026346,0.99530020067174,0.99530020067174,-0.4699799328260035,False
Si,2000,200.0,51.533727,0.257668635,12.8,13.0,0.9846153846153847,54.27832365933669,54.09006193660799,0.9965315486913289,0.9965315486913289,-0.34684513086711277,False
Si,2000,200.0,51.533727,0.257668635,13.2,13.0,1.0153846153846153,54.27832365933669,53.8821034574938,0.9927002129923971,0.9927002129923971,-0.729978700760292,False
Si,5000,500.0,51.533727,0.103067454,0.8,13.0,0.06153846153846154,69.9941383226529,77.55034647248246,1.1079548706635634,1.1079548706635634,10.795487066356335,False
Si,5000,500.0,51.533727,0.103067454,1.2,13.0,0.0923076923076923,69.9941383226529,76.41575444897602,1.091745055803406,1.091745055803406,9.174505580340607,False
Si,5000,500.0,51.533727,0.103067454,1.6,13.0,0.12307692307692308,69.9941383226529,74.27280072216013,1.061128867388635,1.061128867388635,6.112886738863499,False
Si,5000,500.0,51.533727,0.103067454,2.0,13.0,0.15384615384615385,69.9941383226529,72.68108424938914,1.0383881563674688,1.0383881563674688,3.838815636746884,False
Si,5000,500.0,51.533727,0.103067454,2.4,13.0,0.1846153846153846,69.9941383226529,71.18129530141763,1.0169608056790738,1.0169608056790738,1.6960805679073765,False
Si,5000,500.0,51.533727,0.103067454,2.8,13.0,0.21538461538461537,69.9941383226529,70.4135773611909,1.0059924880652793,1.0059924880652793,0.59924880652793,False
Si,5000,500.0,51.533727,0.103067454,3.2,13.0,0.24615384615384617,69.9941383226529,68.77764284968826,0.9826200378757869,0.9826200378757869,-1.737996212421311,False
Si,5000,500.0,51.533727,0.103067454,3.6,13.0,0.27692307692307694,69.9941383226529,68.73816579025694,0.982056032655102,0.982056032655102,-1.7943967344898004,False
Si,5000,500.0,51.533727,0.103067454,4.0,13.0,0.3076923076923077,69.9941383226529,68.25285514023804,0.975122442762449,0.975122442762449,-2.487755723755103,False
Si,5000,500.0,51.533727,0.103067454,4.4,13.0,0.3384615384615385,69.9941383226529,67.7577193792182,0.9680484823868328,0.9680484823868328,-3.195151761316717,False
Si,5000,500.0,51.533727,0.103067454,4.8,13.0,0.3692307692307692,69.9941383226529,67.71457671502958,0.9674321069985147,0.9674321069985147,-3.2567893001485326,False
Si,5000,500.0,51.533727,0.103067454,5.2,13.0,0.4,69.9941383226529,68.01178718350255,0.9716783264048158,0.9716783264048158,-2.8321673595184227,False
Si,5000,500.0,51.533727,0.103067454,5.6,13.0,0.43076923076923074,69.9941383226529,68.09767018744519,0.972905329208204,0.972905329208204,-2.709467079179595,False
Si,5000,500.0,51.533727,0.103067454,6.0,13.0,0.46153846153846156,69.9941383226529,67.84060378907502,0.9692326445444516,0.9692326445444516,-3.076735545554843,False
Si,5000,500.0,51.533727,0.103067454,6.4,13.0,0.49230769230769234,69.9941383226529,67.88913383447246,0.9699259889667192,0.9699259889667192,-3.007401103328078,False
Si,5000,500.0,51.533727,0.103067454,6.8,13.0,0.5230769230769231,69.9941383226529,67.0183893687619,0.9574857405891097,0.9574857405891097,-4.2514259410890265,False
Si,5000,500.0,51.533727,0.103067454,7.2,13.0,0.5538461538461539,69.9941383226529,66.83905147670755,0.9549235561497835,0.9549235561497835,-4.507644385021647,False
Si,5000,500.0,51.533727,0.103067454,7.6,13.0,0.5846153846153845,69.9941383226529,66.06978436630567,0.9439331056801201,0.9439331056801201,-5.606689431987988,False
Si,5000,500.0,51.533727,0.103067454,8.0,13.0,0.6153846153846154,69.9941383226529,65.79080944476824,0.9399474159034787,0.9399474159034787,-6.005258409652125,False
Si,5000,500.0,51.533727,0.103067454,8.4,13.0,0.6461538461538462,69.9941383226529,64.964019952909,0.9281351483097556,0.9281351483097556,-7.1864851690244365,False
Si,5000,500.0,51.533727,0.103067454,8.8,13.0,0.676923076923077,69.9941383226529,64.08857059530472,0.9156276815620586,0.9156276815620586,-8.437231843794136,False
Si,5000,500.0,51.533727,0.103067454,9.2,13.0,0.7076923076923076,69.9941383226529,63.685019754790616,0.909862186762282,0.909862186762282,-9.013781323771797,False
Si,5000,500.0,51.533727,0.103067454,9.6,13.0,0.7384615384615384,69.9941383226529,62.70505434968628,0.8958615085828182,0.8958615085828182,-10.41384914171818,False
Si,5000,500.0,51.533727,0.103067454,10.0,13.0,0.7692307692307693,69.9941383226529,61.85280921996934,0.8836855585655705,0.8836855585655705,-11.631444143442948,False
Si,5000,500.0,51.533727,0.103067454,10.4,13.0,0.8,69.9941383226529,61.82182137356401,0.8832428379728477,0.8832428379728477,-11.675716202715225,False
Si,5000,500.0,51.533727,0.103067454,10.8,13.0,0.8307692307692308,69.9941383226529,62.160535540517856,0.8880820170108477,0.8880820170108477,-11.191798298915234,False
Si,5000,500.0,51.533727,0.103067454,11.2,13.0,0.8615384615384615,69.9941383226529,64.17191005527843,0.9168183449800372,0.9168183449800372,-8.318165501996278,False
Si,5000,500.0,51.533727,0.103067454,11.6,13.0,0.8923076923076922,69.9941383226529,66.3872435535958,0.9484686167228696,0.9484686167228696,-5.153138327713036,False
Si,5000,500.0,51.533727,0.103067454,12.0,13.0,0.9230769230769231,69.9941383226529,68.13500307584059,0.9734387008488877,0.9734387008488877,-2.656129915111227,False
Si,5000,500.0,51.533727,0.103067454,12.4,13.0,0.9538461538461539,69.9941383226529,69.07890952630783,0.9869242079654423,0.9869242079654423,-1.3075792034557665,False
Si,5000,500.0,51.533727,0.103067454,12.8,13.0,0.9846153846153847,69.9941383226529,69.32297145473099,0.9904110989290557,0.9904110989290557,-0.9588901070944345,False
Si,5000,500.0,51.533727,0.103067454,13.2,13.0,1.0153846153846153,69.9941383226529,68.94326144660359,0.9849862159713278,0.9849862159713278,-1.501378402867215,False
Si,10000,1000.0,51.533727,0.051533727,0.8,13.0,0.06153846153846154,81.71473510473587,89.00894612109023,1.0892643292180435,1.0892643292180435,8.92643292180435,False
Si,10000,1000.0,51.533727,0.051533727,1.2,13.0,0.0923076923076923,81.71473510473587,87.72921706814553,1.0736033954671793,1.0736033954671793,7.360339546717931,False
Si,10000,1000.0,51.533727,0.051533727,1.6,13.0,0.12307692307692308,81.71473510473587,84.90124451574843,1.0389955300831402,1.0389955300831402,3.899553008314016,False
Si,10000,1000.0,51.533727,0.051533727,2.0,13.0,0.15384615384615385,81.71473510473587,83.5068012850555,1.0219307592201419,1.0219307592201419,2.193075922014187,False
Si,10000,1000.0,51.533727,0.051533727,2.4,13.0,0.1846153846153846,81.71473510473587,81.84597903251627,1.0016061231503985,1.0016061231503985,0.16061231503985418,False
Si,10000,1000.0,51.533727,0.051533727,2.8,13.0,0.21538461538461537,81.71473510473587,81.37134433440373,0.995797688508786,0.995797688508786,-0.42023114912139725,False
Si,10000,1000.0,51.533727,0.051533727,3.2,13.0,0.24615384615384617,81.71473510473587,79.84436065659666,0.977110928087304,0.977110928087304,-2.2889071912695957,False
Si,10000,1000.0,51.533727,0.051533727,3.6,13.0,0.27692307692307694,81.71473510473587,79.83883952688342,0.9770433621861704,0.9770433621861704,-2.2956637813829617,False
Si,10000,1000.0,51.533727,0.051533727,4.0,13.0,0.3076923076923077,81.71473510473587,79.39780288559591,0.9716460903144299,0.9716460903144299,-2.8353909685570056,False
Si,10000,1000.0,51.533727,0.051533727,4.4,13.0,0.3384615384615385,81.71473510473587,79.00815407568388,0.9668776870464929,0.9668776870464929,-3.3122312953507094,False
Si,10000,1000.0,51.533727,0.051533727,4.8,13.0,0.3692307692307692,81.71473510473587,78.71029331813205,0.9632325579621234,0.9632325579621234,-3.676744203787663,False
Si,10000,1000.0,51.533727,0.051533727,5.2,13.0,0.4,81.71473510473587,79.10652638514412,0.9680815373598319,0.9680815373598319,-3.1918462640168066,False
Si,10000,1000.0,51.533727,0.051533727,5.6,13.0,0.43076923076923074,81.71473510473587,79.24040208782638,0.96971986736862,0.96971986736862,-3.0280132631379963,False
Si,10000,1000.0,51.533727,0.051533727,6.0,13.0,0.46153846153846156,81.71473510473587,79.01950413900629,0.9670165856589386,0.9670165856589386,-3.2983414341061446,False
Si,10000,1000.0,51.533727,0.051533727,6.4,13.0,0.49230769230769234,81.71473510473587,78.98548658561091,0.9666002892180119,0.9666002892180119,-3.3399710781988112,False
Si,10000,1000.0,51.533727,0.051533727,6.8,13.0,0.5230769230769231,81.71473510473587,77.81778994900412,0.9523103740012505,0.9523103740012505,-4.768962599874948,False
Si,10000,1000.0,51.533727,0.051533727,7.2,13.0,0.5538461538461539,81.71473510473587,77.55113583932868,0.9490471423535719,0.9490471423535719,-5.09528576464281,False
Si,10000,1000.0,51.533727,0.051533727,7.6,13.0,0.5846153846153845,81.71473510473587,76.86797416640542,0.9406868182082677,0.9406868182082677,-5.931318179173228,False
Si,10000,1000.0,51.533727,0.051533727,8.0,13.0,0.6153846153846154,81.71473510473587,76.56538716438624,0.936983850785913,0.936983850785913,-6.301614921408705,False
Si,10000,1000.0,51.533727,0.051533727,8.4,13.0,0.6461538461538462,81.71473510473587,75.47377497996041,0.9236250338843263,0.9236250338843263,-7.637496611567373,False
Si,10000,1000.0,51.533727,0.051533727,8.8,13.0,0.676923076923077,81.71473510473587,74.10474758761495,0.9068712942975707,0.9068712942975707,-9.312870570242925,False
Si,10000,1000.0,51.533727,0.051533727,9.2,13.0,0.7076923076923076,81.71473510473587,73.61017116030935,0.9008188188575942,0.9008188188575942,-9.918118114240581,False
Si,10000,1000.0,51.533727,0.051533727,9.6,13.0,0.7384615384615384,81.71473510473587,72.257683680551,0.8842674896753502,0.8842674896753502,-11.57325103246498,False
Si,10000,1000.0,51.533727,0.051533727,10.0,13.0,0.7692307692307693,81.71473510473587,71.22503051794497,0.871630195296528,0.871630195296528,-12.836980470347203,False
Si,10000,1000.0,51.533727,0.051533727,10.4,13.0,0.8,81.71473510473587,70.95609173123201,0.8683390044682366,0.8683390044682366,-13.166099553176336,False
Si,10000,1000.0,51.533727,0.051533727,10.8,13.0,0.8307692307692308,81.71473510473587,71.2492712279025,0.8719268457100239,0.8719268457100239,-12.807315428997612,False
Si,10000,1000.0,51.533727,0.051533727,11.2,13.0,0.8615384615384615,81.71473510473587,73.42121170976675,0.8985063907465515,0.8985063907465515,-10.149360925344853,False
Si,10000,1000.0,51.533727,0.051533727,11.6,13.0,0.8923076923076922,81.71473510473587,75.70725509358473,0.9264822922885182,0.9264822922885182,-7.35177077114818,False
Si,10000,1000.0,51.533727,0.051533727,12.0,13.0,0.9230769230769231,81.71473510473587,77.91895329191523,0.9535483801305177,0.9535483801305177,-4.6451619869482315,False
Si,10000,1000.0,51.533727,0.051533727,12.4,13.0,0.9538461538461539,81.71473510473587,79.20855684587782,0.9693301550124857,0.9693301550124857,-3.066984498751435,False
Si,10000,1000.0,51.533727,0.051533727,12.8,13.0,0.9846153846153847,81.71473510473587,79.71156595780853,0.975485827074397,0.975485827074397,-2.4514172925602984,False
Si,10000,1000.0,51.533727,0.051533727,13.2,13.0,1.0153846153846153,81.71473510473587,79.68444444519994,0.9751539222768862,0.9751539222768862,-2.4846077723113758,False
Si,20000,2000.0,51.533727,0.0257668635,0.8,13.0,0.06153846153846154,92.99641250617448,98.22367885936625,1.0562093333744966,1.0562093333744966,5.620933337449663,False
Si,20000,2000.0,51.533727,0.0257668635,1.2,13.0,0.0923076923076923,92.99641250617448,97.77402600317744,1.0513741699088204,1.0513741699088204,5.137416990882038,False
Si,20000,2000.0,51.533727,0.0257668635,1.6,13.0,0.12307692307692308,92.99641250617448,94.50264592303964,1.0161966830361886,1.0161966830361886,1.6196683036188597,False
Si,20000,2000.0,51.533727,0.0257668635,2.0,13.0,0.15384615384615385,92.99641250617448,93.24405628034997,1.002662939004868,1.002662939004868,0.26629390048680257,False
Si,20000,2000.0,51.533727,0.0257668635,2.4,13.0,0.1846153846153846,92.99641250617448,92.08912584978076,0.9902438531558033,0.9902438531558033,-0.9756146844196678,False
Si,20000,2000.0,51.533727,0.0257668635,2.8,13.0,0.21538461538461537,92.99641250617448,91.72762232342625,0.9863565685110274,0.9863565685110274,-1.3643431488972624,False
Si,20000,2000.0,51.533727,0.0257668635,3.2,13.0,0.24615384615384617,92.99641250617448,90.53197699568412,0.973499671180039,0.973499671180039,-2.6500328819961005,False
Si,20000,2000.0,51.533727,0.0257668635,3.6,13.0,0.27692307692307694,92.99641250617448,90.82421931797757,0.9766421829653623,0.9766421829653623,-2.3357817034637685,False
Si,20000,2000.0,51.533727,0.0257668635,4.0,13.0,0.3076923076923077,92.99641250617448,90.13377634021204,0.9692177785269687,0.9692177785269687,-3.0782221473031335,False
Si,20000,2000.0,51.533727,0.0257668635,4.4,13.0,0.3384615384615385,92.99641250617448,89.74217633499084,0.9650068633457493,0.9650068633457493,-3.4993136654250745,False
Si,20000,2000.0,51.533727,0.0257668635,4.8,13.0,0.3692307692307692,92.99641250617448,89.64241006758058,0.9639340663988387,0.9639340663988387,-3.606593360116128,False
Si,20000,2000.0,51.533727,0.0257668635,5.2,13.0,0.4,92.99641250617448,90.23119092732354,0.970265287613462,0.970265287613462,-2.973471238653802,False
Si,20000,2000.0,51.533727,0.0257668635,5.6,13.0,0.43076923076923074,92.99641250617448,89.96304964243019,0.9673819367651103,0.9673819367651103,-3.2618063234889694,False
Si,20000,2000.0,51.533727,0.0257668635,6.0,13.0,0.46153846153846156,92.99641250617448,90.00695455822058,0.9678540508457204,0.9678540508457204,-3.2145949154279596,False
Si,20000,2000.0,51.533727,0.0257668635,6.4,13.0,0.49230769230769234,92.99641250617448,89.71302867389933,0.964693435544547,0.964693435544547,-3.5306564455452993,False
Si,20000,2000.0,51.533727,0.0257668635,6.8,13.0,0.5230769230769231,92.99641250617448,88.20994048711204,0.9485305734912661,0.9485305734912661,-5.146942650873387,False
Si,20000,2000.0,51.533727,0.0257668635,7.2,13.0,0.5538461538461539,92.99641250617448,88.00424785707673,0.9463187394592636,0.9463187394592636,-5.368126054073641,False
Si,20000,2000.0,51.533727,0.0257668635,7.6,13.0,0.5846153846153845,92.99641250617448,87.45604572921395,0.9404238655271495,0.9404238655271495,-5.957613447285048,False
Si,20000,2000.0,51.533727,0.0257668635,8.0,13.0,0.6153846153846154,92.99641250617448,87.17372519363109,0.9373880437360227,0.9373880437360227,-6.261195626397731,False
Si,20000,2000.0,51.533727,0.0257668635,8.4,13.0,0.6461538461538462,92.99641250617448,85.6413162197271,0.9209098922395631,0.9209098922395631,-7.90901077604369,False
Si,20000,2000.0,51.533727,0.0257668635,8.8,13.0,0.676923076923077,92.99641250617448,83.88217961645084,0.9019937151971481,0.9019937151971481,-9.800628480285189,False
Si,20000,2000.0,51.533727,0.0257668635,9.2,13.0,0.7076923076923076,92.99641250617448,83.17089380634644,0.8943451856363204,0.8943451856363204,-10.565481436367962,False
Si,20000,2000.0,51.533727,0.0257668635,9.6,13.0,0.7384615384615384,92.99641250617448,81.23310252484201,0.8735079164419225,0.8735079164419225,-12.649208355807751,False
Si,20000,2000.0,51.533727,0.0257668635,10.0,13.0,0.7692307692307693,92.99641250617448,79.92976262395136,0.8594929682760014,0.8594929682760014,-14.050703172399858,False
Si,20000,2000.0,51.533727,0.0257668635,10.4,13.0,0.8,92.99641250617448,79.43310597476595,0.8541523681840093,0.8541523681840093,-14.584763181599069,False
Si,20000,2000.0,51.533727,0.0257668635,10.8,13.0,0.8307692307692308,92.99641250617448,79.51084616399761,0.8549883164441263,0.8549883164441263,-14.501168355587367,False
Si,20000,2000.0,51.533727,0.0257668635,11.2,13.0,0.8615384615384615,92.99641250617448,82.3230919480459,0.8852286849514768,0.8852286849514768,-11.477131504852323,False
Si,20000,2000.0,51.533727,0.0257668635,11.6,13.0,0.8923076923076922,92.99641250617448,84.09602819353292,0.9042932509676045,0.9042932509676045,-9.570674903239551,False
Si,20000,2000.0,51.533727,0.0257668635,12.0,13.0,0.9230769230769231,92.99641250617448,86.97475343708781,0.9352484799487629,0.9352484799487629,-6.475152005123707,False
Si,20000,2000.0,51.533727,0.0257668635,12.4,13.0,0.9538461538461539,92.99641250617448,88.1969176024681,0.9483905370716562,0.9483905370716562,-5.160946292834378,False
Si,20000,2000.0,51.533727,0.0257668635,12.8,13.0,0.9846153846153847,92.99641250617448,88.83122279277984,0.9552112861007612,0.9552112861007612,-4.478871389923878,False
Si,20000,2000.0,51.533727,0.0257668635,13.2,13.0,1.0153846153846153,92.99641250617448,88.80201242435554,0.9548971840011522,0.9548971840011522,-4.51028159988478,False
Si,50000,5000.0,51.533727,0.0103067454,0.8,13.0,0.06153846153846154,107.11042609230634,107.76944027933816,1.006152661426852,1.006152661426852,0.6152661426851891,False
Si,50000,5000.0,51.533727,0.0103067454,1.2,13.0,0.0923076923076923,107.11042609230634,109.31331463136956,1.0205665183066754,1.0205665183066754,2.056651830667544,False
Si,50000,5000.0,51.533727,0.0103067454,1.6,13.0,0.12307692307692308,107.11042609230634,106.00150126626426,0.989646901179476,0.989646901179476,-1.0353098820524043,False
Si,50000,5000.0,51.533727,0.0103067454,2.0,13.0,0.15384615384615385,107.11042609230634,105.50956092848028,0.9850540678229919,0.9850540678229919,-1.4945932177008125,False
Si,50000,5000.0,51.533727,0.0103067454,2.4,13.0,0.1846153846153846,107.11042609230634,104.55163168020492,0.9761106877691226,0.9761106877691226,-2.3889312230877424,False
Si,50000,5000.0,51.533727,0.0103067454,2.8,13.0,0.21538461538461537,107.11042609230634,105.080989934506,0.9810528607546439,0.9810528607546439,-1.894713924535607,False
Si,50000,5000.0,51.533727,0.0103067454,3.2,13.0,0.24615384615384617,107.11042609230634,103.988437346489,0.9708526157563143,0.9708526157563143,-2.914738424368568,False
Si,50000,5000.0,51.533727,0.0103067454,3.6,13.0,0.27692307692307694,107.11042609230634,103.47245009690806,0.9660352766007754,0.9660352766007754,-3.396472339922463,False
Si,50000,5000.0,51.533727,0.0103067454,4.0,13.0,0.3076923076923077,107.11042609230634,103.4625193679362,0.9659425617331927,0.9659425617331927,-3.4057438266807294,False
Si,50000,5000.0,51.533727,0.0103067454,4.4,13.0,0.3384615384615385,107.11042609230634,103.36537121995283,0.9650355711485447,0.9650355711485447,-3.4964428851455343,False
Si,50000,5000.0,51.533727,0.0103067454,4.8,13.0,0.3692307692307692,107.11042609230634,103.17309315702006,0.9632404325243451,0.9632404325243451,-3.6759567475654897,False
Si,50000,5000.0,51.533727,0.0103067454,5.2,13.0,0.4,107.11042609230634,104.0933802112756,0.9718323790586858,0.9718323790586858,-2.8167620941314198,False
Si,50000,5000.0,51.533727,0.0103067454,5.6,13.0,0.43076923076923074,107.11042609230634,103.65948105627068,0.9677814274302141,0.9677814274302141,-3.2218572569785886,False
Si,50000,5000.0,51.533727,0.0103067454,6.0,13.0,0.46153846153846156,107.11042609230634,103.46072713897748,0.9659258291981436,0.9659258291981436,-3.4074170801856374,False
Si,50000,5000.0,51.533727,0.0103067454,6.4,13.0,0.49230769230769234,107.11042609230634,103.19378278815368,0.9634335942163338,0.9634335942163338,-3.656640578366621,False
Si,50000,5000.0,51.533727,0.0103067454,6.8,13.0,0.5230769230769231,107.11042609230634,101.30214403169585,0.9457729534601516,0.9457729534601516,-5.4227046539848445,False
Si,50000,5000.0,51.533727,0.0103067454,7.2,13.0,0.5538461538461539,107.11042609230634,101.30734984543182,0.9458215557664432,0.9458215557664432,-5.417844423355678,False
Si,50000,5000.0,51.533727,0.0103067454,7.6,13.0,0.5846153846153845,107.11042609230634,100.78933342632176,0.9409852719609467,0.9409852719609467,-5.901472803905328,False
Si,50000,5000.0,51.533727,0.0103067454,8.0,13.0,0.6153846153846154,107.11042609230634,100.27001698222928,0.9361368509151285,0.9361368509151285,-6.386314908487146,False
Si,50000,5000.0,51.533727,0.0103067454,8.4,13.0,0.6461538461538462,107.11042609230634,98.9317239572471,0.9236423340524205,0.9236423340524205,-7.635766594757953,False
Si,50000,5000.0,51.533727,0.0103067454,8.8,13.0,0.676923076923077,107.11042609230634,96.5154278338261,0.9010834085437246,0.9010834085437246,-9.891659145627541,False
Si,50000,5000.0,51.533727,0.0103067454,9.2,13.0,0.7076923076923076,107.11042609230634,95.31464331077989,0.8898726929593109,0.8898726929593109,-11.012730704068908,False
Si,50000,5000.0,51.533727,0.0103067454,9.6,13.0,0.7384615384615384,107.11042609230634,92.70890111873908,0.8655450687764399,0.8655450687764399,-13.445493122356012,False
Si,50000,5000.0,51.533727,0.0103067454,10.0,13.0,0.7692307692307693,107.11042609230634,89.86251403871593,0.8389707455861823,0.8389707455861823,-16.102925441381764,False
Si,50000,5000.0,51.533727,0.0103067454,10.4,13.0,0.8,107.11042609230634,88.41351162988238,0.8254426282805447,0.8254426282805447,-17.45573717194553,False
Si,50000,5000.0,51.533727,0.0103067454,10.8,13.0,0.8307692307692308,107.11042609230634,89.19275033440627,0.8327177249536954,0.8327177249536954,-16.728227504630453,False
Si,50000,5000.0,51.533727,0.0103067454,11.2,13.0,0.8615384615384615,107.11042609230634,92.32579360948507,0.8619683160434815,0.8619683160434815,-13.803168395651856,False
Si,50000,5000.0,51.533727,0.0103067454,11.6,13.0,0.8923076923076922,107.11042609230634,93.55782131654531,0.8734707229706885,0.8734707229706885,-12.65292770293115,False
Si,50000,5000.0,51.533727,0.0103067454,12.0,13.0,0.9230769230769231,107.11042609230634,97.45013927833293,0.909810023483164,0.909810023483164,-9.018997651683602,False
Si,50000,5000.0,51.533727,0.0103067454,12.4,13.0,0.9538461538461539,107.11042609230634,98.57835955873732,0.9203432677392563,0.9203432677392563,-7.965673226074365,False
Si,50000,5000.0,51.533727,0.0103067454,12.8,13.0,0.9846153846153847,107.11042609230634,98.75195314968708,0.9219639651567062,0.9219639651567062,-7.80360348432938,False
Si,50000,5000.0,51.533727,0.0103067454,13.2,13.0,1.0153846153846153,107.11042609230634,98.2283502507716,0.9170755250858559,0.9170755250858559,-8.292447491414412,False
Si,100000,10000.0,51.533727,0.0051533727,0.8,13.0,0.06153846153846154,116.33008951555568,113.2417456618869,0.9734518913676602,0.9734518913676602,-2.6548108632339806,False
Si,100000,10000.0,51.533727,0.0051533727,1.2,13.0,0.0923076923076923,116.33008951555568,115.92920576426708,0.9965539117784742,0.9965539117784742,-0.34460882215258115,False
Si,100000,10000.0,51.533727,0.0051533727,1.6,13.0,0.12307692307692308,116.33008951555568,113.64530412614404,0.976920972032325,0.976920972032325,-2.3079027967675025,False
Si,100000,10000.0,51.533727,0.0051533727,2.0,13.0,0.15384615384615385,116.33008951555568,113.81101111357606,0.9783454271163199,0.9783454271163199,-2.165457288368011,False
Si,100000,10000.0,51.533727,0.0051533727,2.4,13.0,0.1846153846153846,116.33008951555568,113.2304012242596,0.9733543719926253,0.9733543719926253,-2.664562800737469,False
Si,100000,10000.0,51.533727,0.0051533727,2.8,13.0,0.21538461538461537,116.33008951555568,113.89497914622088,0.9790672354893255,0.9790672354893255,-2.0932764510674495,False
Si,100000,10000.0,51.533727,0.0051533727,3.2,13.0,0.24615384615384617,116.33008951555568,112.4831751612307,0.9669310462121619,0.9669310462121619,-3.306895378783814,False
Si,100000,10000.0,51.533727,0.0051533727,3.6,13.0,0.27692307692307694,116.33008951555568,111.50932579558746,0.9585596147991995,0.9585596147991995,-4.144038520080051,False
Si,100000,10000.0,51.533727,0.0051533727,4.0,13.0,0.3076923076923077,116.33008951555568,111.93711927035508,0.9622370251454747,0.9622370251454747,-3.776297485452529,False
Si,100000,10000.0,51.533727,0.0051533727,4.4,13.0,0.3384615384615385,116.33008951555568,111.8824194219629,0.9617668127643102,0.9617668127643102,-3.8233187235689803,False
Si,100000,10000.0,51.533727,0.0051533727,4.8,13.0,0.3692307692307692,116.33008951555568,111.88227910027231,0.9617656065270318,0.9617656065270318,-3.82343934729682,False
Si,100000,10000.0,51.533727,0.0051533727,5.2,13.0,0.4,116.33008951555568,112.91993830996186,0.9706855619230155,0.9706855619230155,-2.931443807698453,False
Si,100000,10000.0,51.533727,0.0051533727,5.6,13.0,0.43076923076923074,116.33008951555568,112.57800443208934,0.9677462202677614,0.9677462202677614,-3.225377973223864,False
Si,100000,10000.0,51.533727,0.0051533727,6.0,13.0,0.46153846153846156,116.33008951555568,112.92507252041132,0.9707296967678423,0.9707296967678423,-2.9270303232157735,False
Si,100000,10000.0,51.533727,0.0051533727,6.4,13.0,0.49230769230769234,116.33008951555568,112.29243221630942,0.9652913763235234,0.9652913763235234,-3.4708623676476646,False
Si,100000,10000.0,51.533727,0.0051533727,6.8,13.0,0.5230769230769231,116.33008951555568,109.88330580620824,0.9445819758568537,0.9445819758568537,-5.541802414314634,False
Si,100000,10000.0,51.533727,0.0051533727,7.2,13.0,0.5538461538461539,116.33008951555568,110.28352202451396,0.9480223258125046,0.9480223258125046,-5.197767418749544,False
Si,100000,10000.0,51.533727,0.0051533727,7.6,13.0,0.5846153846153845,116.33008951555568,109.607245535784,0.9422088987658459,0.9422088987658459,-5.77911012341541,False
Si,100000,10000.0,51.533727,0.0051533727,8.0,13.0,0.6153846153846154,116.33008951555568,109.35467671229584,0.9400377595142563,0.9400377595142563,-5.996224048574373,False
Si,100000,10000.0,51.533727,0.0051533727,8.4,13.0,0.6461538461538462,116.33008951555568,107.71065060838129,0.9259053359017505,0.9259053359017505,-7.409466409824949,False
Si,100000,10000.0,51.533727,0.0051533727,8.8,13.0,0.676923076923077,116.33008951555568,105.4231000161262,0.9062410289130656,0.9062410289130656,-9.375897108693444,False
Si,100000,10000.0,51.533727,0.0051533727,9.2,13.0,0.7076923076923076,116.33008951555568,103.64120850136442,0.8909234827632923,0.8909234827632923,-10.907651723670774,False
Si,100000,10000.0,51.533727,0.0051533727,9.6,13.0,0.7384615384615384,116.33008951555568,100.01004681075936,0.8597091881149631,0.8597091881149631,-14.029081188503689,False
Si,100000,10000.0,51.533727,0.0051533727,10.0,13.0,0.7692307692307693,116.33008951555568,95.86915085284356,0.8241131013659533,0.8241131013659533,-17.58868986340467,False
Si,100000,10000.0,51.533727,0.0051533727,10.4,13.0,0.8,116.33008951555568,93.91039061129942,0.807275151273237,0.807275151273237,-19.272484872676298,False
Si,100000,10000.0,51.533727,0.0051533727,10.8,13.0,0.8307692307692308,116.33008951555568,94.53426353290736,0.81263810529662,0.81263810529662,-18.736189470338005,False
Si,100000,10000.0,51.533727,0.0051533727,11.2,13.0,0.8615384615384615,116.33008951555568,97.9391925718088,0.8419076524368388,0.8419076524368388,-15.809234756316116,False
Si,100000,10000.0,51.533727,0.0051533727,11.6,13.0,0.8923076923076922,116.33008951555568,99.0775344738746,0.8516930992357393,0.8516930992357393,-14.830690076426068,False
Si,100000,10000.0,51.533727,0.0051533727,12.0,13.0,0.9230769230769231,116.33008951555568,104.3281847160142,0.896828887096003,0.896828887096003,-10.317111290399705,False
Si,100000,10000.0,51.533727,0.0051533727,12.4,13.0,0.9538461538461539,116.33008951555568,105.09308110310512,0.9034041110150788,0.9034041110150788,-9.659588898492121,False
Si,100000,10000.0,51.533727,0.0051533727,12.8,13.0,0.9846153846153847,116.33008951555568,104.18382548734748,0.8955879422186467,0.8955879422186467,-10.441205778135332,False
Si,100000,10000.0,51.533727,0.0051533727,13.2,13.0,1.0153846153846153,116.33008951555568,102.59102042919976,0.8818958264059555,0.8818958264059555,-11.810417359404447,False
Si,200000,20000.0,51.533727,0.00257668635,0.8,13.0,0.06153846153846154,123.69286273295442,117.2443539827136,0.9478667676714478,0.9478667676714478,-5.213323232855216,False
Si,200000,20000.0,51.533727,0.00257668635,1.2,13.0,0.0923076923076923,123.69286273295442,121.07700128243252,0.9788519612795332,0.9788519612795332,-2.1148038720466777,False
Si,200000,20000.0,51.533727,0.00257668635,1.6,13.0,0.12307692307692308,123.69286273295442,119.54774180333632,0.9664886005705343,0.9664886005705343,-3.3511399429465683,False
Si,200000,20000.0,51.533727,0.00257668635,2.0,13.0,0.15384615384615385,123.69286273295442,120.54705296186826,0.9745675724404748,0.9745675724404748,-2.543242755952524,False
Si,200000,20000.0,51.533727,0.00257668635,2.4,13.0,0.1846153846153846,123.69286273295442,120.01825754473856,0.970292504296314,0.970292504296314,-2.9707495703686027,False
Si,200000,20000.0,51.533727,0.00257668635,2.8,13.0,0.21538461538461537,123.69286273295442,120.79136959405336,0.9765427602305138,0.9765427602305138,-2.3457239769486216,False
Si,200000,20000.0,51.533727,0.00257668635,3.2,13.0,0.24615384615384617,123.69286273295442,119.50007415674855,0.9661032295350958,0.9661032295350958,-3.3896770464904247,False
Si,200000,20000.0,51.533727,0.00257668635,3.6,13.0,0.27692307692307694,123.69286273295442,117.52476600432,0.9501337701112879,0.9501337701112879,-4.986622988871215,False
Si,200000,20000.0,51.533727,0.00257668635,4.0,13.0,0.3076923076923077,123.69286273295442,118.15319126368796,0.9552142997835996,0.9552142997835996,-4.478570021640039,False
Si,200000,20000.0,51.533727,0.00257668635,4.4,13.0,0.3384615384615385,123.69286273295442,118.96191514330332,0.9617524610141416,0.9617524610141416,-3.824753898585842,False
Si,200000,20000.0,51.533727,0.00257668635,4.8,13.0,0.3692307692307692,123.69286273295442,118.25216039940145,0.9560144198028698,0.9560144198028698,-4.3985580197130165,False
Si,200000,20000.0,51.533727,0.00257668635,5.2,13.0,0.4,123.69286273295442,119.68585088984796,0.9676051491203872,0.9676051491203872,-3.23948508796128,False
Si,200000,20000.0,51.533727,0.00257668635,5.6,13.0,0.43076923076923074,123.69286273295442,119.15995736802392,0.9633535414673297,0.9633535414673297,-3.6646458532670345,False
Si,200000,20000.0,51.533727,0.00257668635,6.0,13.0,0.46153846153846156,123.69286273295442,119.7545993056581,0.9681609484954778,0.9681609484954778,-3.1839051504522153,False
Si,200000,20000.0,51.533727,0.00257668635,6.4,13.0,0.49230769230769234,123.69286273295442,119.23649179176807,0.9639722871415193,0.9639722871415193,-3.602771285848072,False
Si,200000,20000.0,51.533727,0.00257668635,6.8,13.0,0.5230769230769231,123.69286273295442,116.87313340046173,0.9448656197147277,0.9448656197147277,-5.513438028527229,False
Si,200000,20000.0,51.533727,0.00257668635,7.2,13.0,0.5538461538461539,123.69286273295442,116.8671382344533,0.9448171515503084,0.9448171515503084,-5.518284844969157,False
Si,200000,20000.0,51.533727,0.00257668635,7.6,13.0,0.5846153846153845,123.69286273295442,116.01631347843538,0.9379386240652198,0.9379386240652198,-6.206137593478022,False
Si,200000,20000.0,51.533727,0.00257668635,8.0,13.0,0.6153846153846154,123.69286273295442,116.00967871026457,0.9378849850109994,0.9378849850109994,-6.211501498900063,False
Si,200000,20000.0,51.533727,0.00257668635,8.4,13.0,0.6461538461538462,123.69286273295442,114.39364173278732,0.9248200680726132,0.9248200680726132,-7.517993192738681,False
Si,200000,20000.0,51.533727,0.00257668635,8.8,13.0,0.676923076923077,123.69286273295442,111.91089683427111,0.9047482155529064,0.9047482155529064,-9.52517844470936,False
Si,200000,20000.0,51.533727,0.00257668635,9.2,13.0,0.7076923076923076,123.69286273295442,110.1413323864151,0.8904420995106542,0.8904420995106542,-10.955790048934578,False
Si,200000,20000.0,51.533727,0.00257668635,9.6,13.0,0.7384615384615384,123.69286273295442,106.33929080403706,0.8597043390742545,0.8597043390742545,-14.029566092574552,False
Si,200000,20000.0,51.533727,0.00257668635,10.0,13.0,0.7692307692307693,123.69286273295442,100.9633248426554,0.8162421227215773,0.8162421227215773,-18.375787727842273,False
Si,200000,20000.0,51.533727,0.00257668635,10.4,13.0,0.8,123.69286273295442,96.96702971738831,0.7839339115849747,0.7839339115849747,-21.606608841502528,False
Si,200000,20000.0,51.533727,0.00257668635,10.8,13.0,0.8307692307692308,123.69286273295442,98.0953431097667,0.7930558072825006,0.7930558072825006,-20.694419271749943,False
Si,200000,20000.0,51.533727,0.00257668635,11.2,13.0,0.8615384615384615,123.69286273295442,101.58295903599668,0.8212515806615963,0.8212515806615963,-17.87484193384037,False
Si,200000,20000.0,51.533727,0.00257668635,11.6,13.0,0.8923076923076922,123.69286273295442,102.65514142280811,0.8299196829523987,0.8299196829523987,-17.00803170476013,False
Si,200000,20000.0,51.533727,0.00257668635,12.0,13.0,0.9230769230769231,123.69286273295442,110.04770181180344,0.8896851393066221,0.8896851393066221,-11.031486069337792,False
Si,200000,20000.0,51.533727,0.00257668635,12.4,13.0,0.9538461538461539,123.69286273295442,110.20125038512263,0.8909265090180718,0.8909265090180718,-10.907349098192821,False
Si,200000,20000.0,51.533727,0.00257668635,12.8,13.0,0.9846153846153847,123.69286273295442,108.2818047990108,0.8754086727929065,0.8754086727929065,-12.459132720709354,False
Si,200000,20000.0,51.533727,0.00257668635,13.2,13.0,1.0153846153846153,123.69286273295442,105.38602093794616,0.8519975899132382,0.8519975899132382,-14.800241008676185,False
SiC,10,1.0,389.098779,389.098779,1.0,20.0,0.05,3.026034165692008,3.0248867522168497,0.9996208193918736,0.9996208193918736,-0.037918060812636156,False
SiC,10,1.0,389.098779,389.098779,2.0,20.0,0.1,3.026034165692008,3.285811553412131,1.0858474734572985,1.0858474734572985,8.584747345729848,False
SiC,10,1.0,389.098779,389.098779,3.0,20.0,0.15,3.026034165692008,3.270145141312484,1.080670264198637,1.080670264198637,8.067026419863698,False
SiC,10,1.0,389.098779,389.098779,4.0,20.0,0.2,3.026034165692008,3.2320574889348044,1.0680836077723803,1.0680836077723803,6.808360777238032,False
SiC,10,1.0,389.098779,389.098779,5.0,20.0,0.25,3.026034165692008,3.293753028345822,1.0884718572212786,1.0884718572212786,8.84718572212786,False
SiC,10,1.0,389.098779,389.098779,6.0,20.0,0.3,3.026034165692008,3.227519769891611,1.0665840480203324,1.0665840480203324,6.658404802033235,False
SiC,10,1.0,389.098779,389.098779,7.0,20.0,0.35,3.026034165692008,3.2699464550147805,1.080604605224936,1.080604605224936,8.060460522493607,False
SiC,10,1.0,389.098779,389.098779,8.0,20.0,0.4,3.026034165692008,3.2528081879251856,1.0749409986193326,1.0749409986193326,7.494099861933257,False
SiC,10,1.0,389.098779,389.098779,9.0,20.0,0.45,3.026034165692008,3.236989531897854,1.0697134779896327,1.0697134779896327,6.971347798963268,False
SiC,10,1.0,389.098779,389.098779,10.0,20.0,0.5,3.026034165692008,3.215357128071822,1.0625647140823076,1.0625647140823076,6.256471408230757,False
SiC,10,1.0,389.098779,389.098779,11.0,20.0,0.55,3.026034165692008,3.265615387347569,1.079173336630445,1.079173336630445,7.917333663044501,False
SiC,10,1.0,389.098779,389.098779,12.0,20.0,0.6,3.026034165692008,3.230326853037124,1.0675116922542736,1.0675116922542736,6.751169225427356,False
SiC,10,1.0,389.098779,389.098779,13.0,20.0,0.65,3.026034165692008,3.2016977153887836,1.0580507489599358,1.0580507489599358,5.805074895993578,False
SiC,10,1.0,389.098779,389.098779,14.0,20.0,0.7,3.026034165692008,3.2236373035006403,1.0653010266866711,1.0653010266866711,6.530102668667115,False
SiC,10,1.0,389.098779,389.098779,15.0,20.0,0.75,3.026034165692008,3.160684547307427,1.0444973104210233,1.0444973104210233,4.449731042102334,False
SiC,10,1.0,389.098779,389.098779,16.0,20.0,0.8,3.026034165692008,3.0991530890198877,1.024163284128406,1.024163284128406,2.416328412840607,False
SiC,10,1.0,389.098779,389.098779,17.0,20.0,0.85,3.026034165692008,3.1732253677619653,1.0486416193639694,1.0486416193639694,4.864161936396938,False
SiC,10,1.0,389.098779,389.098779,18.0,20.0,0.9,3.026034165692008,3.1506469078897603,1.0411802165390474,1.0,0.0,True
SiC,10,1.0,389.098779,389.098779,24.5,20.0,1.225,3.026034165692008,3.1146578499513193,1.0292870732472528,1.0292870732472528,2.928707324725277,False
SiC,10,1.0,389.098779,389.098779,25.5,20.0,1.275,3.026034165692008,2.984299879993946,0.9862082569419643,0.9862082569419643,-1.3791743058035655,False
SiC,10,1.0,389.098779,389.098779,26.5,20.0,1.325,3.026034165692008,3.098407959594124,1.023917044533952,1.023917044533952,2.3917044533952048,False
SiC,10,1.0,389.098779,389.098779,27.5,20.0,1.375,3.026034165692008,3.126985804875377,1.03336103746875,1.03336103746875,3.3361037468750077,False
SiC,20,2.0,389.098779,194.5493895,1.0,20.0,0.05,5.701500367112766,5.70176007730351,1.0000455512012667,1.0000455512012667,0.0045551201266702535,False
SiC,20,2.0,389.098779,194.5493895,2.0,20.0,0.1,5.701500367112766,6.33467554058187,1.1110541318424474,1.1110541318424474,11.105413184244739,False
SiC,20,2.0,389.098779,194.5493895,3.0,20.0,0.15,5.701500367112766,6.294957858745553,1.1040879511393091,1.1040879511393091,10.408795113930914,False
SiC,20,2.0,389.098779,194.5493895,4.0,20.0,0.2,5.701500367112766,6.242051737796727,1.0948086180616516,1.0948086180616516,9.480861806165164,False
SiC,20,2.0,389.098779,194.5493895,5.0,20.0,0.25,5.701500367112766,6.347795188636156,1.1133552187861513,1.1133552187861513,11.335521878615129,False
SiC,20,2.0,389.098779,194.5493895,6.0,20.0,0.3,5.701500367112766,6.209374090810708,1.089077206173211,1.089077206173211,8.907720617321102,False
SiC,20,2.0,389.098779,194.5493895,7.0,20.0,0.35,5.701500367112766,6.270570953712293,1.0998106726226002,1.0998106726226002,9.981067262260023,False
SiC,20,2.0,389.098779,194.5493895,8.0,20.0,0.4,5.701500367112766,6.231630669216851,1.0929808415276034,1.0929808415276034,9.298084152760344,False
SiC,20,2.0,389.098779,194.5493895,9.0,20.0,0.45,5.701500367112766,6.2110295558458235,1.0893675622073287,1.0893675622073287,8.936756220732867,False
SiC,20,2.0,389.098779,194.5493895,10.0,20.0,0.5,5.701500367112766,6.168350583381209,1.0818819935470523,1.0818819935470523,8.188199354705228,False
SiC,20,2.0,389.098779,194.5493895,11.0,20.0,0.55,5.701500367112766,6.251207732489951,1.0964145102134855,1.0964145102134855,9.641451021348546,False
SiC,20,2.0,389.098779,194.5493895,12.0,20.0,0.6,5.701500367112766,6.162146486847387,1.0807938419844199,1.0807938419844199,8.079384198441986,False
SiC,20,2.0,389.098779,194.5493895,13.0,20.0,0.65,5.701500367112766,6.084188534590796,1.0671206073554675,1.0671206073554675,6.712060735546754,False
SiC,20,2.0,389.098779,194.5493895,14.0,20.0,0.7,5.701500367112766,6.134691224345598,1.0759783967973677,1.0759783967973677,7.597839679736773,False
SiC,20,2.0,389.098779,194.5493895,15.0,20.0,0.75,5.701500367112766,5.972449759023438,1.047522472062539,1.047522472062539,4.75224720625389,False
SiC,20,2.0,389.098779,194.5493895,16.0,20.0,0.8,5.701500367112766,5.877160309149039,1.030809423963122,1.030809423963122,3.080942396312203,False
SiC,20,2.0,389.098779,194.5493895,17.0,20.0,0.85,5.701500367112766,6.0298368931875475,1.0575877409337169,1.0575877409337169,5.758774093371688,False
SiC,20,2.0,389.098779,194.5493895,18.0,20.0,0.9,5.701500367112766,5.986406317451277,1.0499703467497603,1.0,0.0,True
SiC,20,2.0,389.098779,194.5493895,24.5,20.0,1.225,5.701500367112766,5.830094435158802,1.0225544259871995,1.0225544259871995,2.255442598719948,False
SiC,20,2.0,389.098779,194.5493895,25.5,20.0,1.275,5.701500367112766,5.628780800778429,0.9872455386035234,0.9872455386035234,-1.2754461396476624,False
SiC,20,2.0,389.098779,194.5493895,26.5,20.0,1.325,5.701500367112766,5.795094993949996,1.016415788969707,1.016415788969707,1.6415788969706968,False
SiC,20,2.0,389.098779,194.5493895,27.5,20.0,1.375,5.701500367112766,5.850622871210983,1.0261549582559673,1.0261549582559673,2.6154958255967253,False
SiC,50,5.0,389.098779,77.8197558,1.0,20.0,0.05,12.717867560573929,12.719970463672595,1.0001653502907348,1.0001653502907348,0.016535029073483365,False
SiC,50,5.0,389.098779,77.8197558,2.0,20.0,0.1,12.717867560573929,14.512243631089028,1.141090954278983,1.141090954278983,14.10909542789831,False
SiC,50,5.0,389.098779,77.8197558,3.0,20.0,0.15,12.717867560573929,14.313922164469425,1.1254970297727702,1.1254970297727702,12.549702977277022,False
SiC,50,5.0,389.098779,77.8197558,4.0,20.0,0.2,12.717867560573929,14.526290323272598,1.1421954391398819,1.1421954391398819,14.219543913988186,False
SiC,50,5.0,389.098779,77.8197558,5.0,20.0,0.25,12.717867560573929,14.097514921810705,1.1084810291242344,1.1084810291242344,10.84810291242344,False
SiC,50,5.0,389.098779,77.8197558,6.0,20.0,0.3,12.717867560573929,14.230296657250395,1.118921595108057,1.118921595108057,11.892159510805712,False
SiC,50,5.0,389.098779,77.8197558,7.0,20.0,0.35,12.717867560573929,14.095370142885482,1.108312386156771,1.108312386156771,10.831238615677098,False
SiC,50,5.0,389.098779,77.8197558,8.0,20.0,0.4,12.717867560573929,13.809457573487498,1.0858312140549062,1.0858312140549062,8.583121405490623,False
SiC,50,5.0,389.098779,77.8197558,9.0,20.0,0.45,12.717867560573929,13.79477553757415,1.0846767724125932,1.0846767724125932,8.46767724125932,False
SiC,50,5.0,389.098779,77.8197558,10.0,20.0,0.5,12.717867560573929,13.807252008359738,1.0856577914966625,1.0856577914966625,8.565779149666252,False
SiC,50,5.0,389.098779,77.8197558,11.0,20.0,0.55,12.717867560573929,13.873798892750884,1.0908903420067373,1.0908903420067373,9.08903420067373,False
SiC,50,5.0,389.098779,77.8197558,12.0,20.0,0.6,12.717867560573929,13.61567650132902,1.070594298649433,1.070594298649433,7.059429864943301,False
SiC,50,5.0,389.098779,77.8197558,13.0,20.0,0.65,12.717867560573929,13.402656047374805,1.0538445996185521,1.0538445996185521,5.384459961855215,False
SiC,50,5.0,389.098779,77.8197558,14.0,20.0,0.7,12.717867560573929,13.42131554894156,1.0553117875317681,1.0553117875317681,5.531178753176813,False
SiC,50,5.0,389.098779,77.8197558,15.0,20.0,0.75,12.717867560573929,12.914287483931368,1.0154444070455924,1.0154444070455924,1.5444407045592357,False
SiC,50,5.0,389.098779,77.8197558,16.0,20.0,0.8,12.717867560573929,13.111819275675984,1.0309762397843587,1.0309762397843587,3.0976239784358706,False
SiC,50,5.0,389.098779,77.8197558,17.0,20.0,0.85,12.717867560573929,13.499858505038302,1.0614875835701094,1.0614875835701094,6.148758357010942,False
SiC,50,5.0,389.098779,77.8197558,18.0,20.0,0.9,12.717867560573929,13.398273948717287,1.0535000372430874,1.0,0.0,True
SiC,50,5.0,389.098779,77.8197558,24.5,20.0,1.225,12.717867560573929,12.735200444903036,1.0013628766179985,1.0013628766179985,0.13628766179984986,False
SiC,50,5.0,389.098779,77.8197558,25.5,20.0,1.275,12.717867560573929,12.64212500563732,0.9940443981999455,0.9940443981999455,-0.59556018000545,False
SiC,50,5.0,389.098779,77.8197558,26.5,20.0,1.325,12.717867560573929,12.68418829712104,0.9973518152086049,0.9973518152086049,-0.26481847913950585,False
SiC,50,5.0,389.098779,77.8197558,27.5,20.0,1.375,12.717867560573929,12.818415291418464,1.0079060212229478,1.0079060212229478,0.7906021222947812,False
SiC,100,10.0,389.098779,38.9098779,1.0,20.0,0.05,23.085092600568135,23.080726111058073,0.9998108524152095,0.9998108524152095,-0.018914758479049443,False
SiC,100,10.0,389.098779,38.9098779,2.0,20.0,0.1,23.085092600568135,26.705060887616018,1.1568097797865793,1.1568097797865793,15.680977978657928,False
SiC,100,10.0,389.098779,38.9098779,3.0,20.0,0.15,23.085092600568135,26.240162179929772,1.1366712983981702,1.1366712983981702,13.667129839817015,False
SiC,100,10.0,389.098779,38.9098779,4.0,20.0,0.2,23.085092600568135,26.68639024990176,1.1560010051354523,1.1560010051354523,15.600100513545234,False
SiC,100,10.0,389.098779,38.9098779,5.0,20.0,0.25,23.085092600568135,25.887040012376467,1.1213747529754061,1.1213747529754061,12.137475297540611,False
SiC,100,10.0,389.098779,38.9098779,6.0,20.0,0.3,23.085092600568135,25.891686594311825,1.1215760336033747,1.1215760336033747,12.157603360337465,False
SiC,100,10.0,389.098779,38.9098779,7.0,20.0,0.35,23.085092600568135,25.52718008879028,1.1057863414488553,1.1057863414488553,10.578634144885534,False
SiC,100,10.0,389.098779,38.9098779,8.0,20.0,0.4,23.085092600568135,24.961029108921377,1.081261814315056,1.081261814315056,8.126181431505607,False
SiC,100,10.0,389.098779,38.9098779,9.0,20.0,0.45,23.085092600568135,25.074524714970178,1.0861782167749712,1.0861782167749712,8.617821677497117,False
SiC,100,10.0,389.098779,38.9098779,10.0,20.0,0.5,23.085092600568135,25.03109217975564,1.0842968062921963,1.0842968062921963,8.429680629219627,False
SiC,100,10.0,389.098779,38.9098779,11.0,20.0,0.55,23.085092600568135,25.020305994730517,1.0838295703485614,1.0838295703485614,8.382957034856142,False
SiC,100,10.0,389.098779,38.9098779,12.0,20.0,0.6,23.085092600568135,24.37496281218062,1.0558745955206061,1.0558745955206061,5.587459552060614,False
SiC,100,10.0,389.098779,38.9098779,13.0,20.0,0.65,23.085092600568135,23.98773154868191,1.0391005123406591,1.0391005123406591,3.9100512340659144,False
SiC,100,10.0,389.098779,38.9098779,14.0,20.0,0.7,23.085092600568135,23.892887340349628,1.0349920510936834,1.0349920510936834,3.499205109368342,False
SiC,100,10.0,389.098779,38.9098779,15.0,20.0,0.75,23.085092600568135,23.17368825710245,1.0038377864913626,1.0038377864913626,0.38377864913625714,False
SiC,100,10.0,389.098779,38.9098779,16.0,20.0,0.8,23.085092600568135,23.383436863036113,1.0129236762282094,1.0129236762282094,1.2923676228209446,False
SiC,100,10.0,389.098779,38.9098779,17.0,20.0,0.85,23.085092600568135,24.039095093159343,1.041325478268505,1.041325478268505,4.132547826850508,False
SiC,100,10.0,389.098779,38.9098779,18.0,20.0,0.9,23.085092600568135,23.96936314917771,1.0383048300437752,1.0,0.0,True
SiC,100,10.0,389.098779,38.9098779,24.5,20.0,1.225,23.085092600568135,22.926495429762753,0.9931298880385917,0.9931298880385917,-0.6870111961408298,False
SiC,100,10.0,389.098779,38.9098779,25.5,20.0,1.275,23.085092600568135,23.080634864991495,0.9998068998182607,0.9998068998182607,-0.01931001817393474,False
SiC,100,10.0,389.098779,38.9098779,26.5,20.0,1.325,23.085092600568135,22.72636358598904,0.9844605771877967,0.9844605771877967,-1.553942281220333,False
SiC,100,10.0,389.098779,38.9098779,27.5,20.0,1.375,23.085092600568135,22.887985989325735,0.9914617361665878,0.9914617361665878,-0.8538263833412163,False
SiC,200,20.0,389.098779,19.45493895,1.0,20.0,0.05,40.58318244943294,40.60724672485547,1.0005929617632259,1.0005929617632259,0.059296176322587435,False
SiC,200,20.0,389.098779,19.45493895,2.0,20.0,0.1,40.58318244943294,47.29812718603067,1.165461265758658,1.165461265758658,16.546126575865806,False
SiC,200,20.0,389.098779,19.45493895,3.0,20.0,0.15,40.58318244943294,46.32458886028032,1.1414725525284084,1.1414725525284084,14.14725525284084,False
SiC,200,20.0,389.098779,19.45493895,4.0,20.0,0.2,40.58318244943294,47.174986184671255,1.1624269792900488,1.1624269792900488,16.24269792900488,False
SiC,200,20.0,389.098779,19.45493895,5.0,20.0,0.25,40.58318244943294,45.663682742727254,1.1251873309744662,1.1251873309744662,12.51873309744662,False
SiC,200,20.0,389.098779,19.45493895,6.0,20.0,0.3,40.58318244943294,45.119617423872896,1.1117811541786404,1.1117811541786404,11.178115417864042,False
SiC,200,20.0,389.098779,19.45493895,7.0,20.0,0.35,40.58318244943294,44.2488435152431,1.0903246331254977,1.0903246331254977,9.032463312549766,False
SiC,200,20.0,389.098779,19.45493895,8.0,20.0,0.4,40.58318244943294,43.245861527446515,1.0656104060180913,1.0656104060180913,6.561040601809132,False
SiC,200,20.0,389.098779,19.45493895,9.0,20.0,0.45,40.58318244943294,43.69334964411052,1.0766368482450306,1.0766368482450306,7.663684824503059,False
SiC,200,20.0,389.098779,19.45493895,10.0,20.0,0.5,40.58318244943294,43.32702400951489,1.0676103103422412,1.0676103103422412,6.761031034224119,False
SiC,200,20.0,389.098779,19.45493895,11.0,20.0,0.55,40.58318244943294,43.0472114796443,1.0607155201118483,1.0607155201118483,6.071552011184833,False
SiC,200,20.0,389.098779,19.45493895,12.0,20.0,0.6,40.58318244943294,41.70653800771,1.0276803220071953,1.0276803220071953,2.768032200719528,False
SiC,200,20.0,389.098779,19.45493895,13.0,20.0,0.65,40.58318244943294,40.886890279571936,1.0074835883193098,1.0074835883193098,0.7483588319309842,False
SiC,200,20.0,389.098779,19.45493895,14.0,20.0,0.7,40.58318244943294,40.59029818178696,1.00017533697272,1.00017533697272,0.017533697271998605,False
SiC,200,20.0,389.098779,19.45493895,15.0,20.0,0.75,40.58318244943294,39.65715667944912,0.9771820317162743,0.9771820317162743,-2.281796828372573,False
SiC,200,20.0,389.098779,19.45493895,16.0,20.0,0.8,40.58318244943294,40.14309079400659,0.9891558121156538,0.9891558121156538,-1.0844187884346157,False
SiC,200,20.0,389.098779,19.45493895,17.0,20.0,0.85,40.58318244943294,40.99094945373859,1.0100476842794113,1.0100476842794113,1.0047684279411273,False
SiC,200,20.0,389.098779,19.45493895,18.0,20.0,0.9,40.58318244943294,40.96172408608295,1.0093275493394753,1.0,0.0,True
SiC,200,20.0,389.098779,19.45493895,24.5,20.0,1.225,40.58318244943294,40.386837347462674,0.9951619096847588,0.9951619096847588,-0.48380903152411836,False
SiC,200,20.0,389.098779,19.45493895,25.5,20.0,1.275,40.58318244943294,40.982006485346794,1.0098273228426773,1.0098273228426773,0.9827322842677289,False
SiC,200,20.0,389.098779,19.45493895,26.5,20.0,1.325,40.58318244943294,39.75407621887941,0.9795702017310594,0.9795702017310594,-2.0429798268940647,False
SiC,200,20.0,389.098779,19.45493895,27.5,20.0,1.375,40.58318244943294,39.88471282502377,0.9827891855134951,0.9827891855134951,-1.7210814486504855,False
SiC,500,50.0,389.098779,7.781975579999999,1.0,20.0,0.05,78.47497162747905,78.47986078058481,1.0000623020691104,1.0000623020691104,0.006230206911039815,False
SiC,500,50.0,389.098779,7.781975579999999,2.0,20.0,0.1,78.47497162747905,90.73895006967176,1.156278851560595,1.156278851560595,15.627885156059506,False
SiC,500,50.0,389.098779,7.781975579999999,3.0,20.0,0.15,78.47497162747905,88.93680470008194,1.1333142638428115,1.1333142638428115,13.331426384281153,False
SiC,500,50.0,389.098779,7.781975579999999,4.0,20.0,0.2,78.47497162747905,88.55247618081991,1.1284167976661248,1.1284167976661248,12.84167976661248,False
SiC,500,50.0,389.098779,7.781975579999999,5.0,20.0,0.25,78.47497162747905,86.46854900517052,1.1018614879612445,1.1018614879612445,10.18614879612445,False
SiC,500,50.0,389.098779,7.781975579999999,6.0,20.0,0.3,78.47497162747905,83.3773925547069,1.0624711398495263,1.0624711398495263,6.247113984952635,False
SiC,500,50.0,389.098779,7.781975579999999,7.0,20.0,0.35,78.47497162747905,81.58028014919897,1.0395706867720937,1.0395706867720937,3.9570686772093744,False
SiC,500,50.0,389.098779,7.781975579999999,8.0,20.0,0.4,78.47497162747905,80.76444941713874,1.0291746239874777,1.0291746239874777,2.917462398747772,False
SiC,500,50.0,389.098779,7.781975579999999,9.0,20.0,0.45,78.47497162747905,82.1346187827207,1.046634577615574,1.046634577615574,4.66345776155741,False
SiC,500,50.0,389.098779,7.781975579999999,10.0,20.0,0.5,78.47497162747905,80.98974027144095,1.0320454865010913,1.0320454865010913,3.204548650109129,False
SiC,500,50.0,389.098779,7.781975579999999,11.0,20.0,0.55,78.47497162747905,79.42513560051957,1.0121078600391338,1.0121078600391338,1.2107860039133778,False
SiC,500,50.0,389.098779,7.781975579999999,12.0,20.0,0.6,78.47497162747905,76.81450202894156,0.9788407747833316,0.9788407747833316,-2.1159225216668354,False
SiC,500,50.0,389.098779,7.781975579999999,13.0,20.0,0.65,78.47497162747905,74.8610461318997,0.9539480496694581,0.9539480496694581,-4.605195033054188,False
SiC,500,50.0,389.098779,7.781975579999999,14.0,20.0,0.7,78.47497162747905,74.14408495251999,0.9448118733254496,0.9448118733254496,-5.518812667455042,False
SiC,500,50.0,389.098779,7.781975579999999,15.0,20.0,0.75,78.47497162747905,72.94883320798773,0.9295808803127205,0.9295808803127205,-7.041911968727954,False
SiC,500,50.0,389.098779,7.781975579999999,16.0,20.0,0.8,78.47497162747905,75.654318408693,0.96405665194534,0.96405665194534,-3.594334805466004,False
SiC,500,50.0,389.098779,7.781975579999999,17.0,20.0,0.85,78.47497162747905,76.15086266805218,0.9703840739126429,0.9703840739126429,-2.961592608735708,False
SiC,500,50.0,389.098779,7.781975579999999,18.0,20.0,0.9,78.47497162747905,76.34845798866864,0.9729020145568835,1.0,0.0,True
SiC,500,50.0,389.098779,7.781975579999999,24.5,20.0,1.225,78.47497162747905,78.68825221257066,1.0027178166575714,1.0027178166575714,0.2717816657571426,False
SiC,500,50.0,389.098779,7.781975579999999,25.5,20.0,1.275,78.47497162747905,80.31030635936227,1.0233875169856137,1.0233875169856137,2.33875169856137,False
SiC,500,50.0,389.098779,7.781975579999999,26.5,20.0,1.325,78.47497162747905,77.58767832094314,0.9886932956057902,0.9886932956057902,-1.1306704394209777,False
SiC,500,50.0,389.098779,7.781975579999999,27.5,20.0,1.375,78.47497162747905,77.574799114718,0.9885291769580477,0.9885291769580477,-1.147082304195235,False
SiC,1000,100.0,389.098779,3.8909877899999996,1.0,20.0,0.05,119.87601563103668,119.84639819000137,0.9997529327206998,0.9997529327206998,-0.02470672793002393,False
SiC,1000,100.0,389.098779,3.8909877899999996,2.0,20.0,0.1,119.87601563103668,139.93766608691146,1.1673533304411954,1.1673533304411954,16.73533304411954,False
SiC,1000,100.0,389.098779,3.8909877899999996,3.0,20.0,0.15,119.87601563103668,135.88424347116134,1.1335398724745405,1.1335398724745405,13.353987247454047,False
SiC,1000,100.0,389.098779,3.8909877899999996,4.0,20.0,0.2,119.87601563103668,135.45761128585983,1.129980927150443,1.129980927150443,12.998092715044308,False
SiC,1000,100.0,389.098779,3.8909877899999996,5.0,20.0,0.25,119.87601563103668,130.56377065295797,1.0891567422028512,1.0891567422028512,8.91567422028512,False
SiC,1000,100.0,389.098779,3.8909877899999996,6.0,20.0,0.3,119.87601563103668,125.5655639530849,1.0474619405065977,1.0474619405065977,4.746194050659769,False
SiC,1000,100.0,389.098779,3.8909877899999996,7.0,20.0,0.35,119.87601563103668,122.65203694021837,1.0231574372452112,1.0231574372452112,2.3157437245211243,False
SiC,1000,100.0,389.098779,3.8909877899999996,8.0,20.0,0.4,119.87601563103668,121.64664145547096,1.0147704761049452,1.0147704761049452,1.4770476104945196,False
SiC,1000,100.0,389.098779,3.8909877899999996,9.0,20.0,0.45,119.87601563103668,123.1171913293365,1.0270377329546534,1.0270377329546534,2.7037732954653393,False
SiC,1000,100.0,389.098779,3.8909877899999996,10.0,20.0,0.5,119.87601563103668,121.6288923845998,1.0146224142030067,1.0146224142030067,1.4622414203006695,False
SiC,1000,100.0,389.098779,3.8909877899999996,11.0,20.0,0.55,119.87601563103668,119.06651589204584,0.9932471918195682,0.9932471918195682,-0.675280818043178,False
SiC,1000,100.0,389.098779,3.8909877899999996,12.0,20.0,0.6,119.87601563103668,114.75455929555623,0.9572770557269467,0.9572770557269467,-4.272294427305335,False
SiC,1000,100.0,389.098779,3.8909877899999996,13.0,20.0,0.65,119.87601563103668,111.09964398460558,0.9267879266738088,0.9267879266738088,-7.321207332619117,False
SiC,1000,100.0,389.098779,3.8909877899999996,14.0,20.0,0.7,119.87601563103668,109.44453049667092,0.9129810489658535,0.9129810489658535,-8.701895103414648,False
SiC,1000,100.0,389.098779,3.8909877899999996,15.0,20.0,0.75,119.87601563103668,106.94313164844816,0.8921144991806008,0.8921144991806008,-10.788550081939919,False
SiC,1000,100.0,389.098779,3.8909877899999996,16.0,20.0,0.8,119.87601563103668,114.51590028332448,0.9552861736395214,0.9552861736395214,-4.47138263604786,False
SiC,1000,100.0,389.098779,3.8909877899999996,17.0,20.0,0.85,119.87601563103668,114.78640664118916,0.9575427247639536,0.9575427247639536,-4.245727523604637,False
SiC,1000,100.0,389.098779,3.8909877899999996,18.0,20.0,0.9,119.87601563103668,115.66653736987888,0.964884733288817,1.0,0.0,True
SiC,1000,100.0,389.098779,3.8909877899999996,24.5,20.0,1.225,119.87601563103668,120.49992174828138,1.0052045950473112,1.0052045950473112,0.5204595047311189,False
SiC,1000,100.0,389.098779,3.8909877899999996,25.5,20.0,1.275,119.87601563103668,123.15246861293414,1.0273320143704308,1.0273320143704308,2.7332014370430757,False
SiC,1000,100.0,389.098779,3.8909877899999996,26.5,20.0,1.325,119.87601563103668,119.98862521382767,1.0009393837641183,1.0009393837641183,0.09393837641182845,False
SiC,1000,100.0,389.098779,3.8909877899999996,27.5,20.0,1.375,119.87601563103668,119.4166110508058,0.9961676689218227,0.9961676689218227,-0.38323310781772646,False
SiC,2000,200.0,389.098779,1.9454938949999998,1.0,20.0,0.05,169.33102033434335,169.41247127273203,1.0004810160490845,1.0004810160490845,0.04810160490844595,False
SiC,2000,200.0,389.098779,1.9454938949999998,2.0,20.0,0.1,169.33102033434335,198.7009635720117,1.1734469158673793,1.1734469158673793,17.344691586737927,False
SiC,2000,200.0,389.098779,1.9454938949999998,3.0,20.0,0.15,169.33102033434335,190.28607940349977,1.1237520392175087,1.1237520392175087,12.375203921750867,False
SiC,2000,200.0,389.098779,1.9454938949999998,4.0,20.0,0.2,169.33102033434335,189.37514418592804,1.1183724270485564,1.1183724270485564,11.837242704855644,False
SiC,2000,200.0,389.098779,1.9454938949999998,5.0,20.0,0.25,169.33102033434335,181.34584032289916,1.0709546305504603,1.0709546305504603,7.095463055046025,False
SiC,2000,200.0,389.098779,1.9454938949999998,6.0,20.0,0.3,169.33102033434335,174.1772959353566,1.0286201287362722,1.0286201287362722,2.8620128736272177,False
SiC,2000,200.0,389.098779,1.9454938949999998,7.0,20.0,0.35,169.33102033434335,169.30297248470666,0.999834360830158,0.999834360830158,-0.016563916984202454,False
SiC,2000,200.0,389.098779,1.9454938949999998,8.0,20.0,0.4,169.33102033434335,169.41717851531777,1.0005088151054917,1.0005088151054917,0.050881510549172226,False
SiC,2000,200.0,389.098779,1.9454938949999998,9.0,20.0,0.45,169.33102033434335,170.54465198409366,1.0071672139419818,1.0071672139419818,0.7167213941981831,False
SiC,2000,200.0,389.098779,1.9454938949999998,10.0,20.0,0.5,169.33102033434335,169.37416520966286,1.0002547960511565,1.0002547960511565,0.025479605115652504,False
SiC,2000,200.0,389.098779,1.9454938949999998,11.0,20.0,0.55,169.33102033434335,166.05182528370662,0.9806344103746497,0.9806344103746497,-1.9365589625350288,False
SiC,2000,200.0,389.098779,1.9454938949999998,12.0,20.0,0.6,169.33102033434335,160.3859780855274,0.9471742257788679,0.9471742257788679,-5.28257742211321,False
SiC,2000,200.0,389.098779,1.9454938949999998,13.0,20.0,0.65,169.33102033434335,154.46783329750062,0.9122240744342328,0.9122240744342328,-8.77759255657672,False
SiC,2000,200.0,389.098779,1.9454938949999998,14.0,20.0,0.7,169.33102033434335,150.5401864946413,0.8890289930185288,0.8890289930185288,-11.097100698147122,False
SiC,2000,200.0,389.098779,1.9454938949999998,15.0,20.0,0.75,169.33102033434335,145.46159961844657,0.8590369285629608,0.8590369285629608,-14.096307143703923,False
SiC,2000,200.0,389.098779,1.9454938949999998,16.0,20.0,0.8,169.33102033434335,160.446657156785,0.9475325716456665,0.9475325716456665,-5.2467428354333485,False
SiC,2000,200.0,389.098779,1.9454938949999998,17.0,20.0,0.85,169.33102033434335,160.8354026236511,0.9498283439506968,0.9498283439506968,-5.017165604930318,False
SiC,2000,200.0,389.098779,1.9454938949999998,18.0,20.0,0.9,169.33102033434335,162.30995325035872,0.9585364390403981,1.0,0.0,True
SiC,2000,200.0,389.098779,1.9454938949999998,24.5,20.0,1.225,169.33102033434335,169.83861922574954,1.0029976721949938,1.0029976721949938,0.29976721949938057,False
SiC,2000,200.0,389.098779,1.9454938949999998,25.5,20.0,1.275,169.33102033434335,174.32701146386398,1.0295042876352842,1.0295042876352842,2.950428763528423,False
SiC,2000,200.0,389.098779,1.9454938949999998,26.5,20.0,1.325,169.33102033434335,169.79005090116397,1.002710847462646,1.002710847462646,0.2710847462646049,False
SiC,2000,200.0,389.098779,1.9454938949999998,27.5,20.0,1.375,169.33102033434335,169.12368363975938,0.9987755539760252,0.9987755539760252,-0.12244460239747568,False
SiC,5000,500.0,389.098779,0.778197558,1.0,20.0,0.05,237.6383688685415,237.87744835500015,1.0010060643304235,1.0010060643304235,0.10060643304234951,False
SiC,5000,500.0,389.098779,0.778197558,2.0,20.0,0.1,237.6383688685415,280.6777935986036,1.1811131128991672,1.1811131128991672,18.11131128991672,False
SiC,5000,500.0,389.098779,0.778197558,3.0,20.0,0.15,237.6383688685415,260.1473635203984,1.094719530179525,1.094719530179525,9.471953017952494,False
SiC,5000,500.0,389.098779,0.778197558,4.0,20.0,0.2,237.6383688685415,258.6065291429832,1.0882355840695113,1.0882355840695113,8.823558406951125,False
SiC,5000,500.0,389.098779,0.778197558,5.0,20.0,0.25,237.6383688685415,247.25538914028823,1.0404691393798733,1.0404691393798733,4.046913937987329,False
SiC,5000,500.0,389.098779,0.778197558,6.0,20.0,0.3,237.6383688685415,237.09913489789704,0.9977308631884156,0.9977308631884156,-0.22691368115843602,False
SiC,5000,500.0,389.098779,0.778197558,7.0,20.0,0.35,237.6383688685415,229.90325220690536,0.9674500515280211,0.9674500515280211,-3.2549948471978896,False
SiC,5000,500.0,389.098779,0.778197558,8.0,20.0,0.4,237.6383688685415,234.88780016560895,0.9884254015206857,0.9884254015206857,-1.1574598479314302,False
SiC,5000,500.0,389.098779,0.778197558,9.0,20.0,0.45,237.6383688685415,234.536527342086,0.9869472192507288,0.9869472192507288,-1.3052780749271187,False
SiC,5000,500.0,389.098779,0.778197558,10.0,20.0,0.5,237.6383688685415,235.63586787371585,0.9915733262925508,0.9915733262925508,-0.8426673707449206,False
SiC,5000,500.0,389.098779,0.778197558,11.0,20.0,0.55,237.6383688685415,232.98991133349412,0.9804389436050251,0.9804389436050251,-1.9561056394974852,False
SiC,5000,500.0,389.098779,0.778197558,12.0,20.0,0.6,237.6383688685415,225.7740672538117,0.9500741329305581,0.9500741329305581,-4.992586706944191,False
SiC,5000,500.0,389.098779,0.778197558,13.0,20.0,0.65,237.6383688685415,216.20586951754728,0.9098104424254384,0.9098104424254384,-9.01895575745616,False
SiC,5000,500.0,389.098779,0.778197558,14.0,20.0,0.7,237.6383688685415,207.4079730361374,0.8727882371170156,0.8727882371170156,-12.721176288298441,False
SiC,5000,500.0,389.098779,0.778197558,15.0,20.0,0.75,237.6383688685415,196.7859166871833,0.8280898308809834,0.8280898308809834,-17.191016911901656,False
SiC,5000,500.0,389.098779,0.778197558,16.0,20.0,0.8,237.6383688685415,222.9461450790658,0.938174025266083,0.938174025266083,-6.182597473391704,False
SiC,5000,500.0,389.098779,0.778197558,17.0,20.0,0.85,237.6383688685415,223.69595091003703,0.941329264188742,0.941329264188742,-5.867073581125803,False
SiC,5000,500.0,389.098779,0.778197558,18.0,20.0,0.9,237.6383688685415,223.70662184002697,0.9413741682589085,1.0,0.0,True
SiC,5000,500.0,389.098779,0.778197558,24.5,20.0,1.225,237.6383688685415,237.00398022930068,0.9973304452380257,0.9973304452380257,-0.266955476197428,False
SiC,5000,500.0,389.098779,0.778197558,25.5,20.0,1.275,237.6383688685415,243.95705392189384,1.0265894985032815,1.0265894985032815,2.6589498503281517,False
SiC,5000,500.0,389.098779,0.778197558,26.5,20.0,1.325,237.6383688685415,237.90237890216463,1.0011109739343866,1.0011109739343866,0.11109739343866387,False
SiC,5000,500.0,389.098779,0.778197558,27.5,20.0,1.375,237.6383688685415,236.01494220234116,0.99316849937184,0.99316849937184,-0.6831500628159959,False
SiC,10000,1000.0,389.098779,0.389098779,1.0,20.0,0.05,284.93805157968376,284.7617240098357,0.9993811722622846,0.9993811722622846,-0.061882773771537725,False
SiC,10000,1000.0,389.098779,0.389098779,2.0,20.0,0.1,284.93805157968376,324.6107374396729,1.1392326705403002,1.1392326705403002,13.92326705403002,False
SiC,10000,1000.0,389.098779,0.389098779,3.0,20.0,0.15,284.93805157968376,299.7532646719967,1.0519945055080502,1.0519945055080502,5.199450550805018,False
SiC,10000,1000.0,389.098779,0.389098779,4.0,20.0,0.2,284.93805157968376,297.087939695717,1.042640454824039,1.042640454824039,4.264045482403911,False
SiC,10000,1000.0,389.098779,0.389098779,5.0,20.0,0.25,284.93805157968376,287.20575675450925,1.007958590164611,1.007958590164611,0.795859016461109,False
SiC,10000,1000.0,389.098779,0.389098779,6.0,20.0,0.3,284.93805157968376,277.6916515930112,0.9745685072720234,0.9745685072720234,-2.5431492727976623,False
SiC,10000,1000.0,389.098779,0.389098779,7.0,20.0,0.35,284.93805157968376,269.16247115212354,0.9446350519346184,0.9446350519346184,-5.536494806538162,False
SiC,10000,1000.0,389.098779,0.389098779,8.0,20.0,0.4,284.93805157968376,279.4493520708653,0.9807372182185238,0.9807372182185238,-1.9262781781476224,False
SiC,10000,1000.0,389.098779,0.389098779,9.0,20.0,0.45,284.93805157968376,278.12407751815124,0.9760861210927914,0.9760861210927914,-2.391387890720864,False
SiC,10000,1000.0,389.098779,0.389098779,10.0,20.0,0.5,284.93805157968376,280.94595501244913,0.9859895982824947,0.9859895982824947,-1.4010401717505339,False
SiC,10000,1000.0,389.098779,0.389098779,11.0,20.0,0.55,284.93805157968376,279.28524847350036,0.9801612909372949,0.9801612909372949,-1.9838709062705129,False
SiC,10000,1000.0,389.098779,0.389098779,12.0,20.0,0.6,284.93805157968376,271.6585134390302,0.9533949991339085,0.9533949991339085,-4.660500086609154,False
SiC,10000,1000.0,389.098779,0.389098779,13.0,20.0,0.65,284.93805157968376,260.045145109753,0.9126374791575725,0.9126374791575725,-8.736252084242746,False
SiC,10000,1000.0,389.098779,0.389098779,14.0,20.0,0.7,284.93805157968376,246.83112904490736,0.8662624302948893,0.8662624302948893,-13.373756970511074,False
SiC,10000,1000.0,389.098779,0.389098779,15.0,20.0,0.75,284.93805157968376,232.34657933981035,0.8154283994422343,0.8154283994422343,-18.457160055776566,False
SiC,10000,1000.0,389.098779,0.389098779,16.0,20.0,0.8,284.93805157968376,265.9129725688459,0.9332308236637272,0.9332308236637272,-6.676917633627277,False
SiC,10000,1000.0,389.098779,0.389098779,17.0,20.0,0.85,284.93805157968376,265.2957620789877,0.9310647019876774,0.9310647019876774,-6.893529801232257,False
SiC,10000,1000.0,389.098779,0.389098779,18.0,20.0,0.9,284.93805157968376,263.2278004092299,0.9238071185996635,1.0,0.0,True
SiC,10000,1000.0,389.098779,0.389098779,24.5,20.0,1.225,284.93805157968376,282.5693044655239,0.9916867996358238,0.9916867996358238,-0.8313200364176154,False
SiC,10000,1000.0,389.098779,0.389098779,25.5,20.0,1.275,284.93805157968376,291.12880259128156,1.021726655942499,1.021726655942499,2.1726655942498896,False
SiC,10000,1000.0,389.098779,0.389098779,26.5,20.0,1.325,284.93805157968376,282.92208558895885,0.9929248972555667,0.9929248972555667,-0.7075102744433348,False
SiC,10000,1000.0,389.098779,0.389098779,27.5,20.0,1.375,284.93805157968376,280.27960335728454,0.9836510139780454,0.9836510139780454,-1.634898602195456,False
SiC,20000,2000.0,389.098779,0.1945493895,1.0,20.0,0.05,325.6686056174204,325.0316909833165,0.9980442860530065,0.9980442860530065,-0.19557139469934537,False
SiC,20000,2000.0,389.098779,0.1945493895,2.0,20.0,0.1,325.6686056174204,354.31732405033324,1.0879689289626153,1.0879689289626153,8.796892896261532,False
SiC,20000,2000.0,389.098779,0.1945493895,3.0,20.0,0.15,325.6686056174204,332.18493831462854,1.0200090907898665,1.0200090907898665,2.0009090789866457,False
SiC,20000,2000.0,389.098779,0.1945493895,4.0,20.0,0.2,325.6686056174204,329.3977764820764,1.0114508147249441,1.0114508147249441,1.1450814724944136,False
SiC,20000,2000.0,389.098779,0.1945493895,5.0,20.0,0.25,325.6686056174204,319.8228469553991,0.9820499779186925,0.9820499779186925,-1.795002208130747,False
SiC,20000,2000.0,389.098779,0.1945493895,6.0,20.0,0.3,325.6686056174204,312.34690427113003,0.9590943028695249,0.9590943028695249,-4.090569713047509,False
SiC,20000,2000.0,389.098779,0.1945493895,7.0,20.0,0.35,325.6686056174204,303.45112729966246,0.9317788760275594,0.9317788760275594,-6.822112397244062,False
SiC,20000,2000.0,389.098779,0.1945493895,8.0,20.0,0.4,325.6686056174204,317.63115980193305,0.9753201700229917,0.9753201700229917,-2.467982997700835,False
SiC,20000,2000.0,389.098779,0.1945493895,9.0,20.0,0.45,325.6686056174204,316.2119914715424,0.970962463121216,0.970962463121216,-2.9037536878783965,False
SiC,20000,2000.0,389.098779,0.1945493895,10.0,20.0,0.5,325.6686056174204,320.1227451620298,0.9829708471749175,0.9829708471749175,-1.702915282508255,False
SiC,20000,2000.0,389.098779,0.1945493895,11.0,20.0,0.55,325.6686056174204,318.8256721726767,0.9789880469694938,0.9789880469694938,-2.101195303050618,False
SiC,20000,2000.0,389.098779,0.1945493895,12.0,20.0,0.6,325.6686056174204,310.9700694708793,0.9548665855627232,0.9548665855627232,-4.513341443727681,False
SiC,20000,2000.0,389.098779,0.1945493895,13.0,20.0,0.65,325.6686056174204,297.7608163720204,0.9143061727043327,0.9143061727043327,-8.569382729566733,False
SiC,20000,2000.0,389.098779,0.1945493895,14.0,20.0,0.7,325.6686056174204,281.28398182710436,0.8637123043955397,0.8637123043955397,-13.628769560446031,False
SiC,20000,2000.0,389.098779,0.1945493895,15.0,20.0,0.75,325.6686056174204,263.6427923570095,0.8095431607759092,0.8095431607759092,-19.045683922409083,False
SiC,20000,2000.0,389.098779,0.1945493895,16.0,20.0,0.8,325.6686056174204,303.7265628558219,0.9326246301205499,0.9326246301205499,-6.737536987945014,False
SiC,20000,2000.0,389.098779,0.1945493895,17.0,20.0,0.85,325.6686056174204,300.56485069967414,0.9229162575552741,0.9229162575552741,-7.708374244472593,False
SiC,20000,2000.0,389.098779,0.1945493895,18.0,20.0,0.9,325.6686056174204,295.0293730743244,0.9059189863112275,1.0,0.0,True
SiC,20000,2000.0,389.098779,0.1945493895,24.5,20.0,1.225,325.6686056174204,321.71672305153464,0.9878653253714967,0.9878653253714967,-1.2134674628503261,False
SiC,20000,2000.0,389.098779,0.1945493895,25.5,20.0,1.275,325.6686056174204,331.49321555633554,1.0178850826835844,1.0178850826835844,1.7885082683584352,False
SiC,20000,2000.0,389.098779,0.1945493895,26.5,20.0,1.325,325.6686056174204,320.16232627240464,0.98309238517303,0.98309238517303,-1.6907614826970008,False
SiC,20000,2000.0,389.098779,0.1945493895,27.5,20.0,1.375,325.6686056174204,316.56491223062625,0.9720461437493035,0.9720461437493035,-2.7953856250696463,False
SiC,50000,5000.0,389.098779,0.0778197558,1.0,20.0,0.05,369.6742539467768,369.7968306797403,1.0003315803890989,1.0003315803890989,0.03315803890988622,False
SiC,50000,5000.0,389.098779,0.0778197558,2.0,20.0,0.1,369.6742539467768,385.55354656123507,1.0429548242673792,1.0429548242673792,4.295482426737918,False
SiC,50000,5000.0,389.098779,0.0778197558,3.0,20.0,0.15,369.6742539467768,372.9310706484627,1.0088099635474068,1.0088099635474068,0.8809963547406818,False
SiC,50000,5000.0,389.098779,0.0778197558,4.0,20.0,0.2,369.6742539467768,365.76757957055577,0.9894321166959507,0.9894321166959507,-1.0567883304049341,False
SiC,50000,5000.0,389.098779,0.0778197558,5.0,20.0,0.25,369.6742539467768,358.34730962928097,0.9693596613868419,0.9693596613868419,-3.064033861315807,False
SiC,50000,5000.0,389.098779,0.0778197558,6.0,20.0,0.3,369.6742539467768,353.2089101381477,0.9554598578807177,0.9554598578807177,-4.454014211928225,False
SiC,50000,5000.0,389.098779,0.0778197558,7.0,20.0,0.35,369.6742539467768,342.0826538997195,0.9253623974283323,0.9253623974283323,-7.463760257166774,False
SiC,50000,5000.0,389.098779,0.0778197558,8.0,20.0,0.4,369.6742539467768,360.61896859118946,0.975504690253893,0.975504690253893,-2.449530974610703,False
SiC,50000,5000.0,389.098779,0.0778197558,9.0,20.0,0.45,369.6742539467768,358.96924220695405,0.9710420414039329,0.9710420414039329,-2.895795859606709,False
SiC,50000,5000.0,389.098779,0.0778197558,10.0,20.0,0.5,369.6742539467768,363.7730619544979,0.9840367785170983,0.9840367785170983,-1.5963221482901746,False
SiC,50000,5000.0,389.098779,0.0778197558,11.0,20.0,0.55,369.6742539467768,362.9362528916424,0.9817731395053969,0.9817731395053969,-1.8226860494603092,False
SiC,50000,5000.0,389.098779,0.0778197558,12.0,20.0,0.6,369.6742539467768,353.9326367713264,0.9574175993935548,0.9574175993935548,-4.258240060644525,False
SiC,50000,5000.0,389.098779,0.0778197558,13.0,20.0,0.65,369.6742539467768,340.77404423113325,0.9218224980314578,0.9218224980314578,-7.817750196854223,False
SiC,50000,5000.0,389.098779,0.0778197558,14.0,20.0,0.7,369.6742539467768,322.5093546723783,0.8724149740728524,0.8724149740728524,-12.758502592714759,False
SiC,50000,5000.0,389.098779,0.0778197558,15.0,20.0,0.75,369.6742539467768,302.25294804306134,0.8176196876468916,0.8176196876468916,-18.238031235310835,False
SiC,50000,5000.0,389.098779,0.0778197558,16.0,20.0,0.8,369.6742539467768,345.9352659432691,0.9357840375680436,0.9357840375680436,-6.421596243195637,False
SiC,50000,5000.0,389.098779,0.0778197558,17.0,20.0,0.85,369.6742539467768,342.5277519193701,0.926566425068609,0.926566425068609,-7.343357493139102,False
SiC,50000,5000.0,389.098779,0.0778197558,18.0,20.0,0.9,369.6742539467768,331.39295698031333,0.8964458667116836,1.0,0.0,True
SiC,50000,5000.0,389.098779,0.0778197558,24.5,20.0,1.225,369.6742539467768,363.1846302959038,0.9824450213083886,0.9824450213083886,-1.7554978691611378,False
SiC,50000,5000.0,389.098779,0.0778197558,25.5,20.0,1.275,369.6742539467768,374.4096910499539,1.012809756299282,1.012809756299282,1.2809756299281938,False
SiC,50000,5000.0,389.098779,0.0778197558,26.5,20.0,1.325,369.6742539467768,362.32734476467886,0.9801259917247154,0.9801259917247154,-1.9874008275284627,False
SiC,50000,5000.0,389.098779,0.0778197558,27.5,20.0,1.375,369.6742539467768,355.9121063372359,0.9627722313290386,0.9627722313290386,-3.7227768670961447,False
SiC,100000,10000.0,389.098779,0.0389098779,1.0,20.0,0.05,404.4989785051613,401.9374683721086,0.9936674496867239,0.9936674496867239,-0.6332550313276064,False
SiC,100000,10000.0,389.098779,0.0389098779,2.0,20.0,0.1,404.4989785051613,407.78872449122144,1.008132890713884,1.008132890713884,0.8132890713884011,False
SiC,100000,10000.0,389.098779,0.0389098779,3.0,20.0,0.15,404.4989785051613,403.0902893130798,0.9965174468492174,0.9965174468492174,-0.3482553150782608,False
SiC,100000,10000.0,389.098779,0.0389098779,4.0,20.0,0.2,404.4989785051613,392.32312166081033,0.9698989181892443,0.9698989181892443,-3.010108181075566,False
SiC,100000,10000.0,389.098779,0.0389098779,5.0,20.0,0.25,404.4989785051613,384.5560518855192,0.9506972138882975,0.9506972138882975,-4.930278611170246,False
SiC,100000,10000.0,389.098779,0.0389098779,6.0,20.0,0.3,404.4989785051613,381.23649014830227,0.9424906128494408,0.9424906128494408,-5.75093871505592,False
SiC,100000,10000.0,389.098779,0.0389098779,7.0,20.0,0.35,404.4989785051613,367.36585094783305,0.9081997000473157,0.9081997000473157,-9.180029995268434,False
SiC,100000,10000.0,389.098779,0.0389098779,8.0,20.0,0.4,404.4989785051613,389.2971535638341,0.9624181376242136,0.9624181376242136,-3.7581862375786423,False
SiC,100000,10000.0,389.098779,0.0389098779,9.0,20.0,0.45,404.4989785051613,386.9745947202531,0.9566763212859768,0.9566763212859768,-4.332367871402321,False
SiC,100000,10000.0,389.098779,0.0389098779,10.0,20.0,0.5,404.4989785051613,394.6494679077678,0.975650097723874,0.975650097723874,-2.434990227612599,False
SiC,100000,10000.0,389.098779,0.0389098779,11.0,20.0,0.55,404.4989785051613,392.0879451346093,0.9693175161618025,0.9693175161618025,-3.0682483838197494,False
SiC,100000,10000.0,389.098779,0.0389098779,12.0,20.0,0.6,404.4989785051613,383.6602367025972,0.9484825848520698,0.9484825848520698,-5.151741514793018,False
SiC,100000,10000.0,389.098779,0.0389098779,13.0,20.0,0.65,404.4989785051613,370.2398311640095,0.9153047370656966,0.9153047370656966,-8.469526293430341,False
SiC,100000,10000.0,389.098779,0.0389098779,14.0,20.0,0.7,404.4989785051613,352.4539755349112,0.8713346491934688,0.8713346491934688,-12.866535080653119,False
SiC,100000,10000.0,389.098779,0.0389098779,15.0,20.0,0.75,404.4989785051613,330.18119095957684,0.8162720019214185,0.8162720019214185,-18.372799807858154,False
SiC,100000,10000.0,389.098779,0.0389098779,16.0,20.0,0.8,404.4989785051613,377.3447703203472,0.932869525937585,0.932869525937585,-6.713047406241501,False
SiC,100000,10000.0,389.098779,0.0389098779,17.0,20.0,0.85,404.4989785051613,371.8168283574083,0.9192033802692633,0.9192033802692633,-8.079661973073671,False
SiC,100000,10000.0,389.098779,0.0389098779,18.0,20.0,0.9,404.4989785051613,358.29075865839775,0.8857643101658069,1.0,0.0,True
SiC,100000,10000.0,389.098779,0.0389098779,24.5,20.0,1.225,404.4989785051613,389.66618371047025,0.9633304517862911,0.9633304517862911,-3.6669548213708936,False
SiC,100000,10000.0,389.098779,0.0389098779,25.5,20.0,1.275,404.4989785051613,406.9325927463683,1.0060163668402835,1.0060163668402835,0.6016366840283505,False
SiC,100000,10000.0,389.098779,0.0389098779,26.5,20.0,1.325,404.4989785051613,392.837870564913,0.9711714774080709,0.9711714774080709,-2.882852259192914,False
SiC,100000,10000.0,389.098779,0.0389098779,27.5,20.0,1.375,404.4989785051613,383.1997374553691,0.9473441413164893,0.9473441413164893,-5.265585868351074,False
SiC,200000,20000.0,389.098779,0.01945493895,1.0,20.0,0.05,431.7664617607767,432.73087593041794,1.0022336477124887,1.0022336477124887,0.22336477124886844,False
SiC,200000,20000.0,389.098779,0.01945493895,2.0,20.0,0.1,431.7664617607767,431.6494539091045,0.9997290019905785,0.9997290019905785,-0.02709980094215414,False
SiC,200000,20000.0,389.098779,0.01945493895,3.0,20.0,0.15,431.7664617607767,432.2904427489093,1.001213575009962,1.001213575009962,0.1213575009961998,False
SiC,200000,20000.0,389.098779,0.01945493895,4.0,20.0,0.2,431.7664617607767,415.8664210193106,0.9631744423209148,0.9631744423209148,-3.682555767908524,False
SiC,200000,20000.0,389.098779,0.01945493895,5.0,20.0,0.25,431.7664617607767,408.62702400607634,0.9464075147005723,0.9464075147005723,-5.359248529942773,False
SiC,200000,20000.0,389.098779,0.01945493895,6.0,20.0,0.3,431.7664617607767,407.4717779990043,0.9437318876906353,0.9437318876906353,-5.626811230936468,False
SiC,200000,20000.0,389.098779,0.01945493895,7.0,20.0,0.35,431.7664617607767,389.1196580657697,0.9012271506195965,0.9012271506195965,-9.877284938040354,False
SiC,200000,20000.0,389.098779,0.01945493895,8.0,20.0,0.4,431.7664617607767,417.0970212530413,0.9660245947591384,0.9660245947591384,-3.3975405240861623,False
SiC,200000,20000.0,389.098779,0.01945493895,9.0,20.0,0.45,431.7664617607767,413.86430321178494,0.9585374035862226,0.9585374035862226,-4.146259641377736,False
SiC,200000,20000.0,389.098779,0.01945493895,10.0,20.0,0.5,431.7664617607767,424.48386678126616,0.9831330230008798,0.9831330230008798,-1.686697699912021,False
SiC,200000,20000.0,389.098779,0.01945493895,11.0,20.0,0.55,431.7664617607767,423.62507035368935,0.981143993042243,0.981143993042243,-1.885600695775702,False
SiC,200000,20000.0,389.098779,0.01945493895,12.0,20.0,0.6,431.7664617607767,412.7777923764231,0.9560209718306598,0.9560209718306598,-4.397902816934018,False
SiC,200000,20000.0,389.098779,0.01945493895,13.0,20.0,0.65,431.7664617607767,396.2485175913042,0.9177380660261857,0.9177380660261857,-8.226193397381431,False
SiC,200000,20000.0,389.098779,0.01945493895,14.0,20.0,0.7,431.7664617607767,379.8025159492429,0.879648026389959,0.879648026389959,-12.035197361004101,False
SiC,200000,20000.0,389.098779,0.01945493895,15.0,20.0,0.75,431.7664617607767,358.60255531299833,0.8305474998002152,0.8305474998002152,-16.945250019978474,False
SiC,200000,20000.0,389.098779,0.01945493895,16.0,20.0,0.8,431.7664617607767,406.7732747004901,0.9421141073385774,0.9421141073385774,-5.788589266142264,False
SiC,200000,20000.0,389.098779,0.01945493895,17.0,20.0,0.85,431.7664617607767,399.85307438819706,0.9260864606240272,0.9260864606240272,-7.3913539375972785,False
SiC,200000,20000.0,389.098779,0.01945493895,18.0,20.0,0.9,431.7664617607767,386.57681877932106,0.8953377647787445,1.0,0.0,True
SiC,200000,20000.0,389.098779,0.01945493895,24.5,20.0,1.225,431.7664617607767,409.4342837333286,0.9482771822147191,0.9482771822147191,-5.172281778528087,False
SiC,200000,20000.0,389.098779,0.01945493895,25.5,20.0,1.275,431.7664617607767,432.3611130718752,1.0013772522040585,1.0013772522040585,0.13772522040584878,False
SiC,200000,20000.0,389.098779,0.01945493895,26.5,20.0,1.325,431.7664617607767,420.4541518182116,0.9737999336575781,0.9737999336575781,-2.620006634242189,False
SiC,200000,20000.0,389.098779,0.01945493895,27.5,20.0,1.375,431.7664617607767,409.94536279282806,0.949460875495145,0.949460875495145,-5.053912450485498,False
